# program	kind	address	name	evidence
LFFEEE-stock.bin	function	429e8	Config_ReadTransmissionSelector	Reads B8296 unless FF; FF takes configuration fallback.
LFFEEE-stock.bin	function	34c1e	CAN216_Receive	Poll descriptor 3790C only if mode bit 40 clear and FFFF734C == 1.
LFFEEE-stock.bin	function	35034	CAN216_Unpack	BE words bytes 0-1,2-3,5-6 and bytes 4,7. Paired code verified.
LFFEEE-stock.bin	function	34cec	CAN216_Normalize	Mode-gated decode and validity; word0 minus 512 -> FFFF6A34.
LFFEEE-stock.bin	function	34eb8	CAN216_UpdateWord1Limit	Second word recovery and sentinel logic -> FFFF6A30; physical role under investigation.
LFFEEE-stock.bin	function	35156	CAN218_Receive	Poll descriptor 3791C only if mode bit 40 clear and FFFF734C == 1.
LFFEEE-stock.bin	function	35420	CAN218_Unpack	Byte layout verified against actual LFG1TF000 packers.
LFFEEE-stock.bin	function	35218	CAN218_Normalize	word0*0.05-200; byte2-50; word4 numeric/sentinel; byte6*2-100 with cap.
LFFEEE-stock.bin	function	3579c	CAN231_Receive	Active AT receives frame 231; see mutually gated ECU transmitter.
LFFEEE-stock.bin	function	35bb8	CAN231_Unpack	Reads only byte0, byte1 and BE word at bytes2-3.
LFFEEE-stock.bin	function	3585c	CAN231_NormalizeState	High nibble1..6 -> six flags; low nibble0..6 -> seven flags. Exhaustively verified.
LFFEEE-stock.bin	function	36d52	CAN231_TransmitWhenNonAT	25-count threshold after u16 increment; sends when mode bit40 set OR734C==0. Initializer36D40 seedsFFFE and falls through for an immediate eligible attempt.6144 admission cases stop before driver6A48; no hardware transmission claim. See mt-can231.txt.
LFFEEE-stock.bin	function	36db0	CAN231_PackWhenNonAT	65536 mode/configuration cases verify mode40 OR734C==0 packing. MT producer gives FF,flags,FF,FF,0,0,0,0 with flags bit2 from723A. Non-MT configuration0 can pack retained fields; not an unconditional MT conversion. See mt-can231.txt.
LFFEEE-stock.bin	function	365d0	CAN201_Pack	First BE word paired with TCU getter1C890; bytes4-5 encode6B38 speed candidate. CAN4B0/CAN216 paths executed; PRHT consumption unproven.
LFFEEE-stock.bin	function	2ef94	CAN218_Field0_Average8	Averages eight received normalized field0 samples; physical role unresolved.
LFFEEE-stock.bin	function	3b584	CAN216_SelectWord0	Selects6A34 into6E04 under local gates; now executed fromTCU18F10 through3B5C6/5295C to per-cylinder spark. MT/local substitutions remain distinct; spark-interaction.txt.
LFFEEE-stock.bin	function	3519e	CAN218_DecrementReceiptCounter	Counter FFFF6A90; B824A reload under network/reset states.
LFFEEE-stock.bin	function	34c66	CAN216_DecrementReceiptCounter	Counter FFFF6A5D; B8249 reload under network/reset states.
LFFEEE-stock.bin	function	357e4	CAN231_DecrementReceiptCounter	Counter FFFF6AD8; B824B reload under network/reset states.
LFFEEE-stock.bin	u8	b8296	TransmissionSelector	Stock0 -> mode80; comparison MT selector1 -> mode40.
LFFEEE-stock.bin	u8	ffff734a	TransmissionModeFlags	AT80 / MT40; assigned by init42728.
LFFEEE-stock.bin	u8	ffff734c	ATReceiveConfigurationGate	Must equal1 for AT receive/normalize. Physical configuration meaning unresolved.
LFFEEE-stock.bin	f32	ffff6a70	CAN218_Field0	word0*0.05-200; invalid -> 0; physical units unresolved.
LFFEEE-stock.bin	f32	ffff6a74	CAN218_Byte2Minus50	Temperature-like encoding; physical attribution remains unconfirmed.
LFFEEE-stock.bin	f32	ffff6a78	CAN218_Word4Value	65537 invalid sentinel; stock TCU sender keeps payload word FFFF.
LFFEEE-stock.bin	f32	ffff6a80	CAN218_Byte6Request	2*byte6-100; cap50; invalid -10000. Candidate torque input.
LFFEEE-stock.bin	f32	ffff6a34	CAN216_Word0Minus512	Candidate torque request; invalid65537.
LFFEEE-stock.bin	f32	ffff6a30	CAN216_Word1Limit	A6B04 applies min to combined CAN211/21A input after division, before71C4 offset. FullA6490 and paired TCU80BC/216 generation verified in numeric-arbitration.txt.
LFFEEE-stock.bin	u8	ffff6a5d	CAN216_ReceiptCounter	Reload B8249 after fresh frame; separately decremented.
LFFEEE-stock.bin	u8	ffff6a90	CAN218_ReceiptCounter	Reload B824A after fresh frame; separately decremented.
LFFEEE-stock.bin	u8	ffff6ad8	CAN231_ReceiptCounter	Reload B824B after fresh frame; separately decremented.
LFFEEE-stock.bin	label	ffff6a40	CAN216_RxBuffer	Verified descriptor/buffer identity; see research/ecu-at-can/README.txt.
LFFEEE-stock.bin	label	ffff6a68	CAN218_RxBuffer	Verified descriptor/buffer identity; see research/ecu-at-can/README.txt.
LFFEEE-stock.bin	label	ffff6abc	CAN231_RxBuffer	Verified descriptor/buffer identity; see research/ecu-at-can/README.txt.
LFFEEE-stock.bin	label	ffff6b2c	CAN201_TxBuffer	Verified descriptor/buffer identity; see research/ecu-at-can/README.txt.
LFFEEE-stock.bin	label	3790c	CAN216_RxDescriptor	Verified descriptor/buffer identity; see research/ecu-at-can/README.txt.
LFFEEE-stock.bin	label	3791c	CAN218_RxDescriptor	Verified descriptor/buffer identity; see research/ecu-at-can/README.txt.
LFFEEE-stock.bin	label	3793c	CAN231_TxDescriptor	Verified descriptor/buffer identity; see research/ecu-at-can/README.txt.
LFFEEE-stock.bin	label	3794c	CAN231_RxDescriptor	Verified descriptor/buffer identity; see research/ecu-at-can/README.txt.
LFG1TF000.bin	function	1b26c	HCAN_Transmit	IDs5C864, DLC5C86E, buffers5C874. HCAN baseFFFFE400; register ID byte order differs from CPU.
LFG1TF000.bin	function	18f10	CAN216_Build	Sources FFFF915A and GBR+BC: (signed16 >>5)+512, lower bound0. Source7FFF or mode0 -> FFFE; mode16 -> FFFF.
LFG1TF000.bin	function	191a8	CAN218_BuildByte6	SourceFFFF9118 signed16 >>6 plus50; bounded0..254, invalid7FFF -> FF.
LFG1TF000.bin	function	191f0	CAN218_Build	Mode0 defaults,1 normal,16 invalid. Normal word0=clamp(2*(2000-s16[FFFF941C]),0,8000).
LFG1TF000.bin	function	19414	CAN231_Build	Application state encoding; paired original-code tests cover six states.
LFG1TF000.bin	function	19912	CAN231_EncodeSixState	With GBR+80==6, source0..5 -> wire1..6; invalid-state cases0/E/F.
LFG1TF000.bin	function	198be	CAN231_BuildWord2	Invalid -> FFFF; else clamp(s32[FFFFA5A8]-10,10,499). Units unresolved.
LFG1TF000.bin	function	1c448	CAN218_SetWord0	BE payload bytes0-1.
LFG1TF000.bin	function	1c476	CAN218_SetByte2	Payload byte2.
LFG1TF000.bin	function	1c51c	CAN218_SetWord4	BE payload bytes4-5.
LFG1TF000.bin	function	1c54c	CAN218_SetByte6	Payload byte6.
LFG1TF000.bin	function	1c5ca	CAN216_SetWord0	BE payload bytes0-1.
LFG1TF000.bin	function	1c624	CAN216_SetWord2	BE payload bytes2-3.
LFG1TF000.bin	function	1c666	CAN216_SetWord5	BE payload bytes5-6.
LFG1TF000.bin	function	1c2ba	CAN231_SetLowNibble	Payload byte0 lower nibble.
LFG1TF000.bin	function	1c2cc	CAN231_SetHighNibble	Payload byte0 upper nibble.
LFG1TF000.bin	function	1c3be	CAN231_SetWord2	BE payload bytes2-3.
LFG1TF000.bin	function	1c890	CAN201_GetWord0	Reconstructs ECU payload word0; paired machine-code verification.
LFG1TF000.bin	function	171cc	CAN201_ConvertWord0	Executed rawFFFF retains old value with validity1; otherwise floor(raw/4) ->8814, validity2. Complete201 dispatch audit reads only0/1/6 in tested cases.
LFG1TF000.bin	function	5ad7c	Pack_MsbRelativeBitfield	r0 value,r1=(MSB-offset<<8)|width,r2 destination byte. Verified576 cases.
LFG1TF000.bin	function	11864	Tick_Increment	IncrementsFFFF84D0 via CMT0 chain. Directoriginalcalls advance192fulltaskreceive-deadline experiment;11014 alone doesNOTadvance84D0. Explicitinterleave, notphysicalclockperiod. See tcu-receive-admission.txt. NativeCMT0 alsoadvances91AC and11A64 countdownwheel; directtickalone omits thoseeffects. tcu-cmt0-interrupt.txt.
LFG1TF000.bin	function	11874	Tick_Read	ReturnsFFFF84D0.
LFG1TF000.bin	u16	ffff941c	CAN218_Field0Source	Signed16 source; normal wire firstword2*(2000-source). Physical meaning unresolved.
LFG1TF000.bin	u16	ffff9118	CAN218_Byte6Source	Signed16 source; normal wire byte6=(source>>6)+50.
LFG1TF000.bin	u8	ffff8080	TransmissionStateClass	Class6 admits six-state mapping; physical mode naming unresolved.
LFG1TF000.bin	u8	ffff8081	CAN231_SixStateSource	Accepted softwarestate from48C08, cached606F; maylagrequested8084/next8085.144 CAN231/ECU paths verified. Also must be>=1 for ascending4DDA0 reactivation; natural2 versus forced0 selects map/release behavior in tcu-ascending-predicates.txt. Physicalattainedgear unproved.
LFG1TF000.bin	u32	ffff84d0	SchedulerTick	CMT0 ISR increments via123C2,128B6,11864; absolute period pending.
LFG1TF000.bin	label	5c864	HCAN_TxIdTable	Verified table/buffer identity; see research/ecu-at-can/README.txt.
LFG1TF000.bin	label	5c86e	HCAN_TxDlcTable	Verified table/buffer identity; see research/ecu-at-can/README.txt.
LFG1TF000.bin	label	5c874	HCAN_TxBufferTable	Verified table/buffer identity; see research/ecu-at-can/README.txt.
LFG1TF000.bin	label	5c8c0	HCAN_RxIdTable	Verified table/buffer identity; see research/ecu-at-can/README.txt.
LFG1TF000.bin	label	5c8d8	HCAN_RxIndexTable	Verified table/buffer identity; see research/ecu-at-can/README.txt.
LFG1TF000.bin	label	5c8e4	HCAN_RxCopyLengthTable	Verified table/buffer identity; see research/ecu-at-can/README.txt.
LFG1TF000.bin	label	5c8f0	HCAN_RxBufferTable	Verified table/buffer identity; see research/ecu-at-can/README.txt.
LFG1TF000.bin	label	ffff8ef5	CAN218_TxBuffer	Verified table/buffer identity; see research/ecu-at-can/README.txt.
LFG1TF000.bin	label	ffff8efd	CAN216_TxBuffer	Verified table/buffer identity; see research/ecu-at-can/README.txt.
LFG1TF000.bin	label	ffff8eed	CAN231_TxBuffer	Verified table/buffer identity; see research/ecu-at-can/README.txt.
LFG1TF000.bin	label	ffff8f39	CAN201_RxBuffer	Verified table/buffer identity; see research/ecu-at-can/README.txt.
LFFEEE-stock.bin	function	3ae52	CAN216_SelectBit2CutRequest	AT-only bit2 consumer; stock TCU sender clears this bit.
LFFEEE-stock.bin	function	3b4d4	CAN216_SelectCutRequests	Bit5 ->6E62; word2 window ->6E63. Stock B81B3=0 selects231 bit4 for6E64.
LFFEEE-stock.bin	function	3ad04	CAN216_UpdateCutCountdowns	Six local gates; rising requests load100 from B81AE/AF, subsequent calls decrement without reloading held request.
LFFEEE-stock.bin	function	3ac14	BuildCylinderCutFlags	Array6E34: pair1/4 from6E2D and6E29; pair2/3 from6E2C and6E28;6E2A overrides all.
LFFEEE-stock.bin	function	4d716	UpdateCylinderCutStatus	Phase gated; cut array6E34+cyl -> bit80 in78CF+cyl. Calls42EA8.
LFFEEE-stock.bin	function	42ea8	AggregateCylinderCutMask	Four cylinder status bits ->736A mask via8B5C0; nonzero ->7368. Diagnostic overlay may add bits.
LFFEEE-stock.bin	function	44e50	SelectPerCylinderCommands	Bit80 at78CF+cyl selects zero at7408+4*cyl. Verified paired TCU216 effect; final injector timer path remains open.
LFFEEE-stock.bin	u8	ffff6a61	CAN216_Bit5CutRequest	Decoded byte7 bit5; receipt counter expiry alone does not clear this in34CEC.
LFFEEE-stock.bin	u8	ffff6e62	ATCutRequestBothPairs	Derived from CAN216 bit5 under AT mode.
LFFEEE-stock.bin	u8	ffff6e28	ATCutCountdownPair23	Stock100 on rising edge; per-call decrement, not established milliseconds.
LFFEEE-stock.bin	u8	ffff6e29	ATCutCountdownPair14	Stock100 on rising edge; per-call decrement, not established milliseconds.
LFFEEE-stock.bin	label	ffff78cf	CylinderCutStatusBase	Indices1..4 carry cut bit80; independent other flags exist.
LFFEEE-stock.bin	label	ffff7408	PerCylinderCommandBase	Float indices1..4;44E50 selects zero when cut status bit80 is set.
LFG1TF000.bin	function	18f8c	CAN216_BuildStatus	Builds bytes4..7;9454 ->byte7 bit5. Executed byte4 signed80EE/96 clamp; speedA5AC cap30000, change limit1000, offset10000; fault92C6bit2 ->FFFF/reset limiter.
LFG1TF000.bin	u8	ffff9454	CAN216_CylinderCutRequestSource	24FA0 output ->CAN216byte7bit5. Native320pair recovery: initial1, communicationinhibit withdrawsrequest46, admissionrecovers290 but independenttimers>=61 retain0.160 complete24FA0 RAMchecks plus160admissionchecks. tcu-recovery-cut.txt.
LFFEEE-stock.bin	function	347b8	CAN_UpdateOtherReceiptFault	Updates69E1 only if722A==1; any expired6B04/6A1E/6AB4 with7353==1 sets fault, else clears. Executed64 cases.
LFFEEE-stock.bin	function	34806	CAN_UpdateATReceiptFault	Updates69E2 only if722A==1; any expired216/218/231/4C1 counter with734C==1 sets fault. Executed128 cases.
LFFEEE-stock.bin	function	3491c	CAN211_Receive	Descriptor378EC; admitted if734A bit40 or80. Calls unpack34B8C and counter reload34BB2 on receipt. Sender unproven.
LFFEEE-stock.bin	function	34968	CAN211_DecrementReceiptCounter	Counter6A1E decrements with saturation;69E0>0 or735A bit80 reloads B8246=20. Call period unproven.
LFFEEE-stock.bin	function	349ca	CAN211_Normalize	BE word0 to6A1C while fresh, elseFFFF; word4 validity/request flag pairs suppressed by69E1. 2048 synthetic cases.
LFFEEE-stock.bin	function	34b8c	CAN211_Unpack	BE bytes0-1 ->6A2A; BE bytes4-5 ->6A2C. Original code executed. DSC sender attribution remains a hypothesis.
LFFEEE-stock.bin	function	34bb2	CAN211_ReloadReceiptCounter	B8246 stock20 ->6A1E. Counter units unresolved.
LFFEEE-stock.bin	function	3ff2c	CAN211_UpdateNumericBound	Stock C11E9=0;718E ramp path,7190/7191 inhibition, otherwise u16[6A1C]-10000 ->protected714C. Physical units and full arbitration unresolved.
LFFEEE-stock.bin	u16	ffff6a1c	CAN211_FreshWord0	Normalized211 word0;FFFF on receipt expiry. Numeric consumer3FF2C does not itself special-caseFFFF/FFFE.
LFFEEE-stock.bin	f32	ffff714c	CAN211_NumericBound	3FF2C output via protected writer15522;65537 on inhibition,16-per-call recovery ramp. Torque interpretation still under investigation.
LFFEEE-stock.bin	u8	ffff69e1	CAN_OtherReceiptFault	347B8 groups counters6B04/6A1E/6AB4. Suppresses CAN211 request flags when nonzero; not a complete DSC fault policy.
LFFEEE-stock.bin	function	3fb78	CAN211_UpdateConfigInhibit	7191: config734E=0 uses69E1; config1 uses7265/7266. 24 original-code combinations verified; stock config meaning unresolved.
LFFEEE-stock.bin	function	3fc58	CAN211_UpdateLocalInhibit	7190 combines nine byte gates and float6A38/6A3C >65536;2048 Boolean combinations executed. Physical gate identities unresolved.
LFFEEE-stock.bin	function	3fcfc	CAN211_UpdateRecoveryLatch	718E clears if old714C>65535; sets if718C==1 and7190/7191==1; otherwise holds.64 cases verified.
LFFEEE-stock.bin	function	3fdca	CAN211_UpdateActiveLatch	Updates protected718C from7140-7258*7154 versus714C, inhibition and ramp/hold inputs.2048 synthetic cases; not complete torque actuation.
LFG1TF000.bin	function	1bf38	CAN_AdmitApplicationReceipt	Logical RX index<10 requires8F6C bits0C and sets8F71. Indices10/11 accepted without pending flag.48 cases executed.
LFG1TF000.bin	function	1bd10	CAN_DispatchApplicationReceipts	Consumes8F71/pending8F4E bitmap using5C950/5C95C andcallbacks5CA10. Full126EC nowexecutes4EC/215/201 callbacks inlogicalorder1/6/8 afteroriginalISRprefixes; firstcomparisonusesold201.352tasks reachnumeric306/cleanup311. Not all10callbacks orhardware/RTE. See tcu-receive-admission.txt.
LFG1TF000.bin	function	19af0	CAN_UpdateReceiveDeadlines	Requires8F6Cbit08; consumesfieldfreshness, refreshesdeadline/recovery orchecks expiry. Full126EC actualreturn1E60A selected18deadline/sixfreshness/8EE2model checks pass. Original11864 tick+withheld201:expirycall105/tick106,receipt112/tick113 clearsbitwith868C1. Downstreamqualifiedpolicy separate; tcu-receive-admission.txt.
LFG1TF000.bin	function	19d44	CAN_SetRecordDeadline	Stores tick84D0 + record5C610 interval+8/+10 into8B38+8*record+4*slot. Absolute tick duration unresolved.
LFG1TF000.bin	function	19d04	CAN_RecordDeadlineExpired	Unsigned current tick >= stored deadline; equality expires.108 record/slot/boundary cases verified. Global wrap policy unresolved.
LFG1TF000.bin	function	19dc0	CAN_ReceiveRecordRecovery	Only868C!=0 permits class-dependent recovery, clearing8EE2 record bit via1A454/1A598. Does not establish DTC recovery completion.
LFG1TF000.bin	function	19e10	CAN_CheckReceiveRecordExpiry	On deadline expiry refreshes deadline and sets8EE2 record bit via class-dependent actions. Downstream diagnostics remain open.
LFG1TF000.bin	function	1c018	CAN_ConsumeFieldFreshness	Atomic read-and-clear from8F82 using offset5C9A0 and mask5C9CF indexed by field number.
LFG1TF000.bin	label	5c610	CAN_RecordConfiguration	Eighteen28-byte records:ID+0,interval slots+8/+10,class+13,qualification mode+20,duration+22,count+24,second multiplier+25. See diagnostics.txt; stock class1/2 skip qualifier loops.
LFG1TF000.bin	label	ffff8b38	CAN_RecordDeadlines	Two32-bit deadlines per record, stride8. See19D44/19D04; not decrementing counters.
LFG1TF000.bin	u16	ffff8ee2	CAN_RecordFaultBitmap	Expiry sets1<<record; gated receipt recovery clears it. Final DTC/fallback behavior unproven.
LFG1TF000.bin	function	1a598	CAN_EvaluateReceiveQualification	Actions0 initialize,14 recover,15 set expiry bit,1 evaluate (hex). Two per-record timer banks require mode+20==1; stock211/4B0/430 skipped. Seven enabled lifecycles verified;8EE2 not input to action1.
LFG1TF000.bin	function	1a9b0	CAN_UpdateQualificationTimer	Per-record duration+22/count+24 or second duration interval+8 times multiplier+25. State2 arms; unsigned deadline equality qualifies. RecordFF alternative not tested; tick units unresolved.
LFG1TF000.bin	function	5662a	Diagnostic_StoreGroupStatus	Stores R5 byte atA736+group R4; updatesA6EC+group bit80 according to status06/80. Software status only; final DTC mapping unresolved.
LFG1TF000.bin	function	57f00	Diagnostic_StoreMappedStatus	Stores R5 byte atA9DC+unsigned R4. Receive groups36/37/38 map to21/22/23 through5EB84 table. Consumers/fallback unresolved.
LFFEEE-stock.bin	function	8f320	Config_UpdateReceiptMonitorOption	Stock E0D1C00 callsA1638 selector67 length1. Return0 sets9710 iff byte41 and91DC/91E0 zero; failure retains prior. Full execution stops at peripheralFFFFF74E; runtime value/physical name unproven.
LFG1TF000.bin	function	56658	Diagnostic_ProcessGroups	RequiresA936==1; groups1..48(hex) choose callback5EB5C from record5EB78 byte0. Group36 callback1 is56908.
LFG1TF000.bin	function	56908	Diagnostic_ProcessQualifiedGroup	ConsumesA736+group bits04/02 andA6EC+group state. Group36 qualification reaches storedC100 andA99B. Healthy recovery clears active04 subject to56A4A/80A4.
LFG1TF000.bin	function	569ea	Diagnostic_UpdateActiveGroup	Action4 setsA6EC+group bit04 clears02, calls57374 and aggregate5701A. Action0 clears06/80. Tested in fourteen paired lifecycles.
LFG1TF000.bin	function	5701a	Diagnostic_UpdateActiveAggregate	Scans group active04 and record flags01/40 plus stored80;532C8 writes aggregateA666. Clears after tested healthy recovery whileA99B persists; 5329A/532D8 selects startup/override ->A665 ->CAN231 byte1 bit6.
LFG1TF000.bin	function	57374	Diagnostic_RecordQualifiedGroup	Valid groups1..48(hex) call5752E,5743C,57A32. Creates memory reporting state/list; EEPROM durability unverified.
LFG1TF000.bin	function	57964	Diagnostic_LatchReportFlag	Sets status01 at61D3+2*group, updates next byte and setsA99B for record flags04. Group36C7 reaches CAN216 byte7 bit1.
LFG1TF000.bin	function	57f50	Diagnostic_UpdateHealthyRecovery	Calls57F96 then57FA0; includes5000-tick healthy confirmation for mapped21. Runs after group processing in56F80; original helpers executed.
LFG1TF000.bin	function	58034	Diagnostic_EvaluateHealthyTimers	Eight-byte records5F008; mapped21 uses5000 ticks and count1 at5F0E0. Helpers581AA/58200/58274 consumeA9DC status02 and publishAA0F flags.
LFG1TF000.bin	function	558cc	Diagnostic_SerializeStoredList	Reads list6188, codeBE16 at5EB80+16*group, filter58398; emits code high/low andFF. Executed group36 emitsC1 00 FF before and after active recovery; transport not emulated.
LFFEEE-stock.bin	function	3b282	CAN_UpdateATStatusFlags	AT branch reads protected2184 (CAN216 byte7 bit1) into6E53; MT clears it. Also normalizes CAN231 states. Paired fault-reporting execution verified.
LFFEEE-stock.bin	function	775ca	Status_CombineLocalAndATReport	Writes protected24EE=(protected24EC OR6E53) AND protected9462!=1.32 receiver/gate cases;7774A forwards to91BE and CAN420 byte5 bit6 subject to display/diagnostic gates.
LFG1TF000.bin	label	5eb78	Diagnostic_GroupConfiguration	Sixteen-byte records:callback selector+0,flags+7,BE16 code+8,mapped status+12,aggregate index+14 (decimal offsets). Group36 codeC100 and flagsC7;37/38 zero codes.
LFG1TF000.bin	label	5f008	Diagnostic_HealthyConfiguration	Eight-byte records; mapped21 at5F0E0:21 00 01 00 13 88 00 01.5000-tick recovery and count1; Group3B healthy25 at5F100,3A healthy27 at5F110,3C healthy28 at5F118 use500 ticks. Group3D healthy29 at5F120 also500; same-tick second-pass clear verified. Absolute tick units unresolved.
LFG1TF000.bin	u8	ffffa99b	CAN216_StoredDiagnosticFlag	Set by57964 for report-enabled diagnostic group. Sent as216 byte7 bit1; remains set in tested active-fault recovery. Also supplies PID01 MIL bit at5434C; ECU forwards the request toward CAN420 byte5 bit6. See warning-status.txt.
LFG1TF000.bin	u8	ffffa666	Diagnostic_ActiveAggregate	Written by532C8 from5701A. Group36 active state sets it, gated healthy recovery clears it; 5329A/532D8 selects startup/override ->A665 ->CAN231 byte1 bit6.
LFG1TF000.bin	function	5327c	Diagnostic_InitializeActiveOutput	Initializes A666=0,A664=A665=1,8464=0,A667=A668=0. Startup indication is independent of stored MIL status.
LFG1TF000.bin	function	5329a	Diagnostic_SelectActiveOutput	8464 unsigned>=stock5FD64(200) clears startup latchA664; otherwise forcesA665=1. Afterward532D8 selectsA666 or overrideA667.72 sender gate cases verified.
LFG1TF000.bin	function	532d8	Diagnostic_GetActiveOutputOverride	ReturnsA666 unlessA668==1, thenA667. SelectedA665 reaches CAN231 byte1 bit6 through19414/1C39A.
LFG1TF000.bin	function	54234	OBD_Service01	Mode01 permission5604C; synthetic90B6=1 admits request context. Calls54284 PID dispatcher; PID01 body verified, transport header not executed.
LFG1TF000.bin	function	54284	OBD_DispatchCurrentDataPIDs	Matches requested PIDs against13 eight-byte records5E778 and dispatches callback. PID01 callback5434C.
LFG1TF000.bin	function	5434c	OBD_PID01_MILAndDTCCount	Outputs01,(stored DTC count plus80 ifA99B nonzero),04,00,00. Executed healthy00 and storedU0100/MIL81; no ISO-TP transport simulation.
LFFEEE-stock.bin	function	7774a	Status_SelectMILRequest	Input1 iff91BD==0 and(protected24EE==1 or6536==0);8B8A0 diagnostic override then91BE.192 display/override/packing cases verified.
LFFEEE-stock.bin	function	8b8a0	Status_OverrideMILRequest	DescriptorAD46C maskE0 gates960C mode; mode0 mirrors input to9638, mode7 returns9638==1, other modes preserve input. See warning-status.txt.
LFFEEE-stock.bin	function	371f0	CAN420_BuildWarningWord	6B8C combines91BD==1 bit15,91BE==1 bit14,693A==1 bit6. Packing370A6..370DC maps these to byte5 bits7/6 and byte6 bit6.
LFFEEE-stock.bin	function	34bbc	CAN211_InitializeConversionBypass	Protected6A28=(B8244==1); stock1 bypasses factor division in3F97C, but not its zero-factor fallback.
LFFEEE-stock.bin	function	34ffa	AT_InitializeConversionInputs	Sets6A38 and6A3C float1. No payload writer established; do not call these CAN216 fields.
LFFEEE-stock.bin	function	3f600	CAN211_SelectConversionFactor	Writes protected7154. Bit40clear multiplies6A38*6A3C; MT chooses ratio table/fallback716C.64 synthetic cases verified; factor provenance remains open.
LFFEEE-stock.bin	function	3f97c	CAN211_ConvertNumericRequest	Near-zero7154 selects711C. Otherwise715C=max(714C,7148)/(6A28==1?1:7154)+71C4.94 cases execute;2 inexact cases correctly rejected. See can211-spark.txt.
LFFEEE-stock.bin	function	3f9ec	CAN211_ScaleForCount	For count0..7,7170=715C*8/(8-count); count8 selects0. Nine count cases0..8 verified; Counts above8 and count origin/physical meaning open.
LFFEEE-stock.bin	function	3fa3e	CAN211_InvertQuadraticModel	If71A8 positive outside deadband,7174=71AC-iterative approximate sqrt(max(71B0-7170+71D0+71D8,0)/71A8). Otherwise retain7174.69 exact test cases.
LFFEEE-stock.bin	function	53438	CAN211_SelectSparkCorrection	With718C!=0 and6590!=0,7D2C=max(7A84-7174,0), additionally capped at7D38 unless7D35==1; otherwise0.48 gate cases and20 complete wire-to-spark examples.
LFFEEE-stock.bin	function	4fd9c	Spark_AggregateCorrections	Combines local max/sumS;7AC4=S,7AC0=S+CAN2117D2C,7A94=S+AT7C74,7A90=S+both.480 paired producer-order cases plus8 fault cases reach spark/cut outputs; spark-interaction.txt.
LFFEEE-stock.bin	function	4fbda	Spark_SelectLimitedCommand	Normal path clamps7C94+7B6C+7AB4 between selected7AD0 andD05AC then7A78. Special modes/other gates exist; see can211-spark.txt for tested scope.
LFFEEE-stock.bin	function	4fb4e	Spark_ApplyRateLimitOverrideAndCylinderTrims	Normal path min(7A78,7ACC+lookupA2D70), diagnostic8B366 then7A74; adds stockD0594..D05A0 trims to7A9C/A0/A4/A8.20 CAN211 examples execute; ignition timer not simulated.
LFFEEE-stock.bin	f32	ffff7154	CAN211_ConversionFactor	Produced3F600, used by numeric conversion and active comparison. Stock bypass6A28=1; near-zero factor still selects711C.
LFFEEE-stock.bin	f32	ffff7174	CAN211_InvertedModelValue	3FA3E iterative-root output consumed by spark-correction53438. Physical calibration/model units remain unproven.
LFFEEE-stock.bin	f32	ffff7d2c	CAN211_SparkCorrection	Gated/capped difference from53438;4FD9C adds it into aggregate feeding spark selection. Not the final ignition timer value.
LFFEEE-stock.bin	f32	ffff7a9c	Spark_Cylinder1Command	First of four floats7A9C/A0/A4/A8;4FB4E adds corresponding D0594..D05A0 cylinder trims. Romdrop XML corroborates spark identification.
LFG1TF000.bin	function	1c242	CAN211_MarkReceipt	Sets0C in FFFF8F87/8F8D, then calls empty1ACEC. Executed from real dispatcher; no payload reads on tested paths.
LFG1TF000.bin	function	1acec	CAN211_EmptyApplicationCallback	Exactly RTS;NOP. Receipt callback reaches this stub; this does not prove payload absence elsewhere.
LFG1TF000.bin	label	1b630	CAN_RX_CopySliceStart	Slice entry after hardware filter matching. CAN211 filter9 maps logical7; DLC>=5 and mode&0C copy five bytes. Stops before1B798 hardware acknowledgement.
LFG1TF000.bin	label	ffff8f34	CAN211_ReceivedPayload	Five-byte receive buffer from table5C90C. No reads during67 explicitly executed dispatch/watchdog lifecycles; other consumers not globally excluded.
LFG1TF000.bin	function	142f8	Input_ReadDigitalDescriptor	Reads descriptor pointer, bit and polarity; calls1432C and returns Boolean. Peripheral reads use explicit test samples only.
LFG1TF000.bin	function	1432c	Input_CompareSampledBit	Reads16-bit register, compares selected bit to descriptor polarity. First four input descriptors use FFFFF778 bits2..5, polarity0.
LFG1TF000.bin	function	14368	Input_CheckADCGates	Mask1 checks ADC FFFFF810 count>=375; mask2 checks FFFFF812 count>=373. Returns1 on any selected failure. Executed with fixed register samples.
LFG1TF000.bin	function	17230	Input_InitializeFilterRecords	Clears30 five-byte records at FFFF8818.
LFG1TF000.bin	function	17250	Input_UpdateFilteredStates	Thirty channels; first four assert/release thresholds2/2. ADC gate failure sets status3 and retains filtered value. Full body executed with explicit read-only register fixtures.
LFG1TF000.bin	function	173ce	Input_GetFilteredState	Channel<30 returns byte at FFFF8818+5*channel; otherwiseFF.
LFG1TF000.bin	function	174a0	Input_PublishApplicationStates	Copies channels0..8 to FFFF88B4..BC; computes88BD aggregate status. First four feed CAN231 selector flags.
LFG1TF000.bin	function	22416	Selector_UpdateApplicationFlags	88B4..B7 feed9314 bit0,9317 bit2,9314 bit1,9316 bit2. Updates class8080 through22D08. Physical input names not yet proven. Also5120 cases verify89A4 nonzero ->9316bit0 via22CFE; completeinput25 producer/manager chain intcu-source-selection.txt. Also publishes one-hot9315 fromclass8080;lowbits reset32348 forclassFF/0.256 filtered transitions and3 ADC hold/recovery chains; tcu-qualification-lifecycle.txt.
LFG1TF000.bin	function	22c9a	Selector_CombineInputsZeroAndTwo	Returns1 if88B4==1 or88B6==1. Strong P/N candidate; physical pin mapping unresolved.
LFG1TF000.bin	function	555b0	Diagnostic_GetCombinedSelectorInputs	Writes bit4 from88B4==1 or88B6==1. Table5E980 associates identifier1704; service/physical semantics unverified.
LFG1TF000.bin	function	555d8	Diagnostic_GetSelectorInputsOneAndThree	Writes bit0 from88B7==1 and bit3 from88B5==1. Table5E98C identifier1709; physical semantics unverified.
LFG1TF000.bin	label	5f648	DigitalInput_FilterDescriptors	Thirty12-byte records. First four thresholds2/2, ADC mask3 and descriptors5C530/538/540/548; sampled active-low PKDR bits2..5.
LFG1TF000.bin	u8	ffff88b4	Selector_FilteredInputZero	From channel0, active-low sampled FFFFF778 bit2; CAN231 low-nibble1. Physical P/N identity unresolved.
LFG1TF000.bin	u8	ffff88b6	Selector_FilteredInputTwo	From channel2, active-low sampled FFFFF778 bit4; CAN231 low-nibble3. Combined with input0 by both TCU and ECU.
LFFEEE-stock.bin	function	411f0	Selector_UpdateCombinedFlag	7002 override sets1;734C==1 uses CAN231 selector flags6AD2/6AD4;else inverted44A4 bit0. Writes protected723A and7244. Paired execution verified.
LFFEEE-stock.bin	u8	ffff723a	Selector_CombinedFlag	CAN low-nibble1 or3 in normal AT path; strong P/N candidate. Complement byte723B; copied to7244/45. PRHT consumption unproven.
LFG1TF000.bin	function	5853c	Selector_InitializeDiagnosticTimers	Initializes 843E and 8440 to FFFF sentinel; used in executed missing-input countdown and recovery fixtures.
LFG1TF000.bin	function	58548	Selector_ProduceDiagnosticGroups	Input count and A938/A735 gates produce groups15/16 codes0707/0708. Missing-input path uses843E=2000 then8440=28000 with80BA>=300 and A962 bit0. Input3 alone plus88BA/88BC zero publishes recovery bit80; see selector-recovery.txt.
LFG1TF000.bin	function	5866e	Selector_CountAssertedInputs	Adds signed bytes 88B4..88B7; physical connector mapping unproven.
LFG1TF000.bin	function	58688	Selector_CheckInputThreeOnly	Requires 88B7==1 and 88B4/B5/B6/BA/BC zero. Executes immediate active recovery for groups15/16 via58548 and5662A; physical position remains unproven.
LFG1TF000.bin	function	566e0	Diagnostic_ProcessTimedGroup	Group15 executes five 2000-tick qualification intervals before stored0707; absolute units and recovery open.
LFG1TF000.bin	function	570f6	Diagnostic_BuildMappedSummary	Maps group active flags and stored history to 51 bytes A958 onward; groups15/16 share index0C.
LFG1TF000.bin	function	21c1c	Diagnostic_PublishApplicationFlags	A964 bit3 ->92CD bit5; A964 bit2 ->92CD bit6, forcing CAN231 nibbles F. Paired execution verified.
LFG1TF000.bin	function	11db4	Timer_DecrementWordUnlessSentinel	u16 pointer argument: decrement nonzero value except FFFF; seven boundary vectors pass.
LFG1TF000.bin	function	11aec	Timer_ServiceFirstRanges	ROM76D24..76D40 defines four ranges; word countdown8420..844E includes843E/8440. 30000 actual calls executed in verify_selector_recovery.py; wall time and tick ratio not established. Independent8000 mixedwheel wholeRAM cases verifybyte/word saturatingincrement andsentinelpreservingdecrement ranges; tcu-cmt0-delivery.txt.
LFG1TF000.bin	function	50f26	Diagnostic_ScaleTwoApplicationWords	u16 932C/932E ->floor(10*x/256) to80A4/80BA, A4FA->A4FC.65536directvalues plus40actualwholeRAMreturns in160 stoppedcapturetasks. 80A4 remains329 aftermeasurementzero due80EA3070; activefaultretained. tcu-receive-recovery.txt.
LFG1TF000.bin	function	22ddc	Motion_ConvertTwoPeriodDerivedValues	512 complete22DDC wholeRAM cases: stockcoefficient703, nonnegative0..32767 sources, floor(x*703/256) cappedFF00 ->932C/932E;800E=first>>8; tail50F26 scales/copiesstatus. Native selectedoutputs agree. Othercalibrations/units unproved; tcu-recovery-reference.txt.
LFG1TF000.bin	function	16c5c	Capture0A_InitializeRisingEdge	256originalwholeRAM/exact8MMIOcases PASS:TIOR0bit0set/bit1clear,TIER0bit0set,TSTR1bit0set. CompatibleSH7055S risingedgeICR0A onsharedTCNT0;PSCR1=1 impliesPphi/2,nosecondTCR0scale. No counterreset/physicalsensor/IRQadmission. tcu-capture-clock.txt.
LFG1TF000.bin	function	16c7c	Capture0A_Interrupt	Originalprefix through16CCA beforeRTE: TSR0bit0 admission, secondwordread ANDFFFE, ICR0A32-bit ->179A8.512 pairedA/B differentialRAM/register/MMIO cases plus6rejections; profilingindex5. HardwareRTE/cadence/wiring unproved; tcu-capture-interrupts.txt. Joined320 recovery pairs execute560 originalcaptureISRprefixes with differentialRAM/register/MMIO checks; exactpriortrace afteronlynewobservations andcallbackPR normalization. See tcu-capture-delivery.txt; no hardwareadmission/cadence proof. Nativeinitialized3traces now291CMT1/423captureA/870captureB prefixes PASS withactualenablegating; no postadmissionhistoryreset. tcu-native-capture-startup.txt retainsfixtures/correctedA-onlygatedefect.
LFG1TF000.bin	function	179a8	Capture0A_ProcessCapturedCount	Unsigned32 timestamp delta/10 ->88F8, calls20678; clears8900, saturating increments88F0/88F2/88F4.63 timestamp cases and both-capture shift lifecycles; physical wiring/clocks open. See tcu-reference-source.txt and earlier speed-fault.txt. Complete126EC experiment executes original20658/211C4 init, timestamp callbacks and timer without age overrides; reference7017 fromcall20. See tcu-captured-requests.txt. Joined320 recovery pairs execute560 originalcaptureISRprefixes with differentialRAM/register/MMIO checks; exactpriortrace afteronlynewobservations andcallbackPR normalization. See tcu-capture-delivery.txt; no hardwareadmission/cadence proof.
LFG1TF000.bin	function	20df8	Motion_CalculateRawPeriodValue	Executed raw18-entry history inverse: both810D/9195<14, normalizedperiod=sat32(sum*18)/count; clamp(153600000/period,0,32767), else0.36 age cases plus450 full2086C callers; result91A2. See tcu-reference-source.txt.
LFFEEE-stock.bin	function	35eba	CAN4B0_Normalize	Copies words; FFFF invalid flags6B01/02 only when7353=1; aggregate6B03 includes receipt fault6B00.
LFFEEE-stock.bin	function	35fa6	CAN4B0_Unpack	BE bytes4-5 ->6B08; bytes6-7 ->6B0A; executed with distinct payloads.
LFFEEE-stock.bin	function	35fce	CAN4B0_ReloadReceiptCounter	Copies calibrationB8248=20 into6B04.
LFFEEE-stock.bin	function	35fd8	CAN4B0_InitializeWords	Initializes six raw/working words to10000.
LFFEEE-stock.bin	function	3a05e	SpeedCandidate_SelectSources	Decode4B0 words via binary32 0.01,-100; average/select valid input under7353; else MTcached6D64 or AT216-derived6E18. 8EC6=1 ->65537. Physical units unproven.
LFFEEE-stock.bin	function	3679c	CAN201_EncodeSpeedCandidate	6D58 -> (value+100)/0.01 +0.5 then truncate/clamp10000..40000. 8EC6=1 OR6E18>65536 forcesFFFF even when4B0 selected.
LFFEEE-stock.bin	function	3b7ce	CAN216_ConvertSpeedFallback	Word5 accepted at6A56: MT ->0; FFFF ->65537; else max(0,raw*binary32(0.01)-100) ->6E18. Paired setter/receiver execution.
LFFEEE-stock.bin	label	ffff6af0	CAN4B0_RxBuffer	Descriptor379FC has ID4B0/DLC8 and buffer6AF0.
LFFEEE-stock.bin	u16	ffff6af8	CAN4B0_WorkingWord4	First decoded candidate; no confirmed wheel identity.
LFFEEE-stock.bin	u16	ffff6afa	CAN4B0_WorkingWord6	Second decoded candidate; no confirmed wheel identity.
LFFEEE-stock.bin	u8	ffff6b01	CAN4B0_Word4Invalid	FFFF and7353==1; selects other word in3A05E.
LFFEEE-stock.bin	u8	ffff6b02	CAN4B0_Word6Invalid	FFFF and7353==1; selects other word in3A05E.
LFFEEE-stock.bin	u8	ffff6b03	CAN4B0_AggregateInvalid	Both word-invalid OR6B00==1 with7353==1; selection3A05E does not directly read this byte.
LFFEEE-stock.bin	u16	ffff6b38	CAN201_SpeedCandidateWord	Packed BE into CAN201 bytes4-5;10000..40000 orFFFF.
LFFEEE-stock.bin	f32	ffff6d58	SpeedCandidate_Selected	CAN4B0 averaging/selection, mode fallback or65537 marker; raw SH-2E arithmetic verified.
LFFEEE-stock.bin	f32	ffff6d64	SpeedCandidate_CachedFallback	D504 return; tests execute4564==0 cached452C branch only.
LFFEEE-stock.bin	f32	ffff6e18	CAN216_SpeedCandidateFallback	3B7CE conversion of216 bytes5-6; invalid65537 forces CAN201FFFF independently of selected4B0.
LFFEEE-stock.bin	u8	ffff7353	CAN4B0_SelectionEnabled	3A05E requires1 to select4B0 values; configuration42844 usesB8299/9710. Full config provenance not newly executed.
LFG1TF000.bin	function	52b10	SpeedCandidate_CalculateForCAN216	Executed signedA552*6000/4100 clamp; unsigned scale1000; multiply91A2 then shift8/clampFFFF ->A5AC; A5B6=A5AC/100. Units unproven.
LFG1TF000.bin	function	51af0	SpeedCandidate_InitializeScalingInputs	Static: initializesA550/A552 from ROM5FD7C=196; physical meaning unverified.
LFG1TF000.bin	function	51b0a	SpeedCandidate_SelectScalingInputs	Static:89F2/89F5 andA991 diagnostic selection ->A552; full producer not yet executed.
LFG1TF000.bin	function	17070	CAN201_ConvertByte6	Executed raw*5 ->8808, validity880A=2;FF holds old numeric with validity1. Physical role unproven.
LFG1TF000.bin	function	18158	CAN201_CopyWord0AndValidity	Executed raw bytes0-1 ->89DC/DD;89DE=1 forFFFF,2 otherwise.
LFG1TF000.bin	function	1c264	CAN201_MarkReceiptAndDispatch	Sets30 in8F87/8F8D then1ACD8;1225 earlierdispatchcases. NoworiginalISRmailbox10/logical8 ->native1BD10 ->thiscallback in352fulltasks; logical6 CAN215 and1 CAN4EC dispatchbefore201. See tcu-receive-admission.txt.
LFG1TF000.bin	function	1acd8	CAN201_ApplicationCallback	Calls171CC,17070,18158.1225 tested callbacks read only payload0/1/6; not a global non-use proof for4/5.
LFG1TF000.bin	u16	ffffa5ac	CAN216_SpeedCandidate	52B10 calculation ->18F8C cap/limiter+10000. Physical units unverified.
LFG1TF000.bin	u8	ffff8ae7	CAN216_SpeedLimiterInitialized	Normal valid producer sets1; speed fault clears0; mode0 resets; mode16 retains.
LFG1TF000.bin	u16	ffff8ae8	CAN216_PreviousSpeedCandidate	Normal updates limited value;92C6bit2 fault writesFFFF and clears latch.
LFG1TF000.bin	u16	ffffa552	SpeedCandidate_ScalingInput	Signed16 input to52B10; initialization/selection51AF0/51B0A static lead.
LFG1TF000.bin	u16	ffff91a2	Motion_PeriodDerivedValue	2086C static period-derived producer; executed as explicit input to52B10 CAN216 calculation.
LFG1TF000.bin	u8	ffff92c6	ApplicationFaultFlags92C6	18F8C bit2 invalidates speed word; sourced by21C1C from diagnosticA962 bit2/group13 code0722. Paired fault/recovery ->ECU201 verified. Bit5 invalidates byte4.
LFG1TF000.bin	u16	ffff8808	CAN201_Byte6Scaled	Rawbyte6*5;FF retainsold numeric, validity880A=1.
LFG1TF000.bin	u8	ffff880a	CAN201_Byte6Validity	1 invalidFF/held value;2 fresh valid conversion.
LFG1TF000.bin	function	58aa8	SpeedFault_ProduceGroup13	Executed gates/counters ->group13 code0722:8900>12 raw3;>6000 raw7. Recovery81 via58C42/AC89/80B8. See speed-fault.txt for scope.
LFG1TF000.bin	function	58808	SpeedFault_CheckSingletonInput	128 Boolean cases: exactly one among88B4/B5/B6/B7/BA/BB/BC, with singletonB7/BA/BB/BC.
LFG1TF000.bin	function	5885e	SpeedFault_CheckDiagnosticPrerequisites	All256 bit0 combinations tested; requiresA959/A95A/A95B/A95C/A95D/A95E/A960/A961. A95F excluded.
LFG1TF000.bin	function	58c42	SpeedFault_CheckRecovery	u16[80B6]>0 andA963bit0 andu16[8900]<12.48 recovery boundary/gate cases; physical units unresolved.
LFG1TF000.bin	function	17a58	Capture0B_ProcessCapturedCount	Unsigned32 timestamp delta/10 ->8908, calls211DC; clears88F0 and saturating increments8900/8902/8904.288 new timestamp/wrap cases connect history/measurement to shift lifecycle/CAN216. Earlier6001-call0722 test in speed-fault.txt; physical mapping open. Complete126EC experiment supplies5890 then6490 intervals, no age overrides; measured10865 at24 ->9861 at71. See tcu-captured-requests.txt. Joined320 recovery pairs execute560 originalcaptureISRprefixes with differentialRAM/register/MMIO checks; exactpriortrace afteronlynewobservations andcallbackPR normalization. See tcu-capture-delivery.txt; no hardwareadmission/cadence proof.
LFG1TF000.bin	u16	ffff8900	SpeedFault_OtherCaptureCount	Incremented17A58, cleared179A8 or failed58AA8 gates; thresholds>12/>6000. Not elapsed milliseconds.
LFG1TF000.bin	u16	ffff88f2	SpeedFault_Capture0ACount	Incremented179A8, reset in58AA8 fault/admission paths; secondary threshold250 statically traced.
LFG1TF000.bin	u8	ffffa962	SpeedFault_Group13Summary	Group13 code0722; bit2 maps92C6bit2 ->CAN216FFFF ->ECU201FFFF. Active recovery retains stored report; normal01,confirmed1C,recovered11 in fixture.
LFG1TF000.bin	u8	ffffac89	SpeedFault_RecoveryLatch	Set by58AA8 when58C42 qualifies; with80B8==0 publishesraw80 recovery; cleared on fault/admission-off paths.
LFFEEE-stock.bin	function	3663e	CAN201_SelectWord0Source	6DB4 ->6B34; direct-copy path6536=0 executed in11 round-trip cases. Alternate smoothing gates are not newly tested.
LFFEEE-stock.bin	function	366ec	CAN201_EncodeWord0	6B34 /0.25 via20E8 capFFFE;6B4F or6DFB==1 sendsFFFF;70F0==1 sends0. Source3499..4000 and6B4F invalidation executed.
LFG1TF000.bin	function	2055c	CAN201_UpdateWord0ApplicationValue	u16[8814]*256/100 clamp0..32767 ->80E8;92C9bit6 substitutesROM76DDE=20480. Tailcalls50C9A.84 valid/invalid/fault cases.
LFG1TF000.bin	function	50c9a	CAN201_PublishWord0ValueAndStatus	80E8*100/256 ->809E;A4E4=4 when92C9bit6,else1 when8816==2,else2. Invalid raw holds numeric separately from substitution.
LFG1TF000.bin	function	24fa0	CAN216_UpdateCylinderCutRequest	80E8/703C0 curve, hysteresis1280, selector/timer gates ->9454.800 directcases plus160 nativewholeRAM returns: communicationinhibit clears beforecall290, but828B/82A7=146>=61 forces0. Executes everyevenpair, return1E7AE, notonlyphase2/6. tcu-recovery-cut.txt.
LFG1TF000.bin	function	2513e	CAN216_AdmitCylinderCutRequest	Returns1 onlyif92C9bit6/9317bit0/92C6bit1 clear.160 actualnative return24FD4 unchangedwholeRAM checks: admittedthrough44, inhibited46..288, readmitted290; separate24FA0 timerpolicy stillforcescut0. tcu-recovery-cut.txt.
LFG1TF000.bin	function	10764	Lookup_ByteCurveToFixedPoint	Byte count/axis/value table ->10922, scaling256. All65536 inputs of stock703C0 verified through original software arithmetic; see software-lookup.txt.
LFG1TF000.bin	u16	ffff8814	CAN201_Word0Quarter	171CC validraw/4;FFFF holdsold value with8816=1.2055C scales into80E8.
LFG1TF000.bin	u16	ffff80e8	CAN201_Word0ApplicationValue	2055C conversion/substitution; used by24FA0 request hysteresis and other control routines. Physical units unproven.
LFG1TF000.bin	u16	ffff809e	CAN201_Word0Rescaled	50C9A floor(80E8*100/256); conversion can lose one unit from8814.
LFG1TF000.bin	u8	ffffa4e4	CAN201_Word0ApplicationStatus	4 diagnostic substitution;1 valid reception;2 invalid/other validity.24FA0 does not read this byte directly.
LFG1TF000.bin	u8	ffff92c9	ApplicationFaultFlags92C9	Bit6 substitutesCAN201word0 and inhibits cut producer. A98Ebit3 combines active diagnostic groups35/36/3A; group36 loss/recovery executed for seven CAN IDs. History alone does not inhibit.
LFG1TF000.bin	u8	ffff9455	CAN216_CutInputHistory	Bits0/1/2 retain9317bit2,9316bit2,94F4bit0 for falling-edge resets82A5/A6/A7; highbits preserved.
LFG1TF000.bin	function	10922	Lookup_InterpolateByteCurve	Original software arithmetic verified for all65536 inputs of703C0. Descending segment truncates signed delta before adding origin;5000 ->8554.
LFG1TF000.bin	function	22ecc	CutLookup_UpdateAxis	89A8<<7 or92C6bit6 substitute76DF4=10240 ->lowword80F2/9336;9334=2*(signedlowword+5120) modulo65536.30 source/fault cases ->lookup/cut/ECU commands.
LFG1TF000.bin	u16	ffff9334	CutLookup_Axis	Produced22ECC from89A8 conversion or diagnostic fallback. Used by lookup703C0 in24FA0; physical units remain unproven.
LFG1TF000.bin	u16	ffff89a8	CutLookup_SourceValue	Static17D9C acquisition channel4 and17E08 table conversion;22ECC axis computation executed with explicit inputs. No physical sensor identity yet.
LFG1TF000.bin	function	57258	Diagnostic_BuildCombinedSummaries	Builds A98B..A994 from table5FCBC. A98E combines A977/A978/A97C (groups35/36/3A); active02/04 sets08, history10 alone does not.146 mapping and512 paired cases.
LFG1TF000.bin	u8	ffffa98e	Diagnostic_CAN201CutAggregate	Combined groups35/36/3A via57258; bit3 ->21C1C ->92C9bit6 ->CAN201 substitution and cut inhibit.14 qualified CAN loss/recovery lifecycles.
LFG1TF000.bin	label	5fcc8	Diagnostic_CAN201CutSummaryIndices	Four bytes1F202400 select A977/A978/A97C; zero terminator.57258 aggregation independently executed; see can201-fault-policy.txt.
LFG1TF000.bin	function	1a164	HCAN_ProcessRecoveryState	States0..4 retry HCAN reset/halt recovery;8BCE saturates255. Delays40 ticks below10 retries,1000 thereafter.47-checkpoint lifecycle and240 boundary cases; explicit register samples.
LFG1TF000.bin	function	1a4e4	HCAN_ProduceDiagnosticGroup35	9415==0 andA939==1 admit.8BCE>=10 producesraw7 ->group35/C073 ->A98E ->CAN201 substitution/cut inhibit.1024 producer/gate cases; healthy active recovery keeps stored report.
LFG1TF000.bin	function	1a082	CAN_GateReceiveDiagnosticsDuringRecovery	Action1 skips groups36/37/38 whenGSRconfiguration,8BCD!=0 orA721mask04.16 combinations verified; skipped producer leaves previous raw bytes unchanged.
LFG1TF000.bin	function	1ac7a	HCAN_LatchBusOffRecovery	Called by1B3E8 whenGSRbusoff; disables application communication flags, requests MCRhalt through199E0(1), sets8BCF=1.128 handler-body fixtures.
LFG1TF000.bin	function	1b3e8	HCAN_ErrorHandler	TestsGSR atFFFFE401 bit0 ->1AC7A; writes6000 toIRR FFFFE412.128 original-code body tests stop beforeRTE1B422; no interrupt/electrical timing model.
LFG1TF000.bin	function	19a14	HCAN_ReadHaltRequest	Reads word atFFFFE400; tests0200 (MCRbit1 in high byte), NOT a GSR bit.128 register combinations.
LFG1TF000.bin	function	19a30	HCAN_ReadConfigurationStatus	Reads wordFFFFE400 and tests lowbyte08 (GSRbit3).128 register combinations.
LFG1TF000.bin	function	19a62	HCAN_ReadBusOffStatus	Reads wordFFFFE400 and tests lowbyte01 (GSRbit0).128 register combinations.
LFG1TF000.bin	function	19a80	HCAN_ReadErrorWarningStatus	Reads wordFFFFE400 and tests lowbyte02 (GSRbit1).128 register combinations.
LFG1TF000.bin	function	199ac	HCAN_SetResetRequest	Reads MCR/GSR word, shifts8, writes MCR byte with bit0 set/clear according to action==1. Register fixtures verify preserved otherbits/GSR.
LFG1TF000.bin	function	199e0	HCAN_SetHaltRequest	Reads MCR/GSR word, shifts8, writes MCR byte with bit1 set/clear according to action==1. Register fixtures verify preserved otherbits/GSR.
LFG1TF000.bin	u8	ffff8bd9	HCAN_RecoveryState	1A164 states0..4; initialization0, event wait1, deadline check2, reset acknowledgement3, return-to-operation4. See hcan-recovery.txt.
LFG1TF000.bin	u8	ffff8bce	HCAN_RecoveryRetryCount	1A164 increments on retry transition saturating255;>=10 triggersgroup35 and1000-tick delay. Counts retries, not individual CAN errors.
LFG1TF000.bin	u8	ffff8bcf	HCAN_BusOffEventLatch	1AC7A sets1; consumed by1A164 recovery; normal recovery/gate reset clears. Original error-handler body and lifecycle verified.
LFG1TF000.bin	u8	ffff8bcd	HCAN_RecoveryActive	1A164 recovery flag;1A082 suppresses missing-message producers when nonzero.1A4E4 uses zero state for healthy recovery.
LFG1TF000.bin	u32	ffff8bd4	HCAN_RecoveryDeadline	State1=current tick+40/1000;state4=OLD deadline+40/1000; threshold10 retries. Unsigned comparison. Physical tick duration/wrap scheduling unproven.
LFG1TF000.bin	function	583dc	CAN_ProduceValidityDiagnosticGroups	Table5F198 maps8816->3A,AC7A->3B,880A->3C,880E->3D,8812->3E. A939==1 andA977/A978mask08 clear admit.2048 original producer cases plus3072 group3D admission/status cases. Timed3D and switched3C/3D recovery now execute through allthreeinputs; tcu-input-faults.txt.
LFG1TF000.bin	function	58504	CAN_CombineTwoValidityInputs	88EE/88EA ->AC7A: either1 ->1;both2 ->2;otherwise3.25 combinations plus full CAN215 invalid/recovery lifecycles verified; sharedgroup3B can substitute both values.
LFG1TF000.bin	label	5f198	CAN_ValidityDiagnosticTable	Five8-byte pointer/group records consumed583DC. First8816 linksCAN201 invalidword togroup3A; type0 interval500/count1. Typed data, not executable code.
LFG1TF000.bin	u8	ffffa770	CAN201_InvalidWordRawDiagnostic	Rawgroup3A from583DC:1 for admitted noninvalid input,3 for8816==1,0 whenproducerblocked; recovery can add80.
LFG1TF000.bin	u8	ffffa726	CAN201_InvalidWordActiveDiagnostic	Group3A: pending01,qualified05,healthy-pending44,cleared00 in executed lifecycle. Qualified state inhibitscut viaA97C/A98E,without serializedDTC or testedCANreportbits.
LFG1TF000.bin	u32	ffffa868	CAN201_InvalidWordDeadline	566E0/567C0 group3A starts currenttick+500. Validinput ordependencygate beforedeadline cancels; nextinvalid interval re-arms.
LFG1TF000.bin	u16	ffffa918	CAN201_InvalidWordQualificationCount	Group3A threshold1 inROM5EF18:one500-tick interval setsconfirmed04. Physicaltickunits remain open.
LFG1TF000.bin	u8	ffffa97c	CAN201_InvalidWordMappedSummary	570F6 mapsgroup3A tosummary24. Qualified1C ->A98E active inhibit; recovery11 retainslocalhistory without serializedDTC in testedfixture.
LFFEEE-stock.bin	function	366d4	CAN201_EncodeByte6Candidate	Float6CF8 ->6B3A via20B8 scale0.5 offset0; bounded quantization verified. TP_6CF8 XML clue is not proof of physical source.
LFFEEE-stock.bin	function	368a2	CAN201_SelectByte6	MAX(decoded6B3A,6718), re-encode then cap200;A3A4==1 ->FF.392 paired encoder cases; see can201-byte6.txt.
LFG1TF000.bin	function	21628	CAN201_SelectByte6ApplicationValue	Floor(8808*256/10) signed16 intermediate, cap25600;92D5mask08 ->zero. Verified over received raw0..254 and bounded held values.
LFG1TF000.bin	function	21500	CAN201_UpdateByte6History	Updates8098 and shifts four history words92BA..92C0. Jump thresholds15360/2560 latch92C2bit0, suppress92B8 change; timer8197>=6 and small long delta clear.600 histories verified.
LFG1TF000.bin	function	50a5c	CAN201_PublishByte6ValueAndStatus	A4D4=floor(8098*10/256);A4D6=4 if92D5mask08 else1 if880A==2 else2.1536 raw/held/fault cases.
LFG1TF000.bin	function	110b4	Timer_IncrementApplicationRanges	Bytes8188..8281 and words8330..8372 end exclusive; includes81EB/822C/D/F and hold timers81F2..81FD.2/16 primary slots; fullrange guardchecks and retained49B08 observations in tcu-adjustment-timers.txt. Physical period open.
LFG1TF000.bin	function	46cc8	Selection_ApplyChangeDependentFloor	Stock77334/77336 zero: negative92B8 AND92D5mask20 AND8080!=FF admits floor9B3C to*r4 andFF to*r5 if request below floor. Flag set resets82C5.108 isolated and720 complete pipeline cases;21734 clears enablingmask20. Injected activation is not normal-operation proof. See selection-pipeline.txt.
LFG1TF000.bin	u16	ffff8098	CAN201_Byte6ApplicationValue	21500 stores min25600 after scaling;92D5mask08 forceszero. Normal rawbyte*128. Signed intermediate domain documented.
LFG1TF000.bin	u16	ffff92b8	CAN201_Byte6HistoryChange	Signed current8098 minus fourth shifted history92C0; zero when92C2bit0 jump latch set. Consumers46CC8,396E4,3BB32.
LFG1TF000.bin	u16	ffff92ba	CAN201_Byte6PreviousValue	First of four history words92BA/BC/BE/C0 shifted by21500 before storing new8098.
LFG1TF000.bin	u8	ffff92c2	CAN201_Byte6JumpLatch	Bit0 suppresses92B8, not8098. Jump15360 with long delta2560 sets; small long delta and8197>=6 clears. Upper bits preserved.
LFG1TF000.bin	u8	ffff8197	CAN201_Byte6JumpTimer	110B4 increments saturating255;21500 resets at abs short delta>=15360 and requires>=6 for latch recovery.
LFG1TF000.bin	u16	ffffa4d4	CAN201_Byte6PublishedValue	50A5C publishesfloor(8098*10/256), normallyraw*5 capped1000.
LFG1TF000.bin	u8	ffffa4d6	CAN201_Byte6PublishedStatus	4 qualified fallback;1 valid880A==2;otherwise2. RawFF initially holdsold value before500-tick group3C qualification.
LFG1TF000.bin	u8	ffffa772	CAN201_InvalidByte6RawDiagnostic	583DC maps880A validity togroup3C:1 healthy,3 invalid,0 blocked. Type0 interval500/count1.
LFG1TF000.bin	u8	ffffa728	CAN201_InvalidByte6ActiveDiagnostic	Qualifiedgroup3C forcesbyte6zero viaA97E/A98D/92D5. Corrected:500 healthy ticks then next producer pass with80A4==0; same-tick clearing verified; no tested serializedDTC.
LFG1TF000.bin	u8	ffffa98d	Diagnostic_CAN201Byte6Aggregate	57258 combinesgroups35/36/3C;bit3 OR A98Fbit3 produces92D5masks08/80. Group3D also contributes viaA98F;146 group and1024 aggregate cases.
LFG1TF000.bin	u8	ffff92d5	ApplicationFaultFlags92D5	Masks08/80 fromA98Dbit3 OR A98Fbit3;groups35/36/3C/3D. Mask08 selectsCAN201byte6zero. Mask20 gates46CC8 floor but21734/21A16 unconditionally clears it;21C1C preserves it. Normal mask20 activation/intervening writers unproved; selection-pipeline.txt. Timed3C/3D cross-substitution now produces8098=0,809A=25600,809C=3200; tcu-input-faults.txt.
LFG1TF000.bin	function	21a16	Input_RefreshDefaultSelectionFields	Unconditionally clears92D5mask10/20; setsbits0/1/2 fromA57C/D/E!=0 andbit6 fromA598bit0, preserves88.512 complete21734 cases.9304/6/8 defaultzero.
LFG1TF000.bin	function	21734	Input_RefreshDefaultGroups	Calls21752,217A8,21876,21B2A,21A16,21B46 and21BA6. Task1E920 calls after21C1C and before21500.512 cases verify92D5mask20 cleared; normal46CC8 activation unproved.
LFG1TF000.bin	function	452dc	Selection_RunThreeStagePipeline	Stock7744C count3 dispatches5DEA0 entries44664/466B8/4662C onr4/r5 byte pointers.720 whole-call fixtures and6 paired ECU paths; entry order observed without hooks.
LFG1TF000.bin	function	4662c	Selection_ApplySevenRules	Copies two caller bytes tostack, calls46DB6/46D34/46DE4/46CC8/46D30/46A34/46B00, writesfinal pairback. Verified within720 complete452DC fixtures. Other branch controls explicitlyzero.
LFG1TF000.bin	function	44cfe	Selection_UpdateApplicationIndex	Fullcaller executed640 times ininput25->source/mode->two-record manager traces. Producesproposal1 fromfixture2,then48C08 accepts/createscode0. Allsource495C0 outputs independentlychecked; Newproducedfault trace:4508A changes1->4 at150,4->1 at211; downstreampair stages preserve it.32 savedRAM replays isolate809C substitution. Physicalgear unresolved; tcu-fault-selection.txt.
LFG1TF000.bin	label	5dea0	Selection_PipelineTable	Three32-bit code pointers44664/466B8/4662C consumed452DC, countfrom7744C=3. Original dispatch order dynamicallyverified.
LFG1TF000.bin	u16	7744c	Selection_PipelineStageCount	Stock3; signedword loopbound in452DC for5DEA0 table. Do not infer arbitrarycounts safe.
LFG1TF000.bin	u8	ffff8084	Selection_ApplicationIndex	44CFE static finalindex capped5; oldvalue copied9B3C beforepipeline. 488F4 ->48C08 admitscandidate9C85, selectsnext9C86/8085 andgatesaccepted8081/CAN231.144 pairedpaths. Physicalstate unresolved.
LFG1TF000.bin	u8	ffff9b3c	Selection_PreviousIndex	44CFE copiesprior8084 here;46CC8 uses asfloor only withnegative92B8 and92D5mask20.21734 clearsflag, so injectedfloor proof is conditional.
LFG1TF000.bin	function	244fa	StateCache_WriteByte	Writes605C+index foru16index<010D, else626E+index-010D.1536 byte/sentinelcases. Index12=606E requested,13=606F acceptedstate. NoEEPROMclaim.
LFG1TF000.bin	function	24532	StateCache_ReadByte	Reads indexedbyte from605C/626E banks withthreshold010D;signextendsresult.1536 roundtripcases verified. Usedby44CD0/48BC0 initialization.
LFG1TF000.bin	function	48bc0	Selection_InitializeAcceptedState	Loadsindex13/606F, copies8081/8085/9C85/9C86/9C80;9C87=FF,9C88/89=0. Executed before144 transitionfixtures.
LFG1TF000.bin	function	48c08	Selection_UpdateAcceptedState	488F4 candidatehold ->47B3C nextindex ->48174 acceptance. Updates8081 onlypending/admittedchange;8085=next evenwhenblocked.144 pairedTCU-CAN231-ECU cases,7 gate and8 delay checkpoints; selection-reporting.txt.
LFG1TF000.bin	function	488f4	Selection_AdmitDelayedCandidate	Reads8084, lastrequest9C75, direction9C77, timer815F/duration9C76; returnsFF whilepending elsecandidate.9C74 storesresult. Full37/18 countboundarylifecycles verified.
LFG1TF000.bin	function	489ee	Selection_SelectCandidateDelay	Stock75310 four5-byte rows:37/37/37/0/0,zeros,18s,zeros. Risingrow selected9C79bit1/9410bit2; fallingrow3. Timeunitsunproved.
LFG1TF000.bin	function	48a62	Selection_UpdateDelayRowLatch	Updates9C79bit1 fromsigned9340 thresholds7735C=-5120/7735E=256 and92D5bit0/oldbit2. Usedinexecuted37/18-count candidatefixtures; sourceunitsunproved.
LFG1TF000.bin	function	48174	Selection_CheckTransitionAcceptance	9545bit2 blocksall. Otherwiseclassr5 selects484D0/487B8/48812/48860, then916Cbit0 overridesresult1.2520 helpercases. Onsuccesswithr4!=FF stores9C64. Gate writer2D1BC is called by2C7B0; see transition-gate.txt.
LFG1TF000.bin	function	47b72	Selection_SelectOneStepCandidate	Table5E1E8 indexedold8081 andrequestedr4; stock6x6 stepsone towardrequest.916Cbit0 bypasses. Priortransitionr5==0B speciallowrequestcase.144 complete48C08 fixtures exerciseordinarypath.
LFG1TF000.bin	function	48f20	Transition_BuildWorkRecords	Original transition event1 producer.32 initialized126EC tasks create overlapping group7 codes0/1/2 at1/5/9.352 explicit11014/task pairs emit sixpayloads through48FAC; code7/op10 creates phasework without numericrequest; latergroup8 work retires. No forcedevent1/ack, physicalcadence unproved. tcu-initialized-requests.txt.
LFG1TF000.bin	label	5e1e8	Selection_OneStepTable	Sixrows ofsixbytes:nextindex fromold8081/request. Ordinaryentriesholdorstepone. Directstateoverride916Cbit0 bypasses; typeddata.
LFG1TF000.bin	u8	ffff8085	Selection_NextIndex	48C08 publishes9C86 here evenwhen9545bit2 preventsaccepted8081 update. NotdirectCAN231source.
LFG1TF000.bin	u8	ffff606e	Selection_RequestedIndexCache	244FA/24532 index12 byte.44CFE writes8084 here;RAMcache, powercyclepersistenceunproved.
LFG1TF000.bin	u8	ffff606f	Selection_AcceptedIndexCache	Index13:48BC0 readsinitialstate;48C08 writesaccepted8081, includingblocked-holdcases.144 pairedstates verified.
LFG1TF000.bin	u8	ffff9c85	Selection_AdmittedCandidate	48C08 retainsoldcandidate when488F4 returnsFF duringdelay;otherwiseupdatesfromrequest. Distinctfromnext9C86 andaccepted8081.
LFG1TF000.bin	u8	ffff9c86	Selection_NextCandidate	47B3C result;changedcandidate sets9C8Abit0. Alwayspublished8085;8081 changesonlyonacceptance.
LFG1TF000.bin	u8	ffff9c87	Selection_TransitionCode	48BC0 initializesFF;48C08 updatesfrom4744C onacceptedchange;48F20 consumes. Observedsoftwaretransitioncodes;physicalmeaningunproved.
LFG1TF000.bin	u8	ffff9c8a	Selection_PendingFlags	Bit0 setwhen9C86 changes,clearedwhen48174 admitsnewstate.9545bit2 canholdpending whileCAN231 reportsold8081. Bits1/2 are phase-mode hysteresis/inhibit from49162/491C4, preserving pendingbit0; tcu-phase-mode.txt.
LFG1TF000.bin	u8	ffff815f	Selection_CandidateDelayTimer	488F4 reads/resets. Explicit37/18 boundaryfixtures releasecandidate. Servicefrequencyandphysicaltimeunproved.
LFG1TF000.bin	u8	ffff9c74	Selection_DelayedCandidateResult	488F4 storesFF duringdelay,otherwise8084. Testedholdat36/release37 andhold17/release18 withstockcalibration.
LFG1TF000.bin	u8	ffff9545	Transition_ControlFlags	Bit2 unconditionally blocks48174 acceptance,including916C override. Mask04 writer2D1BC uses previous954D and9594/959C==2; complete caller2C7B0 and paired CAN231/ECU tests in transition-gate.txt. Otherbitsnotcoveredhere.
LFG1TF000.bin	function	2c7b0	Transition_UpdateLocalMode	Executes policy helpers, calls2D1BC before saving new954D; saves8080 in954C.192 paired caller-to-CAN231/ECU cases and7 lifecycle steps; other policy details not exhaustive. See transition-gate.txt.
LFG1TF000.bin	function	2d1bc	Transition_UpdateAcceptanceBlock	9545mask04 = (oldmask04 OR r4byte in0/5) AND (r4byte==954D OR r4byte==FF) AND (9594==2 OR959C==2). Otherbits preserved;65536 matrix and3072 byte sweep cases.
LFG1TF000.bin	function	2f008	Transition_InitializeState9594	Set9594=1.
LFG1TF000.bin	function	2f010	Transition_AdmitState9594	If2F0C2 reports1, set9594=2 and81CE=0; otherwise retain.1280 source cases paired with2F222.
LFG1TF000.bin	function	2f0b0	Transition_ResetState9594	Set9594=1 and tailcall2D354 withindex4. Explicit reset in tested lifecycle; normal scheduling condition unproved.
LFG1TF000.bin	function	2f0bc	Transition_ReadState9594	Sign-extended byte getter;2D1BC reinterprets unsigned and compares2.
LFG1TF000.bin	function	2f0c2	Transition_CheckState9594Admission	Returns1 iff9564==2 OR9558==2, via original getters2DB4C/2D6D6.
LFG1TF000.bin	function	2f214	Transition_InitializeState959C	Set959C=1 and81D7=FF.
LFG1TF000.bin	function	2f222	Transition_AdmitState959C	9564==2 admits959C=2, snapshots80F2 to959E and resets81D7. Also computes95A0bit0; latter thresholds not exhaustively asserted.1280 cases in transition-gate.txt.
LFG1TF000.bin	function	2f4a8	Transition_ResetState959C	Set959C=1, clear95A0bit0 and tailcall2D354(index4). Explicit reset lifecycle fixture, not scheduler proof.
LFG1TF000.bin	function	2f4bc	Transition_ReadState959C	Sign-extended byte getter;2D1BC reinterprets unsigned and compares2.
LFG1TF000.bin	function	2f4f4	Transition_CheckState959CAdmission	Returns1 iff2DB4C reads9564==2.
LFG1TF000.bin	function	2db4c	Transition_ReadState9564	Sign-extended byte getter used by admission checks2F0C2/2F4F4. Upstream producer and physical role unproved.
LFG1TF000.bin	function	2d6d6	Transition_ReadState9558	Sign-extended byte getter used by2F0C2. Upstream producer and physical role unproved.
LFG1TF000.bin	u8	ffff954c	Transition_PreviousApplicationClass	2C7B0 saves8080 after local mode processing; prior value feeds2C892.
LFG1TF000.bin	u8	ffff954d	Transition_PreviousLocalMode	Compared by2D1BC before2C7B0 saves newly selected local mode. Distinct from accepted selection8081; physical mode naming unproved.
LFG1TF000.bin	u8	ffff9594	Transition_State9594	Initialized/reset1;2F010 admits2 when9564 or9558 equals2. State2 can retain9545mask04. Scheduler and physical role unproved.
LFG1TF000.bin	u8	ffff959c	Transition_State959C	Initialized/reset1;2F222 admits2 when9564==2. State2 can retain9545mask04. Scheduler and physical role unproved.
LFG1TF000.bin	u8	ffff9564	Transition_SourceState9564	Getter2DB4C; value2 admits both9594 and959C. Source fixture in verifier; upstream producer untraced.
LFG1TF000.bin	u8	ffff9558	Transition_SourceState9558	Getter2D6D6; value2 independently admits9594. Source fixture in verifier; upstream producer untraced.
LFFEEE-stock.bin	function	3b5c6	CAN216_InvertQuadraticModel	Positive curvature outside deadband:6E08=71AC-iterative_root(max(71B0-6E04-71E0-71CC+protected71D0,0)/71A8). Otherwise holds.51 model/hold cases; full paired TCU sender to spark.3B5FE is interior, not entry.
LFFEEE-stock.bin	function	3ae82	CAN216_CompareNumericRequest	6E3A=1 iff MTbit734A40clear AND71C0>6E04; else0.40 original-code cases cover strict comparison/mode.
LFFEEE-stock.bin	function	3aeec	CAN216_UpdateSparkAdmission	6E2F requires6566=65DD=6530=protected700E=1,6531=8EF8=8F30=protectedA3A4=8F4B=0.512 combinations; physical gate identities open.
LFFEEE-stock.bin	function	5295c	CAN216_SelectSparkCorrection	If6E3A==1 AND6E2F==1,7C74=min(7A80-6E08,BFAE4); otherwise0. No lower clamp.45 cases;480 paired simultaneousCAN211/216 paths reach final spark and separate cut commands.
LFFEEE-stock.bin	f32	ffff6e04	CAN216_SelectedNumericRequest	3B584 selection from6A34, consumed by model3B5C6 and comparison3AE82. Paired source915A->CAN216->per-cylinder spark verified; physical request units unproved.
LFFEEE-stock.bin	f32	ffff6e08	CAN216_InvertedModelValue	3B5C6 output used by5295C to compute AT spark correction. Shared quadratic coefficients with211 path; differing numerator terms. Synthetic coefficient tests only.
LFFEEE-stock.bin	u8	ffff6e2f	CAN216_SparkAdmission	Produced3AEEC from nine local conditions;5295C requires exactly1.512 Boolean combinations pass.
LFFEEE-stock.bin	u8	ffff6e3a	CAN216_NumericRequestActive	3AE82 requires nonMT and71C0>6E04.5295C requires exactly1.
LFFEEE-stock.bin	f32	ffff7c74	CAN216_SparkCorrection	AT correction produced5295C and added alongsideCAN2117D2C by4FD9C; no winner-only selection between these two. Normal output branch verified; negative allowed by isolated producer.
LFFEEE-stock.bin	f32	bfae4	CAN216_SparkCorrectionUpperBound	Stock bits421EE80A =39.726600646972656.5295C appliesmin against difference7A80-6E08; no physical unit assignment.
LFG1TF000.bin	function	1fb18	SparkRequest_InitializeRecords	Initialize five915C words7FFF, five9166 bytesFF,915A7FFF and80BE0. Original software-double helper executes; tcu-spark-requests.txt.
LFG1TF000.bin	function	1fb4a	SparkRequest_SetRecord	r4 index,r5 signed-word value,r6 mode byte ->915C+2*index and9166+index.175 set/reset cases cover validindices0..4 only.
LFG1TF000.bin	function	1fb6e	SparkRequest_ResetRecord	Set indexed915C word7FFF and9166 byteFF. Index bounds not established beyond tested0..4.
LFG1TF000.bin	function	1fb8c	SparkRequest_SelectCAN216Source	Stock5CD0C enables slots1/2; later nonsentinel value/mode selected independently. Ignore local slot2zero when slot1present. Mode1 givesmax(signed16(92E4-selected),0),else7FFF ->915A;80BE=-selected,9158bit0=mode!=0.4900 cases plus paired ramp; see tcu-spark-requests.txt. Joined originalECU201/215 encodedinputs/capture/full126EC produce915A306 at167/168; actualpreservedflags packet0209 normalizes9 in originalECU35034/34CEC. Clone/receivegates explicit, no fullECU/spark or bus claim. See tcu-captured-requests.txt.
LFG1TF000.bin	function	3065a	Request_SelectLastByte	Walk signed-byte countR5; returnLAST nonFF byte ordefaultR6. Also executed1F3CE count11/default4 afterdisabledslots4/6clear. See tcu-source-inhibit.txt andprior1FB8C count5.
LFG1TF000.bin	function	30686	Request_SelectLastWord	Walk signed-byte count r5, overwrite default r6 with each signed word !=7FFF. Returns LAST nonsentinel. Called1FB8C withcount5.
LFG1TF000.bin	function	2c234	SparkRequest_UpdateRecordOne	2C30C admission; active9530bit0 calls2C43A/2C400; stores953A and9542bit0 through1FB4A(index1), otherwise resets record/phase.900 full phase3 caller cases and5 paired CAN216/ECU lifecycle samples. Entry phase1/2 unproved.
LFG1TF000.bin	function	2c30c	SparkRequest_CheckRecordOneAdmission	Class8080 not0/FF,916Fbit0clear,9B40 not0A/11 AND either accepted8081=0 withclass!=1 oraccepted=1 withclassnot1/2.512 cases, high-bit classes included.
LFG1TF000.bin	function	2c43a	SparkRequest_CalculateRecordOneValue	Phase953F3: signed953C*(953E-8170)/953E via saturating10D0C. Positive duration10/elapsed0..10 tested through fullcaller. Phases1/2 and physical role unresolved.
LFG1TF000.bin	function	2c400	SparkRequest_CheckRecordOneContinuation	Requires8171<ROM76FF6=122; phase953F3 additionally requires953A>0. Fullcaller boundary cases; time units unproved.
LFG1TF000.bin	function	216d8	SparkRequest_ConvertBaseInputs	Signed80B4*32/10 truncates then saturates16 via10D0C ->92E2/92E4. Also80B2 ->92E6 andA528 ->92D2 flag. CAN215 conversion and diagnostic selection now executed end-to-end; see can215-feedback.txt.
LFG1TF000.bin	u16	ffff915a	CAN216_NumericRequestSource	1FB8C final selected numeric request;7FFF sendsFFFE through18F10. Paired original producer-to-ECU spark tests; physical units unproved.
LFG1TF000.bin	label	ffff915c	SparkRequest_ValueRecords	Five signed-word records. Stock only1/2 retained;7FFF absent sentinel.1FB4A/1FB6E write/reset.
LFG1TF000.bin	label	ffff9166	SparkRequest_ModeRecords	Five bytes, FF absent sentinel;1FB8C chooses last nonsentinel independently of word records. Selected1 admits subtraction, other modes emit7FFF.
LFG1TF000.bin	u8	ffff9158	SparkRequest_SelectedModeFlags	1FB8C preserves upperbits and setsbit0 iff selected mode nonzero; this is broader than mode==1 numeric admission.
LFG1TF000.bin	u16	ffff80be	SparkRequest_NegatedSelectedReduction	1FB8C writes negative selected reduction modulo65536 under interrupt-mask protection. Physical units unproved.
LFG1TF000.bin	u16	ffff92e4	SparkRequest_BaseValue	216D8 saturated signed80B4*32/10.1FB8C subtracts selected reduction before signed16 lower clamp;80B4 producer remains static lead.
LFG1TF000.bin	u16	ffff80b4	SparkRequest_BaseInput	GBRword180;516E6 selects CAN215 difference88E8/validity88EA with A98C hold/substitute policy.216D8 scales to92E4; complete feedback verified.
LFG1TF000.bin	u8	ffff953f	SparkRequest_RecordOnePhase	Phase3 ramp tested from already-active fixture.2C234 reset clears it. Phase1/2 entry/physical meaning open.
LFG1TF000.bin	label	5cd0c	SparkRequest_RecordEnableTable	Five bytes00 01 01 00 00;1FB8C resets disabled records0/3/4 everycall. Explicit typed data.
LFFEEE-stock.bin	function	369d6	CAN215_BuildFields	Copies6E2E to6B62; executes numeric/status builders and tail36C74. Verified together with packer; see can215-feedback.txt.
LFFEEE-stock.bin	function	36a28	CAN215_Pack	Packs8 bytes at6B50 when734A has40 or80; otherwise retains payload. Both transmission modes publish. No hardware transmission emulated.
LFFEEE-stock.bin	function	36ad8	CAN215_EncodeWord0	71EC ->6B58 ->bytes0/1: truncate(source+512+0.5), clamp0..65534.6B62 exactly1 emitsFFFF.
LFFEEE-stock.bin	function	36b68	CAN215_EncodeWord2	71B4 ->6B5A ->bytes2/3: truncate(source+512+0.5), clamp0..65534.6B62 exactly1 emitsFFFF.
LFFEEE-stock.bin	function	36ba4	CAN215_EncodeWord4	Protected71C4 ->6B5C ->bytes4/5 with same offset/rounding/clamp/sentinel. Shared model input also affects CAN211.
LFG1TF000.bin	function	1acf0	CAN215_ConvertFields	Complete stock conversion callback executed with transferred ECU CAN215;177DC offset precedes17854 difference.
LFG1TF000.bin	function	177dc	CAN215_ConvertOffset	Word4 !=FFFF:88E4=clip16(10*(raw-512)),88E6=2. Invalid holds old number and sets validity1.
LFG1TF000.bin	function	17854	CAN215_ConvertDifference	Valid word0 and88E6==2:88E8=clip16(10*(raw0-512)-signed88E4),88EA=2. Else holds number; validity1 for invalid dependency, otherwise3.
LFG1TF000.bin	function	516d8	CAN215_InitializeBaseInput	Static initialization:5FD50=9240 ->80B4; A538=0. Initialization not executed by new feedback verifier.
LFG1TF000.bin	function	516e6	CAN215_SelectBaseInput	Fresh88E8 if88EA==2 andA98Cbit0; elsebit2 substitute9240/status4, elsebit1 substitute9240/status3, else hold/status2. Clamp selected value -1000..9240.
LFG1TF000.bin	function	1c812	CAN215_ReadWord0	Returns BE word bytes0/1 of CAN215 receive buffer8F2C; executed by complete callback.
LFG1TF000.bin	function	1c866	CAN215_ReadWord4	Returns BE word bytes4/5 of CAN215 receive buffer8F2C; executed by complete callback.
LFFEEE-stock.bin	f32	ffff71ec	CAN215_PrimaryModelInput	Encoded as CAN215word0. Produced by40888 from stock model andauxiliaryoffsets; full feedback verified. Physical units unresolved.
LFFEEE-stock.bin	f32	ffff71c4	CAN215_SharedModelOffset	4097E sums71CC/71D8/71E0/7258 into protectedCAN215word4 source andCAN211 offset. Stock-source feedback verified.
LFFEEE-stock.bin	u16	ffff6b58	CAN215_EncodedWord0	BE field bytes0/1; numeric offset512 and invalidFFFF.
LFFEEE-stock.bin	u16	ffff6b5c	CAN215_EncodedWord4	BE field bytes4/5; numeric offset512 and invalidFFFF.
LFFEEE-stock.bin	u8	ffff6b62	CAN215_EncodeInvalidFlag	Copied from6E2E; exactly1 forces all three numeric words toFFFF.
LFG1TF000.bin	u16	ffff88e4	CAN215_ConvertedOffset	Signed clipped10*(word4-512). Held on invalid input; subtract after this clipping.
LFG1TF000.bin	u8	ffff88e6	CAN215_OffsetValidity	2 valid;1 invalid word4 with retained numeric value.
LFG1TF000.bin	u16	ffff88e8	CAN215_ConvertedDifference	Signed clipped10*(word0-512)-signed88E4. Held when either dependency invalid/unready.
LFG1TF000.bin	u8	ffff88ea	CAN215_DifferenceValidity	2 fresh,1 invalid input/dependency,3 unready other dependency. Consumed by516E6.
LFG1TF000.bin	u8	ffffa538	CAN215_BaseSelectionStatus	516E6 selection result:1 fresh,2 held,3 summarybit1 substitute,4 summarybit2 substitute.
LFG1TF000.bin	u8	ffffa98c	CAN215_BaseDiagnosticSummary	570F6/57258 combine groups35/36/3B via5FCC0. Active2/4 can substitute9240; stored history alone does not. Group3B timed invalid qualification and500-tick healthy recovery now executed; see can215-invalid.txt.
LFG1TF000.bin	label	5fcc0	CAN215_BaseDiagnosticGroupList	Stock bytes1F202500 indexA958+A977/A978/A97D, mapped to diagnostic groups35/36/3B. All73 groups tested in states2/4/16.
LFG1TF000.bin	function	178ec	CAN215_InitializeSecondDifference	Executed initialization:88EC=9240 and88EE=0 from5FD58.
LFG1TF000.bin	function	178fc	CAN215_ConvertSecondDifference	BEword2 via1C83C minus converted offset88E4:clip16(10*(raw-512)-signed88E4). Invalid/unready holds number;88EE2/1/3.400 callback and20 dependency cases.
LFG1TF000.bin	function	1c83c	CAN215_ReadWord2	Returns BE bytes2/3 ofCAN215 buffer8F2C; executed by178FC and complete1ACF0 callback.
LFG1TF000.bin	function	517a4	CAN215_InitializeSecondApplicationValue	Executed:80B2=9240 andA53C=0.
LFG1TF000.bin	function	517b2	CAN215_SelectSecondApplicationValue	Fresh88EC if88EE2 andA98Cbit0; otherwisebit2/bit1 ->9240/status4/3, elsehold/status2. Clamp -1000..9240.4096 policy/scaling cases; sharedgroup3B affects both fields.
LFG1TF000.bin	u16	ffff88ec	CAN215_ConvertedSecondDifference	Signed bytes2/3 difference after subtracting clipped88E4. Invalidity holds number.
LFG1TF000.bin	u8	ffff88ee	CAN215_SecondDifferenceValidity	2 fresh,1 invalid,3 unready. Combined with88EA by58504 forgroup3B.
LFG1TF000.bin	u16	ffff80b2	CAN215_SecondApplicationValue	517B2 selects/clamps88EC usingA98C;216D8 scales*32/10 to92E6. Physical role unproved.
LFG1TF000.bin	u8	ffffa53c	CAN215_SecondSelectionStatus	1 fresh,2 held,3 summarybit1 substitute,4 summarybit2 substitute.
LFG1TF000.bin	u8	ffffac7a	CAN215_CombinedValidity	58504: either88EA/88EE1 ->1;both2 ->2;otherwise3. Table5F1A0 ->group3B.
LFG1TF000.bin	u8	ffffa771	CAN215_InvalidRawDiagnostic	583DC group3B raw status; invalid aggregate starts500-tick qualification when admitted.
LFG1TF000.bin	u8	ffffa727	CAN215_InvalidActiveDiagnostic	Qualifiedgroup3B substitutes both80B4/80B2.500 healthy ticks then next producer pass with80A4==0 clears; same-tick second pass verified.
LFG1TF000.bin	label	ffffa86c	CAN215_InvalidQualificationDeadline	32-bit diagnostic tick deadline: first invalid tick+500. Switching invalid field keeps original deadline.
LFG1TF000.bin	u16	ffffa91a	CAN215_InvalidQualificationCount	Type0group3B configured count1.
LFG1TF000.bin	u8	ffffa97d	CAN215_InvalidMappedSummary	Group3B mapped summary feedsA98C withgroups35/36. History remains after recovery; isolated serializer/report bits remainclear.
LFFEEE-stock.bin	function	40560	Model_SelectCoefficientsAndEvaluate	Stock12 maps in4 branches selected by718C/74F1/657E ->71A8/AC/B0. Computes c-a*(b-command)^2 for7A74/7A80 ->71F4/F8.243 producer cases; model-sources.txt.
LFFEEE-stock.bin	function	407b4	Model_CalculateAuxiliaryOffsets	A232C at6DB4/6D20 ->71CC,at6DB4/80 ->71D0. max(curveA2218-71D0,0)*curveA2224 ->71D8.48 varied producers and complete feedback execute.
LFFEEE-stock.bin	function	40916	Model_CalculateRatioOffset	If abs6814>0.48828125:7200=(6828/6814)*curveA2230(67DC);elsehold.71E0=7200+C1428 onlyif67AC==1.162 cases.
LFFEEE-stock.bin	function	4097e	Model_SumPublishedOffset	Protected71C4=71CC+71D8+71E0+protected7258. Original protected read/write helpers execute.
LFFEEE-stock.bin	function	40888	Model_BuildCAN215Sources	71FC=71F4+D0+D8;71EC=71F8+D0+D8;71B4=71FC*max(8-unsigned71F0,0)/8.2304 count/source cases plus stock-map feedback.
LFFEEE-stock.bin	function	409ac	Model_SubtractPublishedOffset	Subtract protected71C4 from71B4/71FC/71EC ->71B8/71BC/71C0.71C0 feeds AT request enable comparison.
LFFEEE-stock.bin	function	40660	Model_UpdatePatternCount	Calls46284 to generate74F1. Force8 if73C4mask60 or73B8==1;elsepopcount74F1 if718C==1,else0.2160 cases;54 feedback paths use produced count.
LFFEEE-stock.bin	function	46284	Pattern_BuildModelMask	7182 ->4632A index tables using6542 ->74F4;718C gates/caps74F0;4639C uses74F2 to produce74F1. Executed within40660; event sampling and cylinder inhibition now in traction-pattern.txt.
LFFEEE-stock.bin	function	236c	Lookup_FloatMap2D	Original descriptor dispatch/axis search/bilinear float interpolation.5508 node/midpoint/bounds cases across13 stock maps; tested encoding0. MACH/MACL restored.
LFFEEE-stock.bin	function	22f8	Lookup_FloatCurve	Original axis-clamped curve interpolation;71 cases acrossA2218/A2224/A2230. Other encodings unverified.
LFFEEE-stock.bin	f32	ffff71a8	Model_QuadraticCurvature	40560 stock map coefficient a; shared CAN211 andCAN216 inverse models.
LFFEEE-stock.bin	f32	ffff71ac	Model_QuadraticCenter	40560 stock map coefficient b; shared model center.
LFFEEE-stock.bin	f32	ffff71b0	Model_QuadraticPeak	40560 stock map coefficient c; forward model c-a*(b-command)^2.
LFFEEE-stock.bin	f32	ffff71f4	Model_AtCurrentSpark	40560 evaluates quadratic with7A74;40888 includes offsets and pattern count.
LFFEEE-stock.bin	f32	ffff71f8	Model_AtBaselineSpark	40560 evaluates quadratic with7A80;40888 publishes via71EC andCAN215word0.
LFFEEE-stock.bin	f32	ffff71cc	Model_CurrentAuxiliaryOffset	407B4 readsA232C at6DB4/6D20.
LFFEEE-stock.bin	f32	ffff71d0	Model_ReferenceAuxiliaryOffset	Protected407B4 output fromA232C at6DB4/fixed80; also in network inverse models.
LFFEEE-stock.bin	f32	ffff71d8	Model_ScaledAuxiliaryOffset	Protected407B4 output max(curveA2218-71D0,0)*curveA2224; shared publication/inversion.
LFFEEE-stock.bin	f32	ffff71e0	Model_RatioOffset	40916 produced/held7200 plusC1428 onlyif67AC==1.
LFFEEE-stock.bin	f32	ffff71b4	CAN215_SecondModelInput	40888 count-scaled71FC,encoded by36B68. Complete stock-model feedback verified.
LFFEEE-stock.bin	f32	ffff71b8	Model_NetCountScaledValue	409AC:71B4-protected71C4; wire counterpart includes quantization andTCU clipping.
LFFEEE-stock.bin	f32	ffff71bc	Model_NetUnscaledValue	409AC:71FC-protected71C4.
LFFEEE-stock.bin	f32	ffff71c0	Model_NetBaselineValue	409AC:71EC-protected71C4.3AE82 compares againstreturnedATrequest; now uses produced value in198 stock-model feedback cases.
LFFEEE-stock.bin	f32	ffff71fc	Model_UnscaledCurrentValue	40888:71F4+protected71D0+protected71D8.
LFFEEE-stock.bin	u8	ffff71f0	Model_PatternCount	40660 force8 orpopcount74F1 under718C. Normalrange0..8; scales outgoing215 and incoming211 conversion. Eight event positions across four cylinders; see traction-pattern.txt. Physical scheduling remains open.
LFFEEE-stock.bin	label	a223c	Model_Map0_Curvature	Stock float2D descriptor;branch0 as documented inmodel-sources.txt. Allnodes/cellmidpoints andcorners executed; physicalaxis units unproved.
LFFEEE-stock.bin	label	a2250	Model_Map0_Center	Stock float2D descriptor;branch0 as documented inmodel-sources.txt. Allnodes/cellmidpoints andcorners executed; physicalaxis units unproved.
LFFEEE-stock.bin	label	a2264	Model_Map0_Peak	Stock float2D descriptor;branch0 as documented inmodel-sources.txt. Allnodes/cellmidpoints andcorners executed; physicalaxis units unproved.
LFFEEE-stock.bin	label	a22a0	Model_Map1_Curvature	Stock float2D descriptor;branch1 as documented inmodel-sources.txt. Allnodes/cellmidpoints andcorners executed; physicalaxis units unproved.
LFFEEE-stock.bin	label	a22dc	Model_Map1_Center	Stock float2D descriptor;branch1 as documented inmodel-sources.txt. Allnodes/cellmidpoints andcorners executed; physicalaxis units unproved.
LFFEEE-stock.bin	label	a2318	Model_Map1_Peak	Stock float2D descriptor;branch1 as documented inmodel-sources.txt. Allnodes/cellmidpoints andcorners executed; physicalaxis units unproved.
LFFEEE-stock.bin	label	a228c	Model_Map2_Curvature	Stock float2D descriptor;branch2 as documented inmodel-sources.txt. Allnodes/cellmidpoints andcorners executed; physicalaxis units unproved.
LFFEEE-stock.bin	label	a22c8	Model_Map2_Center	Stock float2D descriptor;branch2 as documented inmodel-sources.txt. Allnodes/cellmidpoints andcorners executed; physicalaxis units unproved.
LFFEEE-stock.bin	label	a2304	Model_Map2_Peak	Stock float2D descriptor;branch2 as documented inmodel-sources.txt. Allnodes/cellmidpoints andcorners executed; physicalaxis units unproved.
LFFEEE-stock.bin	label	a2278	Model_Map3_Curvature	Stock float2D descriptor;branch3 as documented inmodel-sources.txt. Allnodes/cellmidpoints andcorners executed; physicalaxis units unproved.
LFFEEE-stock.bin	label	a22b4	Model_Map3_Center	Stock float2D descriptor;branch3 as documented inmodel-sources.txt. Allnodes/cellmidpoints andcorners executed; physicalaxis units unproved.
LFFEEE-stock.bin	label	a22f0	Model_Map3_Peak	Stock float2D descriptor;branch3 as documented inmodel-sources.txt. Allnodes/cellmidpoints andcorners executed; physicalaxis units unproved.
LFFEEE-stock.bin	label	a232c	Model_AuxiliaryMap	Float2D lookup at6DB4/6D20 and6DB4/80; current/reference auxiliary terms.
LFFEEE-stock.bin	label	a2218	Model_AuxiliaryCeilingCurve	Floatcurve input6DB4 ->7204.
LFFEEE-stock.bin	label	a2224	Model_AuxiliaryMultiplierCurve	Floatcurve input6CD4 ->7208.
LFFEEE-stock.bin	label	a2230	Model_RatioMultiplierCurve	Floatcurve input67DC multipliedby6828/6814 outside deadband.
LFFEEE-stock.bin	function	3f35c	Pattern_BuildModelThresholds	Stock quadratic maps at6DB4/6F20/7A84 plusD0/D8;7128 produces3/4,1/2,1/4 thresholds.81 producer cases. See traction-pattern.txt.
LFFEEE-stock.bin	function	3fafc	Pattern_UpdateRequestHysteresis	715C versus712C/7130/7134 with stock hysteresis5;7188/89/8A hold at lower equality.718B uses0.75 plus1/128 deadband.567 cases.
LFFEEE-stock.bin	function	3fd4c	Pattern_SelectRequestIndex	First exact-one among7188/89/8A/8B selects0/1/2/3;else4 into7181.243 priority/enable cases.
LFFEEE-stock.bin	function	3fd9c	Pattern_ApplyRequestEnable	Stock C11E6 override disabled;6590 nonzero copies7181 to7182,otherwise0.
LFFEEE-stock.bin	function	404e6	Pattern_Hysteresis	FR4>=FR5 sets1;FR4<FR5-FR6 clears0;otherwise hold inputR4. Executed in complete request classifier.
LFFEEE-stock.bin	function	45d60	Pattern_MapEngineEvent	With6DFE==1 map6DF2 events2/0/4/6 to7493 cylinders1/2/3/4;7494 alternate mapping. Otherwise hold.1152 mapping/position cases.
LFFEEE-stock.bin	function	45e18	Pattern_AdvanceEventPosition	6DFE==1 and7493!=0;active718C==1 with old749B0 resets7492,otherwise increments through0..7.
LFFEEE-stock.bin	function	45e74	Pattern_SampleAndClearCylinder	Sample74F1 bit7492 ->749A;nonzero cylinder clears749E+c mask40 and records activity749B.7534 history/countdown separate.8192 pattern and243 gate/history cases.
LFFEEE-stock.bin	function	4603c	Pattern_ApplyCylinderInhibition	6DFE==1,cylinder7493!=0,749A==1 sets749E+c mask40;always calls42EA8.120 CAN211-to-mask paths; final hardware unproved.
LFFEEE-stock.bin	function	462ca	Pattern_UpdateRotationPhase	Eligible level1..6 reload74F3=40 ifzero;elseposition7 decrements. Resultzero advances74F2,3->0.2160 cases and1280-event synthetic lifecycle.
LFFEEE-stock.bin	function	4632a	Pattern_MapIndexToLevel	Index0 returns0;else clamp4 and read C4FD4 if6542==0,otherwiseC4FD8. Executed within40660.
LFFEEE-stock.bin	function	4639c	Pattern_SelectPhaseMask	Stock C4FB8 override disabled.74F0 level and74F2 phase select event mask;invalidphase/nonzero level ->FF.324 mask/count cases.
LFFEEE-stock.bin	function	1f864	Pattern_GetCylinderInhibitMask	Returns word736A. Complete1FB5A caller ->20290 ->timer-register writes verified inoutput-inhibition.txt. Pin routing remains unproved.
LFFEEE-stock.bin	u8	ffff7181	Pattern_ClassifiedIndex	3FD4C priority output0..4.
LFFEEE-stock.bin	u8	ffff7182	Pattern_EnabledIndex	3FD9C ->46284 pattern level lookup.
LFFEEE-stock.bin	u8	ffff7188	Pattern_UpperThresholdLatch	Request threshold712C with hysteresis5.
LFFEEE-stock.bin	u8	ffff7189	Pattern_MiddleThresholdLatch	Request threshold7130 with hysteresis5.
LFFEEE-stock.bin	u8	ffff718a	Pattern_LowerThresholdLatch	Request threshold7134 with hysteresis5.
LFFEEE-stock.bin	u8	ffff718b	Pattern_MinimumRequestFlag	Request greater than0.75 by more than1/128.
LFFEEE-stock.bin	u8	ffff74f0	Pattern_Level	Active-gated lookup result capped7.
LFFEEE-stock.bin	u8	ffff74f1	Pattern_EventMask	Eight event positions across four cylinders; sample45E74 and model popcount40660.
LFFEEE-stock.bin	u8	ffff74f2	Pattern_RotationPhase	462CA maintains0..3 phase;4639C selects mask.
LFFEEE-stock.bin	u8	ffff74f3	Pattern_RotationCountdown	Reload40;decrement at position7;call scheduling unproved.
LFFEEE-stock.bin	u8	ffff74f4	Pattern_UngatedLevel	4632A output before718C gate.
LFFEEE-stock.bin	u8	ffff7492	Pattern_EventPosition	45E18 advances0..7 or resets on activity entry.
LFFEEE-stock.bin	u8	ffff7493	Pattern_EventCylinder	45D60 maps event2/0/4/6 to1/2/3/4.
LFFEEE-stock.bin	u8	ffff7494	Pattern_AlternateEventCylinder	45D60 alternate mapping consumed by45CFA.
LFFEEE-stock.bin	u8	ffff749a	Pattern_CurrentEventInhibit	Sample of74F1 at7492,consumed4603C.
LFFEEE-stock.bin	u8	ffff749b	Pattern_PreviousActive	45E74 stores718C==1 for next position update.
LFFEEE-stock.bin	u8	ffff7498	Pattern_EventHistoryCountdown	7534 falling-from1-to0 loads10;otherwise decrements. Separate from74F3.
LFFEEE-stock.bin	u8	ffff74ee	Pattern_Previous7534	45E74 history of7534 under6DFE==1.
LFFEEE-stock.bin	function	1fa8c	Output_InitializeCylinderRecords	Initialize four40-byte records53DC,channel IDs and deadlines from2F3B4/C4;clear mask cache5486,set5489. Executed in output-inhibition.txt.
LFFEEE-stock.bin	function	1fb5a	Output_UpdateCylinderScheduler	Full caller reads736A via1F864;on change calls20290 then caches5486 even if deferred.16 mask cases,3 deferred lifecycle points and6 paired CAN211/TCU216-to-register paths.
LFFEEE-stock.bin	function	20290	Output_ApplyChangedInhibitMask	Record-state/child/timing gates control assertion and release;2268 cases plus6 release boundaries. Accepted active cancellation calls96F4 and2F2A0. See output-inhibition.txt.
LFFEEE-stock.bin	function	96f4	Output_CancelTimerChannel	Index0..3 uses11228;hardware byte19 gate,alternate20 branch clearsTIER8 bit;otherwisecompare=TCNT1A-1 and ifDSTRbitclear writesDCNTzero twice.720 register-sample cases; no pin simulation.
LFFEEE-stock.bin	function	2f2a0	Output_ClearPendingDuration	Protected clear of6784+4*channel. Executed after scheduler cancellation; other channels preserved.
LFFEEE-stock.bin	function	20510	Output_AdmitMode1Release	Requiresdistance>record+32 and>=20584 deadline. Complete assertion/release matrix and exact boundary tests execute.
LFFEEE-stock.bin	function	20584	Output_CalculateMode1Boundary	Signed Q16 division2138 of41E4+child+8+trunc(CC1E4/0.25) by410C;*180+child+12 with32-bit wrap. Physical timing units unproved.
LFFEEE-stock.bin	function	20712	Output_AdmitMode0Release	Distance>=child+16(record+32). Original callback executes within20290.
LFFEEE-stock.bin	function	2138	Arithmetic_SaturatingSignedQ16Divide	Original signed division returns saturated Q16 ratio, including zero denominator behavior.77 boundary/sign cases with composed arithmetic interpreter.
LFFEEE-stock.bin	function	20128	Output_ForwardPositionDistance	deadline-current;if nonpositive add02D00000 once.20290 subsequently rejects negative signed result; not unrestricted modular arithmetic.
LFFEEE-stock.bin	function	11070	Output_WriteCounterTwice	Protected16-bit write ofR5 toaddressR4 twice. Original duplicate writes observed; no timer side effects simulated.
LFFEEE-stock.bin	function	e744	Register_UpdateMaskedWord	Protected wordread/bitclear whenR6zero,elsebitset;restoresSR. Used forTIER8 cancellation branch.
LFFEEE-stock.bin	u16	ffff5486	Output_CachedInhibitMask	Latest736A cache in1FB5A; may differ from applied per-record inhibition after deferral.
LFFEEE-stock.bin	label	ffff53dc	Output_CylinderRecords	Four records,stride40: mode+0,inhibit+1,state+2,deadline+8,cylinder+12,channel+16,childstate+17. See output-inhibition.txt.
LFFEEE-stock.bin	label	ffff41e8	Output_TimerSoftwareRecords	Stride24;bytes19/20 govern96F4 branches. Physical lifecycle requires further producer/interrupt tracing.
LFFEEE-stock.bin	label	ffff6784	Output_PendingDurations	Four32-bit entries,cleared by2F2A0 after admitted cancellation.
LFFEEE-stock.bin	label	11228	Output_TimerChannels	Four12-byte records:DCNT8A-D,GR1A-D,mask1/2/4/8. SH7058 manual table11.3; explicit register writes verified.
LFFEEE-stock.bin	label	2f370	Output_CylinderMaskBits	Sixteen16-bit one-hot values; indexed by scheduler cylinder ID.
LFFEEE-stock.bin	label	2f394	Output_SchedulerModes	Two16-byte mode descriptors:windowmax,min,updatecallback,admitcallback. Release callbacks20510/20712 execute.
LFFEEE-stock.bin	label	2f3b4	Output_InitialEventDeadlines	Four32-bit initial values021C0000/01680000/0/00B40000. No physical-unit assignment.
LFFEEE-stock.bin	label	2f3c4	Output_CylinderChannelMap	Stock channel indices0,1,2,3 read by1FA8C.
LFFEEE-stock.bin	label	2f3c8	Output_ChannelEnables	Stock1,1,1,1;static2006E consumer not newly executed.
LFFEEE-stock.bin	function	35baa	CAN231_BuildMTFields	Calls35C1C/35C38/35C9A. Full body executed. Each builder updates only while734A bit40 set; MT markerFF,discrete flags,wordFFFF.
LFFEEE-stock.bin	function	35c1c	CAN231_SetMTMarker	While mode40 set writes6AC6=FF; otherwise retains it. Published as CAN231byte0 under independent pack gate.
LFFEEE-stock.bin	function	35c38	CAN231_BuildMTDiscreteFlags	Only mode40:6AC7 bit2 iff protected723A==1;bit1 iff protected723E==1;bit0 iff8EBC==1 OR8EBE==1. All other bits zero.1024 builder/packer cases. PRHT use unproved.
LFFEEE-stock.bin	function	35c9a	CAN231_SetMTWordMarker	Only mode40 writes6AC4=FFFF; packed big-endian into231bytes2/3. No update otherwise.
LFFEEE-stock.bin	function	412a2	Input_UpdateLocalBit6Flag	Protected723E=(44A4 bit6 clear OR protected7002==1). Source byte and nonboolean override cases executed; physical switch name unproved.
LFFEEE-stock.bin	function	36d40	CAN231_InitializeAndService	Seeds6B6C=FFFE,calls MT builders and packer, then falls through36D52. First service incrementsFFFF and can request TX immediately.16 initializer cases stop before actual driver.
LFFEEE-stock.bin	function	36da8	CAN231_ClearTxCounter	Writes6B6C=0. Two25-call lifecycles verify admitted versus inhibited service behavior; physical tick duration unknown.
LFFEEE-stock.bin	u8	ffff6ac7	CAN231_WorkingDiscreteByte	MT producer35C38 writes neutral-candidate bit2,local-bit6-derived bit1,diagnostic-candidate bit0. AT normalizer3585C instead copies received byte1. Ownership depends on mode/configuration.
LFFEEE-stock.bin	u16	ffff6b6c	CAN231_ECUTxCounter	Incrementing u16;service threshold25. InitFFFE yields immediate eligible attempt. WrapFFFF->0 defers; no physical period established.
LFFEEE-stock.bin	function	76b4	Input_ReadSerialBank	Executed local-inputs.txt and complete18DC8 tasks in control-task-serial.txt.144 new setup cases:PHDR bits14/15 bank selection, SCR/SMR/BRR/SDCR exactwrites, real786E(FF); syntheticpeer, no physical timing/wiring proof.
LFFEEE-stock.bin	function	786e	Input_TransferSerialByte	Executed2048 new cases andcomplete18DC8 tasks:PGDR bit0 strobe,TDR byte,SSR bit40 poll,RDR byte signextended,strobe release. ExactMMIOtrace; missingready boundedloop. Explicit samples notphysicalpeer. control-task-serial.txt.
LFFEEE-stock.bin	function	ca94	Input_InitializeLocalFilters	Executed full initializer: GPIO words44A0/44A2, serial bank bytes44A4/44A5, threshold word44A6 and previous samples; leaves44B0 unchanged.
LFFEEE-stock.bin	function	cade	Input_UpdateLocalFilters	Executed per-bit two-consistent-sample filter; serial bank1 feeds MT CAN231 bits2/1 via411F0/412A2. CBC8 channel only sampled on4004 change.
LFFEEE-stock.bin	function	cbc8	Input_ReadThresholdBoolean	Executed unsigned word401C >=8000 -> Boolean; physical source unproved.
LFFEEE-stock.bin	label	ffff44a4	Input_FilteredSerialBankOne	Verified serial bank1 sample after CA94/CADE filter; bits0/6 feed local CAN231 flags. Not a direct GPIO register.
LFFEEE-stock.bin	label	ffff44ae	Input_PreviousSerialBankOne	Previous raw serial bank1 sample used by CADE per-bit filter.
LFFEEE-stock.bin	function	6bf20	LocalInputDiag_InitializeCounters	Executed in local-input-faults.txt: snapshot7244/723E as Booleans, initialize8EB4=10/8EB5=8. No stored-DTC claim.
LFFEEE-stock.bin	function	6bf3a	LocalInputDiag_UpdateActivity	Executed neutral transition latch8EB6, exact float6D5C threshold8EB8/held8EB9, reset9462 and hold gate8EDC. Input units unresolved.
LFFEEE-stock.bin	function	6bfaa	LocalInputDiag_UpdateEventCounters	Executed event counters: neutral10 decrements on qualifying clutch transitions; clutch8 on held-activity falling edges. Transition latches/reset reload.
LFFEEE-stock.bin	function	6c0cc	LocalInputDiag_SnapshotStates	Executed snapshot after counter update in original1B952 caller segment: Boolean7244->8EB7,723E->8EBB.
LFFEEE-stock.bin	function	6c110	LocalInputDiag_QualifyLatches	Executed MT-mode40 and911A qualification;9462 reset. Clutch8EBC/8EBD and neutral8EBE/8EBF; counterzero priority, otherwise transition recovery.
LFFEEE-stock.bin	function	6c1e4	LocalInputDiag_ReportGroups	Executed groups43/P0704 and44/P0850; pass mode2 priority. Real cache writes, but stock AC008 masks0000 reject downstream dispatch. See local-input-faults.txt.
LFFEEE-stock.bin	function	6c91e	LocalInputDiag_UpdateActivityHold	Executed: abs(6D5C)>1.8839999437332153 or9462 reset reload8EDC=30; otherwise positive decrement. Physical units and timing unproved.
LFFEEE-stock.bin	function	744c6	Control_PublishCalibrationFlags	64 wholeRAM cases verify38 stockROM zero-test flags911A..913F, includingprevious911A qualificationoption.9125=1 fromE0CCD=0. Twoouterreturns plusinitializerPR16610 wholeRAM verified; samecall6F34C precedesperiodicpublication. control-flag-bank.txt.
LFFEEE-stock.bin	function	8fac8	Diagnostic_ReportUntimedGroup	Executed tail branch8FB52 withr6=0; groups43/44 and1F/20 reports/cache verified within bounded admission paths. No generic stored-DTC lifecycle claim.
LFFEEE-stock.bin	function	8fb52	Diagnostic_CacheAndAdmitReport	Executed groups43/44 cache at971E+group unless9462/9A28 suppress;99D5 gate then9034E mask rejects both stock groups.
LFFEEE-stock.bin	function	8fc94	Diagnostic_CacheGroupMode	Executed writes mode byte at971E+u16(group), returns cached byte.
LFFEEE-stock.bin	function	902dc	Diagnostic_GetCodeForIndex	Executed E1770 unsigned word lookup: index43->0704,44->0850; definitions corroborate clutch/neutral names.
LFFEEE-stock.bin	function	902f0	Diagnostic_FindCodeIndex	Executed reverse code lookup0704->43 and0850->44; general unknown-code behavior not tested.
LFFEEE-stock.bin	function	9033c	Diagnostic_CheckEnableMaskAbsent	Executed bitmask1 with groups43/44: E1AD3/E1AD4=1 returns0. Enable alone does not imply report admission.
LFFEEE-stock.bin	function	9034e	Diagnostic_CheckRuntimeMaskAbsent	Exhausted all65536 runtime masks pergroup:43/44 stock entries0000 alwaysreject;1F/20 entries8000 returnzero exactlywhen runtimebit8000 admits. No downstream lifecycle inference.
LFFEEE-stock.bin	label	1b952	LocalInputDiag_CallerSegment	Executed original calls6BF3A,6BFAA,6C0CC,6C110,6C1E4, explicit stop before1B970. Full outer task/timing unproved.
LFFEEE-stock.bin	label	ffff8ebc	LocalInputDiag_ClutchFault	Executed P0704-group active fault latch; ORed into MT231 byte1bit0. Stock dispatch blocked; not proof of stored DTC.
LFFEEE-stock.bin	label	ffff8ebe	LocalInputDiag_NeutralFault	Executed P0850-group active fault latch; ORed into MT231 byte1bit0. Stock dispatch blocked; not proof of stored DTC.
LFFEEE-stock.bin	label	ffff8eb4	LocalInputDiag_NeutralEventCounter	Executed initial/reload10; qualifying clutch transitions decrement while no neutral transition has latched.
LFFEEE-stock.bin	label	ffff8eb5	LocalInputDiag_ClutchEventCounter	Executed initial/reload8; held-activity falling edges decrement while no clutch transition has latched.
LFG1TF000.bin	function	15d04	Startup_CopyInitializedData	Executed all992 bytes5F220..5F5FF ->FFFFAD4C..FFFFB12B; supplies stock list descriptorsB028/B02C andAD4E=0 for137B4 stored array initialization. Three sentinel copies checked in tcu-stored-adjustments.txt; full boot hardware not simulated.
LFG1TF000.bin	function	30454	RequestList_Initialize	Executed stock one-priority lists: node0 active head,node1 free head, four-byte nodes prev/next/value; sentinel7FFF.
LFG1TF000.bin	function	304c6	RequestList_Allocate	Executed allocation of first free node and insertion at requested priority head tail; FF if exhausted. Stock caller priority1.
LFG1TF000.bin	function	30518	RequestList_SetValue	Executed indexed node word setter; no general bounds claim.
LFG1TF000.bin	function	30524	RequestList_Release	Executed unlink then append to free list, restoring sentinel; bank wrapper clears parallel mode.
LFG1TF000.bin	function	3054e	RequestList_SelectCandidate	Executed stock one-priority FIFO first nonsentinel; all-sentinel selects last active index, empty indexFF. General multi-priority behavior not verified.
LFG1TF000.bin	function	305d0	RequestList_Unlink	Executed doubly linked node unlink; independent queue invariants checked across600 stateful operations.
LFG1TF000.bin	function	305f0	RequestList_InsertBeforeHead	Executed insert node at tail before given head with supplied value; stock active/free lists verified.
LFG1TF000.bin	function	4c69a	SparkRequest_InitializeFirstList	Executed descriptorB028=010C7FFF from original startup copy;12 entries,modesA245..A252. Bookkeeping counter not explicitly reset here.
LFG1TF000.bin	function	4c6c2	SparkRequest_AllocateFirstList	Executed first-list allocation; incrementsA202 even when helper returnsFF due exhaustion. No invalid-handle setter test.
LFG1TF000.bin	function	4c6da	SparkRequest_SetFirstListEntry	Executed original node value setter and parallel mode byte, full candidate merge/ECU pairing in tcu-slot2.txt.
LFG1TF000.bin	function	4c734	SparkRequest_ReleaseFirstListEntry	Executed valid handle release, mode clear andA202 decrement; no repeated/invalid release claim.
LFG1TF000.bin	function	4c75e	SparkRequest_SelectFirstList	Executed3054E ->A242/A244; value80E2,modeA200 and output pointers. Empty mode0; all-sentinel mode comes from last entry.
LFG1TF000.bin	function	4c7ac	SparkRequest_UpdateRecordTwo	Executed initialized lists ->mode-sensitive signed merge ->record2 setter/reset ->80E4.841 merge cases,600 queue operations,60 CAN216/ECU paths.
LFG1TF000.bin	function	4ca64	SparkRequest_InitializeSecondList	Executed descriptorB02C=01037FFF from original startup copy;3 entries,modesA271..A275. Full physical policy entry unproved.
LFG1TF000.bin	function	4ca90	SparkRequest_AllocateSecondList	Executed second-list allocation; incrementsA258 even when helper returnsFF due exhaustion.
LFG1TF000.bin	function	4caa8	SparkRequest_SetSecondListEntry	Executed node word setter and parallel mode byte; candidate fixtures and one stock callback tested.
LFG1TF000.bin	function	4cace	SparkRequest_ReleaseSecondListEntry	Executed valid handle release, mode clear andA258 decrement, queue recycling verified.
LFG1TF000.bin	function	4caf8	SparkRequest_SelectSecondList	Executed3054E ->A26E/A270 and output pointers; publishes wordA256/modeA254.
LFG1TF000.bin	function	4d98a	SparkRequest_UpdateSecondListCalibration	Executed with valid allocated handle in synthetic callback record: stock773E8=0 publishes zero/mode0; physical entry conditions unproved.
LFG1TF000.bin	label	ffffb028	SparkRequest_FirstListDescriptor	Original15D04 copies5F4FC bytes010C7FFF:one priority,12 entries,7FFF sentinel. Not an uninitialized zero descriptor.
LFG1TF000.bin	label	ffffb02c	SparkRequest_SecondListDescriptor	Original15D04 copies5F500 bytes01037FFF:one priority,3 entries,7FFF sentinel.
LFG1TF000.bin	label	ffff80e4	SparkRequest_RecordTwoSelectedValue	4C7AC publishes merged rawword here, including7FFF when record2 resets. Mode-sensitive signed merge verified.
LFG1TF000.bin	function	4cba8	SparkRequest_ConstructFirstListRecord	Executed constructor: snapshot808C/80C2/80C4 into+13/+14/+16;2FBA4 event lookup gives timer index+12;allocate first-list handle+2,zero+4/+6,return2. Explicit ring fixture; dispatch reachability open. See tcu-request-maps.txt.
LFG1TF000.bin	function	2fba4	CallbackQueue_FindEventIndex	Executed search of12-entry ring usingA2B8/5E3F8 descriptor,compare record+6 with event argument; returns matching ring index orFF.36 successful constructor fixtures; missing-event handling not verified.
LFG1TF000.bin	function	4cef2	SparkRequest_BeginFirstListRamp	Executed record+4 copied to+6;8115[record+12]=0;returns5. Full dispatch and timer service remain open.
LFG1TF000.bin	function	4cf08	SparkRequest_FirstListRampFinished	Executed timer8115[record+12]>=4D4CC(record). Includes zero-duration path; no physical duration claim.
LFG1TF000.bin	function	4cf6a	SparkRequest_ClearFirstListRecord	Executed clearsrecord+18bit80 andrecord+4,sets allocated list entry0/mode0 through4C6DA.
LFG1TF000.bin	function	4d010	SparkRequest_UpdateFirstListFromMaps	Executed4D554 components,subtract then signed16lower clamp4D274;92D5bit2 or9410bit1clear forceszero. Store+4,set+18bit80iffpositive,real4C6DA publish. Stock offset curves zero.
LFG1TF000.bin	function	4d142	SparkRequest_UpdateFirstListRamp	Executed unsigned16record+6*(duration-timer)/duration iftimer<duration,elsezero;then signed16lower clamp andsame92D5/9410gates. Positive mode1;7FFF is list sentinel. See tcu-request-maps.txt.
LFG1TF000.bin	function	4d274	SparkRequest_ClampSignedNonnegative	Compares signed low16 argument withzero; returns original32-bit argument ifnonnegative,elsezero. Real5BBEC(0.5) conversion executed.
LFG1TF000.bin	function	4d4cc	SparkRequest_SelectFirstListRampDuration	Eight15-byte table selector bycode/operation/flag20,index+13. Producer3138A normallyindex0..4. Naturalcode5/op1/index0 selectsROM763FC=85; originalhalf-rate8115timer resets151,reaches85at320,nextmanager service321 releases/acks inexplicit11014/task interleave. No physicaltimeclaim. tcu-initialized-requests.txt.
LFG1TF000.bin	function	4d554	SparkRequest_CalculateFirstListMapComponents	Executed two-output producer. Mapaxis=(2*s16(80F6)+1900)low16,secondaxisrecord+16low16.6x6 maps andoptional offsetcurve each>>2. Code7/operation18 forcesbasezero;allstockoffsetcurveszero. See tcu-request-maps.txt.
LFG1TF000.bin	function	1078a	Lookup_ByteGrid2D_Q8	Executed stock eight6x6 grids with original software arithmetic. Byte axes/values scaled256,firstinterpolateX thenY,truncating signed increments; endpoint clamping. Knots/midpoints validated; no arbitrary-double claim.
LFG1TF000.bin	label	5e418	SparkRequest_FirstListCallbackTable	Executed18-pointer table:state2 clear,state3/4 map,state5 ramp; commonconstructor/cancel,globalguard,statepredicate-action pairs. See tcu-request-dispatch.txt.
LFG1TF000.bin	label	763fc	SparkRequest_FirstListDurationTables	Eight15-byte parameter groups through76473:five ramp durations,five advance margins,five hold durations.3138A normalindices0..4 proved; time unit unproved. See tcu-request-dispatch.txt.
LFG1TF000.bin	label	7656c	SparkRequest_FirstListMapTables	Eight50-byte6x6 grids through766FB. Header6,6;Xaxis6bytes;eachof6rowscontainsYaxisbyteplus6values. Decoded/verified intcu-request-maps.txt.
LFG1TF000.bin	label	766fc	SparkRequest_FirstListOffsetCurves	Five9-byte curves:4knots,4axisbytes,4values. Allstockvalueszero;4D554 still executes enabled curve code.
LFG1TF000.bin	function	4bef8	Heap_InitializeRequestStorage	Initialize9F3C free block with127 four-byte payload units andFF links; executed before request lifecycle. See tcu-request-dispatch.txt.
LFG1TF000.bin	function	4bf12	Heap_AllocateRequestStorage	Original allocator executed for20-byte request records; first fixture allocation9F40. General fragmentation/exhaustion not newly verified. See tcu-request-dispatch.txt.
LFG1TF000.bin	function	4bfda	Heap_ReleaseRequestStorage	Original release clears payload and coalesces free blocks; complete request lifecycles restore9F3C=007FFFFF. See tcu-request-dispatch.txt.
LFG1TF000.bin	function	4c0f8	EventMessage_InitializeBufferIndex	SetsA13C=FF before rotating eight-byte message buffers. See tcu-request-dispatch.txt.
LFG1TF000.bin	function	4c100	EventMessage_NextBuffer	Ten eight-byte buffers atA140; increment index andwrap10. Executed request and release messages; general concurrent ownership open. See tcu-request-dispatch.txt.
LFG1TF000.bin	function	4c288	EventQueue_Initialize	Initializes count/head/tail of queueA1AC+3*index. Executed queue0. See tcu-request-dispatch.txt.
LFG1TF000.bin	function	4c2a0	EventQueue_Enqueue	Eight-byte entries atA1B0+80*queue+8*tail: group,operation,payloadpointer; capacity10. Full request lifecycle executed; queue overflow not newly tested. See tcu-request-dispatch.txt.
LFG1TF000.bin	function	4c316	EventQueue_Drain	Drains queue0 including messages enqueued bycallbacks; dispatch table5E20C[group] with operation andpayloadpointer. Complete creation/update/cancel/free paths verified. See tcu-request-dispatch.txt.
LFG1TF000.bin	function	4c3c0	SparkRequest_DispatchManager	Tailcalls2F5FC withA2B8/5E3F8. Events0 initialize,1 create,2 update active rings,3 cancel; complete queue lifecycle verified. See tcu-request-dispatch.txt.
LFG1TF000.bin	function	4c3ca	SparkRequest_CreateManagedRecord	Chooses group via4C880,20-byte allocation via2FBEE, appends request ring andqueues constructor event. Executed code6/7 group8; outer dispatcher must updateA2B8 state. See tcu-request-dispatch.txt.
LFG1TF000.bin	function	2f5fc	RequestManager_Dispatch	Generic manager; original allocation/dispatch/release/cleanup. Initialized126EC plus explicit11014 nowexecutes overlappinggroup7 andgroup8 lifecycles, natural event1 andevent3 ack; finalrings/listempty andfreeheap restored at321,30moreidle tasks. No generalcapacity/physicalcadence claim. tcu-initialized-requests.txt.
LFG1TF000.bin	function	2fbee	RequestManager_AllocateAndQueue	Executed real20-byte heap allocation, constructor message and2FAA2 ring append; no fabricated callback record in dispatch lifecycle. See tcu-request-dispatch.txt.
LFG1TF000.bin	function	2faa2	RequestManager_AppendRing	Executed twelve-entry manager ring atA2BC; pointer,group,event,code,active marker. General overflow not verified here. See tcu-request-dispatch.txt.
LFG1TF000.bin	function	4cb9c	SparkRequest_DispatchFirstListState	Tailcalls2FEF8 with startup-copied descriptorB038. Full creation,state2/3/4/5 andrelease executed. This is a dispatcher wrapper, not only an initializer. See tcu-request-dispatch.txt.
LFG1TF000.bin	function	2fef8	CallbackState_Dispatch	Generic event/state dispatcher executed forB038: guard before state predicate, then handler forselected state; storetransition afterward. Events1/4 run state handler, release state1 skips numeric callback. See tcu-request-dispatch.txt.
LFG1TF000.bin	function	4cc90	SparkRequest_GlobalReleaseGuard	Returnsbool(916F&1); verified abort priority fromstates2/3/4/5 through queue andheap release. See tcu-request-dispatch.txt.
LFG1TF000.bin	function	4cca4	SparkRequest_ReleaseFromGlobalGuard	Releases first-list handle,queues manager event5 andreturns1. Fullqueue/heap cleanup verified. See tcu-request-dispatch.txt.
LFG1TF000.bin	function	4cc2a	SparkRequest_ReleaseFromCancel	Constructor-table event2 release callback; releases handle andqueues manager completion. Fullmanager cancel fromstates2..5 verified. See tcu-request-dispatch.txt.
LFG1TF000.bin	function	4cd18	SparkRequest_ActivationPredicate	Executed phase>=1 AND measured80EE >=ref-A OR >=ref-B AND >=ref-80F0*factor, withphase gate outside OR. Ref9218[5D446[code]], curves4D2D0/4D6F0. See tcu-request-dispatch.txt. See tcu-request-dispatch.txt.
LFG1TF000.bin	function	4cdf2	SparkRequest_EnterMapState	Executes4D7EC flag snapshot andreturns3; manager state3 mayqueue extra operation-change notification. Tested managerstate2 entry; additional notification branch open. See tcu-request-dispatch.txt.
LFG1TF000.bin	function	4ce5e	SparkRequest_MapStateAdvancePredicate	Calls4D350 then4D7A2: signed80EE>=ref-64*selectedbyte. Verified in complete lifecycle. See tcu-request-dispatch.txt.
LFG1TF000.bin	function	4ce7a	SparkRequest_EnterHoldOrRamp	Clears81F2[slot], evaluateshold atelapsed0; returns4 ifpending,else captures+4 to+6,clears8115[slot] andreturns5. Verified both paths. See tcu-request-dispatch.txt.
LFG1TF000.bin	function	4cec6	SparkRequest_HoldFinished	Calls4D3D8 and4D7CC with81F2[slot]; true causes4CEF2 then5 ramp callback on same update. See tcu-request-dispatch.txt.
LFG1TF000.bin	function	4cf3a	SparkRequest_ReleaseAfterRamp	Completion releases list handle andqueues manager event5; no finalzero numeric update. Fullqueue cleanup frees andzerosrecord. See tcu-request-dispatch.txt.
LFG1TF000.bin	function	4d2d0	SparkRequest_ActivationDerivativeFactor	Selects4-knot curve bycode/operation/95AEbit0,axis4*clamp(s16(80EA),0,3FFF), lookup>>8. Executed through activationpredicate. See tcu-request-dispatch.txt.
LFG1TF000.bin	function	4d350	SparkRequest_SelectAdvanceMargin	Selects parameter groupbase+5+recordindex; indices0..4 from3138A. Resulttimes64 enters4D7A2 threshold. See tcu-request-dispatch.txt.
LFG1TF000.bin	function	4d3d8	SparkRequest_SelectHoldDuration	Selects parameter groupbase+10+recordindex; indices0..4.4D7CC compares hold elapsed; units unknown. See tcu-request-dispatch.txt.
LFG1TF000.bin	function	4d6f0	SparkRequest_ActivationOffsets	Two5-knot curves at76474/764CC familygroups,axisrecord+14,eachlookup>>2; code/operation/95AEbit0 selectfamily. Executed through4CD18. See tcu-request-dispatch.txt.
LFG1TF000.bin	function	4d7a2	SparkRequest_CompareAdvanceMargin	Signed80EE>=signed32reference9218[5D446[code]]-64*argument; measured source alsofeedsCAN216byte4. See tcu-request-dispatch.txt.
LFG1TF000.bin	function	4d7cc	SparkRequest_CheckHoldTime	Elapsed>=threshold AND(code!=9 OR signed80D8<64). Stock773E0=64;384 boundarycases verified. Physical role of80D8 open. See tcu-request-dispatch.txt.
LFG1TF000.bin	function	4d7ec	SparkRequest_CaptureSpecialFlag	Copies95AEbit0 torecord+18bit20 onstate3entry. Later duration/map selection uses capturedflag. See tcu-request-dispatch.txt.
LFG1TF000.bin	function	3138a	SparkRequest_ProduceParameterIndex	All65536 bytecode/input800B pairs produce808C in0..4 using70A20 five-threshold rows and316A8 family. Establishes normal three-by-five parameter-group layout. See tcu-request-dispatch.txt.
LFG1TF000.bin	function	316a8	ApplicationCode_SelectThresholdFamily	Codes0..4 and5..9 map0..4;10->5;others->6. Executed with allbytecodes through3138A. See tcu-request-dispatch.txt.
LFG1TF000.bin	function	3159a	ApplicationPhase_ReadForCode	Real3206E lookup then signedbyte95E1+15*index,FF ifabsent. Used in4CD18 activationgate; phase-record production not establishedhere. See tcu-request-dispatch.txt.
LFG1TF000.bin	function	3206e	ApplicationPhase_FindCode	Searches95D4 fifteen-byte records with96C4 head/96C5 count,codefield+10. Executed matching phasefixtures; complete producer lifecycle open. See tcu-request-dispatch.txt.
LFG1TF000.bin	label	5e3f8	SparkRequest_ManagerDescriptor	Stock manager descriptor: ringA2BC, creation/update tables, capacity12; copied-independent ROM descriptor used by4C3C0. See tcu-request-dispatch.txt.
LFG1TF000.bin	label	ffffb038	SparkRequest_FirstListStateDescriptor	Startup-copied28-byte descriptor: common5E418,pre5E450,guard5E428,statepairs5E430,handlers5E454,globalA34C,counts06010100. Verified originaldispatcher. See tcu-request-dispatch.txt.
LFG1TF000.bin	label	70a20	SparkRequest_ParameterIndexThresholds	Seven5-byte rows; firstfour thresholds andFF terminal;3138A producesindices0..4 for allbyteinputs. See tcu-request-dispatch.txt.
LFG1TF000.bin	label	76474	SparkRequest_ActivationOffsetCurves	Sixteen11-byte curves:8firstoffset and8secondoffset families,5knots each;4D6F0 mapscaptured80C2. See tcu-request-dispatch.txt.
LFG1TF000.bin	label	76524	SparkRequest_ActivationFactorCurves	Eight9-byte four-knot curves;4D2D0 uses clamped80EA,lookup>>8. See tcu-request-dispatch.txt.
LFG1TF000.bin	function	11004	Timer_ClearWheelPhases	Clears u32 RAM8494,8498,849C; executed through12880. See tcu-request-timing.txt.
LFG1TF000.bin	function	11014	Timer_ServicePrimaryWheel	Original16-slot wheel5C0F0; even old phase also increments90C8.1024 calls verified; no physical period claim. Extractedindependent13-range/phase/90C8 model rerunslegacy suite byte-identically;1024 wholeRAMCMT1prefix cases PASS, all512 phasecombinations. tcu-cmt1-delivery.txt.
LFG1TF000.bin	function	11048	Timer_IncrementFastBytes	Saturating byte interval810C..8157 end exclusive; includes twelve request ramp timers8115..8120;8/16 primary slots.
LFG1TF000.bin	function	1106a	Timer_IncrementQuarterRanges	Bytes8158..8188; signed-word8380..8410 and unsigned-word82E0..8330;4/16 primary slots, executed.
LFG1TF000.bin	function	11128	Timer_IncrementSixteenthBytes	Bytes8284..82BC end exclusive; primary phase7, executed.
LFG1TF000.bin	function	1114a	Timer_ServiceSecondaryWheel	Original16-slot table5C130 and phase8498; primary phase15, executed.
LFG1TF000.bin	function	11172	Timer_IncrementSecondaryFastBytes	Bytes82BC..82D0 end exclusive;8/16 secondary slots, executed.
LFG1TF000.bin	function	11194	Timer_IncrementSecondaryQuarterRanges	Bytes82D0..82DC and word8374;4/16 secondary slots, executed.
LFG1TF000.bin	function	111ca	Timer_SecondaryNoOperation	RTS/NOP at secondary phases3 and11.
LFG1TF000.bin	function	111ce	Timer_IncrementSecondarySlowRanges	Byte82DC and words8378,837A; secondary phase7, executed.
LFG1TF000.bin	function	1123c	Timer_ServiceTertiaryDivider	Increments849C and on2 calls1125C then resets0; executed.
LFG1TF000.bin	function	1125c	Timer_IncrementTertiaryWord	Increments word837C once per512 primary calls from reset; executed.
LFG1TF000.bin	function	1127e	Timer_IncrementByteUntilFF	All256 byte inputs executed; increments unlessFF.
LFG1TF000.bin	function	11292	Timer_IncrementWordUntilFFFF	Unsigned word increments unlessFFFF; boundary cases executed.
LFG1TF000.bin	function	112a6	Timer_IncrementWordUntil7FFF	Word increments unless7FFF; negatives increment normally andFFFF wraps0; boundary cases executed.
LFG1TF000.bin	function	12386	Timer_PromoteAndServiceMode	Promotes8009 from1 to3 then calls12886; every byte mode executed. NativeCMT1prefix nowverifies status/mode admission andwholeRAM primarywheel effects; tcu-cmt1-delivery.txt.
LFG1TF000.bin	function	12880	Timer_InitializeWheel	Tail-calls11004; original initialization verified.
LFG1TF000.bin	function	12886	Timer_ServiceWhenMode3	Only8009==3 tail-calls11014; every byte mode executed. IndependentwholeRAMCMT1prefix cases nowcoverall512 validprimaryphase combinations; tcu-cmt1-delivery.txt.
LFG1TF000.bin	function	1e5ec	Timer_IncrementPhaseCounter	u16 RAM90C8 increments wrapping; called on even primary wheel slots. Does not call1E5F6; pending-work interpretation unproved.
LFG1TF000.bin	function	31524	Phase_DispatchEvent	Event/state table5D3E4. Event3 receives payload[u16 group,u8 phaseindex] and calls31C18 only in state2. Original group acknowledgements and idle duplicate handling verified; see tcu-phase-retirement.txt.
LFG1TF000.bin	function	31e20	Request_ServicePeriodicGroups	Advances96C6 modulo8; filters ten records5D3BC by class5D420; queues op2 and fully drains queue0 per group. Group5 at even phases.
LFG1TF000.bin	function	16ce4	CMT1_InitializeCompare	Original16CE4 writes04FF toFFFFF71C thenORbit1 intoFFFFF710.256lowbyte samples verifyorderedMMIO/unchangedRAM; full12374 initadds256cases. No hardwareclockrate proof; tcu-cmt1-delivery.txt.
LFG1TF000.bin	function	16cf4	CMT1_Interrupt	Originalprefix through16D3E beforeRTE; status admission/promote8009/wheel/profile13.1024 independentwholeRAM cases. Joined320pairs/2560prefixes PASS with32000CMT0,560capture,80actualhold returns; exactprior320. Supplied100:8 schedule differs fromconditionalconfigured256:125; nohardwarecadence proof. tcu-cmt1-delivery.txt andtcu-cmt-configuration.txt. Nativeinitialized3traces now291CMT1/423captureA/870captureB prefixes PASS withactualenablegating; no postadmissionhistoryreset. tcu-native-capture-startup.txt retainsfixtures/correctedA-onlygatedefect.
LFG1TF000.bin	function	12726	Task_DispatchApplicationPhase	Executed84F5==1 setsstage2/phase7 thenincrementsphase8;==2 invokes1E5F6(84F4&7); otherstagesonlyincrementbyte84F4. Fulltaskreturns/phasewrap verified; physicalcadence open. See tcu-application-order.txt.
LFG1TF000.bin	function	1e5f6	Task_ApplicationPeriodicBody	Originalfullbody executes:90CC++ byte,30commoncalls incl31524(4,0),threephase-table calls,threefinalcalls. Exact36-targetorder verified across8phases. Notfullnestedsemantic orhardwareproof. See tcu-application-order.txt.
LFG1TF000.bin	label	5c0f0	Timer_PrimaryWheelTable	16 callback pointers; exact schedule verified in tcu-request-timing.txt.
LFG1TF000.bin	label	5c130	Timer_SecondaryWheelTable	16 callback pointers; exact nested schedule verified.
LFG1TF000.bin	label	76cbc	Timer_RangeBoundaryPointers	26 RAM pointers define end-exclusive byte/word intervals; all selected timer values verified.
LFG1TF000.bin	label	5d3bc	Request_PeriodicGroupRecords	Ten four-byte records: group word, metadata byte, period class; original ordering verified.
LFG1TF000.bin	label	5d3e4	Phase_EventStateTable	Five3-byte event rows0..4; event0 handled separately. Corrected length15: earlier18 overlapped callback pointer5D3F4. No verified event5 semantics.
LFG1TF000.bin	label	5d420	Request_PeriodClassTable	Eight bytes2,4,2,8,2,4,2,FF; indexed after96C6 advances.
LFG1TF000.bin	u32	ffff8494	Timer_PrimaryPhase	0..15 from reset; advanced by11014.
LFG1TF000.bin	u32	ffff8498	Timer_SecondaryPhase	0..15 from reset; advanced by1114A.
LFG1TF000.bin	u32	ffff849c	Timer_TertiaryPhase	0..1 from reset; advanced by1123C.
LFG1TF000.bin	u16	ffff90c8	Timer_PhaseCounter	Wrapping word incremented every even primary slot. Static consumers1ED50/1ED66 select callback phases.
LFG1TF000.bin	u8	ffff96c6	Request_ServicePhase	Modulo8, advanced before group filtering at31E20.
LFG1TF000.bin	label	ffff8115	Request_RampTimerSlots	Twelve saturating bytes,8/16 primary slots; reset by request ramp entry.
LFG1TF000.bin	label	ffff81f2	Request_HoldTimerSlots	Twelve saturating bytes,2/16 primary slots; reset by request advance branch.
LFG1TF000.bin	function	1220a	Task_AdmitApplicationMode	2816 isolatedgatecases plus108actualapplicationISRprefixes in3initializedstartup traces PASS. Mode1 admits126DA onlyif84A0/84D8/84EC all3,thenmode3. Capturebecomes3 during126EC,soadmission requiresNEXTapplicationinterrupt. No forcedreadyflags/fullboot. tcu-readiness-admission.txt.
LFG1TF000.bin	function	16a3c	Task_InitializeApplicationTimer	256 exactMMIO/unchangedRAM cases: F401stopbit3,F442zero,F4540A00,F401startbit3; allinitialstartbytes. CompatibleTCR1B4/PSCR1 suggestsPphi/32; nohardwarecounter/startoffset proof. tcu-application-interrupt.txt.
LFG1TF000.bin	function	16a58	Task_ApplicationTimerInterrupt	26isolatedprefixes through16B00preRTE plus320retainedprefixes PASS; F460clear/F454+2560/1220A->126EC, independentprofile andexistingcommand/pin oracles. Conditional81920phi,1310CMT0/640CMT1,12comparewraps; explicitepoch/capture/CAN/diagnosticfixtures. Two creations/16acks; phaseindex1code5 stillpending319. tcu-application-clock.txt; nofullboot/physicaltimingproof.
LFG1TF000.bin	function	126ec	Task_ServiceApplicationMode	Three originalinitializedstartup traces include108actualapplicationISRprefixes,93capture-return/216command-pin RAMchecks. Mode1 invokes122F4;mode3 invokes12726/1E5F6 afterstageinit. NextIRQ aftercapture3 admitsmode3. Nativeforegroundpollperiod/epoch remainfixtures. tcu-readiness-admission.txt.
LFG1TF000.bin	function	319a6	Phase_InitializeDispatcher	Event0 clears ring head/count and period phase96C6, sets8089FF, returns state1; executed.
LFG1TF000.bin	function	319bc	Phase_CreateAndNotifyGroups	Event1 append, eight5D3F4callbacks,321A6 and31F64(kind0). Prior144resetcases/12coupledlifecycles. Natural48F20 event1 nowexecutesinside complete126EC after62initializers; multiplephase/managedrecords andrealacks/retirement observed/modelchecked. tcu-initialized-requests.txt.
LFG1TF000.bin	function	31ec4	Phase_AppendRecord	16-entry ring95D4 stride15; low bytes of three parameters at+10..12; state+13/+14=0, first10 bytes cleared, timer8380 slot initialized. Empty head0/15 tested; capacity remains open.
LFG1TF000.bin	function	31f64	Phase_NotifyRequestGroups	Kind0 creates all ten groups. Kind3 phase completion notifies metadata0 groups only, skips already acknowledged entries; original callbacks/event3 retire records in full initialization fixtures. See tcu-phase-retirement.txt.
LFG1TF000.bin	function	31a78	Phase_ServiceRecords	Event2 phase service; completion can drain groups/retire ring through nested event3. Original native code0 targetqualification104, groups02/25 ack andretirement108/freeheap; newnaturalcode2 at113 prevents durableidle. See tcu-phase-retirement.txt andtcu-recovery-reference.txt.
LFG1TF000.bin	function	312e8	Request_CaptureSourceAxes	80EA/80EE ->80C2/C6=min(u16(2*raw),A000), then314C4 ->80C4/C8.144 boundary pairs verified; captures809A/809C to80CC/CE.
LFG1TF000.bin	function	314c4	Request_DoubleCapturedAxis	min(2*u16(input),FFFF); original helper executes in captured-axis and full upstream tests.
LFG1TF000.bin	function	23bf0	Request_UpdateEnableFlagsEntry	Original126EC phase0/4 enters23BF0, falls through23BF6; updates9410 enable hysteresis, NOT request creation.24 selected-byte actual-return checks across96 fulltasks; prior direct gate model reused. Actualrequest creation is31524event1. tcu-periodic-request.txt.
LFG1TF000.bin	function	23bf6	Request_UpdateEnableHysteresis	2940 full-stock cases verify9410 bits0/1/2. Bit1 uses curve700DE+11*min(8081,4),axis80C4,measurement809C and70116 gap.916Dbit0 selects80F6 1600/1920 fallback. See tcu-request-admission.txt.
LFG1TF000.bin	function	1fd24	Request_AggregateSourceConditions	Aggregate916Fbit0 from92C6bits2/5,92CAbits0/1,92CCbits1/2,92CDbits3/4 or92D0bit2CLEAR.1280directcases/152perturbations/9lifecycles.24selected-bit checks atactual126EC phase0/4 return1E98C; later event4 service cancels andqueues originalevent3 ack in4 retainedfault/recovery traces. Otheraggregate outputs notfullRAM modeled. tcu-periodic-request.txt.
LFG1TF000.bin	function	321ae	Phase_EvaluateTransitions	State/code5D474 dispatch through5D464; state0 falls back to state1 predicate and maps return2 to1. Descending original lifecycles verified; ascending/composite context remains open. See tcu-phase-policy.txt.
LFG1TF000.bin	label	5d3f4	Phase_CreationCallbacks	Eight pointers invoked in order by319BC before group notification;312E8 captures axes then23BF6 computes gates.
LFG1TF000.bin	label	700c8	Request_EnableCurves	Seven11-byte five-knot curves: first two auxiliary gates, then five9410bit1 curves starting700DE.
LFG1TF000.bin	label	70116	Request_EnableUpperGaps	Five unsigned word gaps768,512,512,256,256 added to lower curve threshold for9410bit1.
LFG1TF000.bin	label	76e20	Request_EnableFallbackCalibration	Words512,1600,1920; byte76E26 stock0 selects measured/captured axis branch.
LFG1TF000.bin	u8	ffff9410	Request_EnableFlags	Bits0/1/2 produced by23BF6 hysteresis. Bit0 enables ascending4E036; bit1 enables descending4D010. Both gate paths verified throughCAN216/ECU. Retained bit0 clear/set/hold/clear/set in tcu-ascending-map.txt.
LFG1TF000.bin	u8	ffff916f	Request_CancellationFlags	Bit0 aggregate from1FD24 releases active managed request before state predicate. Source recovery alone does not recreate request under periodic service.
LFG1TF000.bin	u16	ffff80c2	Request_CapturedSourceAxisRaw	312E8:min(u16(2*80EA),A000); constructor copies torequest+14.
LFG1TF000.bin	u16	ffff80c4	Request_CapturedSourceAxisScaled	314C4 doubles80C2 saturatingFFFF; used for gate curve and request+16 map axis. Physical units open.
LFG1TF000.bin	u16	ffff80c6	Request_CapturedMeasurementRaw	312E8:min(u16(2*80EE),A000); physical units open.
LFG1TF000.bin	u16	ffff80c8	Request_CapturedMeasurementScaled	314C4 doubles80C6 saturatingFFFF; auxiliary enable-curve axis.
LFG1TF000.bin	function	31682	Phase_ClassifyDirection	Returns0 for codes0..4,1 otherwise; descending codes5..11 exercised via real phase predicates.
LFG1TF000.bin	function	317e4	Phase_CheckInitialTimer	Ascending: stock9-count delay (threshold18), zeroed when admitted followingascending timerready, or nonzerooperation with precedingphysicalslot directiondescending (evenathead).6480 neighbor/wrap/bank cases. Descending prior1260 cases retained; tcu-ascending-phase.txt.
LFG1TF000.bin	function	3241c	Phase_CheckDeparture	92C6 bits1/4 inhibit. After317E4 ready: ascending requires measured STRICTLY<from-reference-128; descending measured>=from-reference+128.1575 ascending boundary/flag cases; phase0 can instead advance through targetqualifier.
LFG1TF000.bin	function	324ce	Phase_CheckTargetQualification	92C6 bits1/4 return-1 and preserve bounds/counters/flags. Otherwise target-reference +/-128 ->9700/9704; ascending32614 or descending327B0 qualifies return2. Ascending2560 all-byte inhibit/index cases plus retained manager trace; tcu-ascending-phase.txt.
LFG1TF000.bin	function	325da	Phase_CheckCompletionTimer	Signed83C0[index] >=signed ROM770C0=8 returns3, otherwise-1;112 cases across16 slots. Counts are not milliseconds.
LFG1TF000.bin	function	325f2	Phase_NoFurtherTransition	Returns-1; executed for every completion timer fixture.
LFG1TF000.bin	function	327b0	Phase_QualifyDescendingTarget	Counter96EF[index] saturates255 on qualified sample, else resets. Band lower-inclusive/upper-exclusive; code8/9/10 low-value alternative and code11 lower-only/bypass. Threshold70B14 family/gate9410bit1, operation5 code8/9 override70B22. See tcu-phase-policy.txt.
LFG1TF000.bin	function	48d6a	Selection_ReadOperation	Returns9C88; used in descending phase counter threshold override, exercised with values0/5.
LFG1TF000.bin	label	5d464	Phase_PredicateCallbacks	Four pointers3241C,324CE,325DA,325F2. Descending state lifecycles executed.
LFG1TF000.bin	label	5d474	Phase_CodeStateColumns	First12 code rows each0,1,2; three state columns dispatch5D464. Typing limited to tested adjacent-code range.
LFG1TF000.bin	label	70a8a	Phase_DescendingInitialDelays	Seven family rows of five bytes indexed808C; doubled against signed timer8380. Codes5..11 and all banks0..4 verified.
LFG1TF000.bin	label	70aee	Phase_DepartureThresholds	Twelve signed words128; direction0 usesfamily, direction1 usesfamily+5. Descending thresholds executed; units unproved.
LFG1TF000.bin	label	70b14	Phase_DescendingQualificationCounts	Seven pairs selected by family and9410bit1. Counts increment on admitted predicate calls, not proven time units.
LFG1TF000.bin	label	70b22	Phase_Operation5QualificationCounts	Code8/9 alternate thresholds3/3 when9C88=5 and9410bit1 set.
LFG1TF000.bin	label	ffff8380	Phase_InitialTimers	Sixteen signed-word slots. Original11014 wheel advances range4/16 calls; descending threshold predicate executed.
LFG1TF000.bin	label	ffff83a0	Phase_DepartureTimers	Reset on original phase0->1 transition; original timer wheel advances this range. Other consumers remain open.
LFG1TF000.bin	label	ffff83c0	Phase_CompletionTimers	Reset on original transition tophase2; signed threshold8 advancesphase3. Independent of managed-request release.
LFG1TF000.bin	label	ffff96ef	Phase_DescendingQualificationCounters	Sixteen byte counters addressed by phase index; original predicate saturates255 and resets on rejected measurement. Slot0 boundary oracle executed.
LFG1TF000.bin	u32	ffff9700	Phase_TargetUpperExclusive	Target reference +128 produced via original software arithmetic; descending ordinary band excludes upper bound.
LFG1TF000.bin	u32	ffff9704	Phase_TargetLowerInclusive	Target reference -128; lower bound included. Signed interpretation in consumers.
LFG1TF000.bin	u16	770c0	Phase_CompletionTimerThreshold	Stock8 signed timer counts; physical timebase unproved.
LFG1TF000.bin	u16	770c2	Phase_Code11BypassThreshold	Stock4800 hex; signed96CC at/above threshold bypasses repeated-sample count when code11 measurement >=lower band bound.
LFG1TF000.bin	function	31c18	Phase_AcknowledgeAndRetire	Group5D3BC ->record ackbytes0..9; requiredmetadata0 latches+14; exact1 latch plusallnonzero permitshead/thentail retirement with3callbacks. Prior4096bitmap/975statefulcases; new4132wholeRAM directcases and85 actualreturn wholeRAM checks in32+352 fulltasks. tcu-initialized-requests.txt. Native-startup320 periods add27 actualreturn wholeRAM checks; thirdphaseindex2/group6/code9 remains at320. tcu-native-can-lifecycle.txt.
LFG1TF000.bin	function	30b82	Phase_RetireCapturedSource	Retirement callback1; if95C2 nonzero and code matches u16 95C4, restore95C2=1. Original callback body executes in retirement fixtures.
LFG1TF000.bin	function	30a9e	Phase_RetireDifferenceCapture	Retirement callback2; if95BE nonzero and signed code matches95BF, restore95BE=1. Original body executes.
LFG1TF000.bin	function	31168	Phase_RetireAuxiliaryCapture	Retirement callback3; restore nonzero95D0 to1.12 actualcreatedqueue traces retire viaevent3 thenrecreate/resettimer through310F8; externalacks explicit. tcu-adjustment-queue.txt.
LFG1TF000.bin	function	4dc98	SparkRequest_DispatchAscendingGroup	Group7 dispatcher via2FEF8 descriptorB08C. Code1 creation,map,release andreactivation now executed throughCAN216/ECU. Natural8081=2 reselects live map on rebound; forced0 stays in captured release. See tcu-ascending-map/release/predicates.txt; complete phase qualification remains open.
LFG1TF000.bin	label	5d414	Phase_RetirementCallbacks	Three pointers30B82,30A9E,31168 called in order for each retired record, with transition code. Head removals precede tail removals.
LFG1TF000.bin	label	ffff95d4	Phase_RecordRing	Sixteen15-byte records: ten group acknowledgements,+10 code,+11 operation,+12 third,+13 phase,+14 metadata0-complete latch. Retired records remain in RAM until reused.
LFG1TF000.bin	u8	ffff96c4	Phase_RingHead	Head index0..15. Retiring head advances modulo16; retiring tail leaves head unchanged. Wrap tested.
LFG1TF000.bin	u8	ffff96c5	Phase_RingCount	Active contiguous ring length0..16; empty retirement returns dispatcherstate1. Interior acknowledged records cannot be removed independently.
LFG1TF000.bin	u8	ffff8088	Phase_DispatchState	0 uninitialized,1 idle,2 active in tested event table. Event3 duplicates while idle do not run retirement. No complete boot/task claim.
LFG1TF000.bin	u16	ffff80d8	Request_Code9HoldSource	Signed two-sample mean of clipped measured80EE minus indexed reference9218, produced30B9E; code9 hold needs<64. Original2117C references/30B28 capture/30B9E update now drive release; physical source units remain open. See tcu-reference-error.txt.
LFG1TF000.bin	function	2117c	Phase_ProduceSevenReferences	Seven signed32 references9218[i] = floor(s16(80EC)*s16(70000[i])/4096), original signed-word multiply/12 arithmetic shifts;526 inputs/3682 word checks, MACL preserved. Full2086C source now executed from capture0A through paired shifts in tcu-reference-source.txt; physical identity open. Full126EC capture experiment observes actualphase0/4 call after2086C; code0 target14455 at80EC7017. See tcu-captured-requests.txt.
LFG1TF000.bin	function	5b5c6	FixedPoint_ShiftSignedBy12	Twelve arithmetic right shifts ofR0, including RTS delay slot. Original helper used in2117C; signed negative rounding toward minus infinity verified.
LFG1TF000.bin	function	30b20	ErrorCapture_Initialize	Sets95C2=1; real expanded initialization enables capture30B28. Other capture fields retained.
LFG1TF000.bin	function	30b28	ErrorCapture_ArmForTransition	Nonzero95C2 and code3/4/8/9/11 arm state2; index3 for3/8/11,index4 for4/9; captures30C20 into95C0 and80D8.1032 enabled/disabled/code cases verified.
LFG1TF000.bin	function	30b9e	ErrorCapture_UpdateTwoSampleMean	State2: raw=30C20, output80D8=floor((s16 old95C0+s16 raw)/2), save raw95C0. Other states zero history/output via original arithmetic helper.280 filter/1020 reset cases and8 producer-driven request lifecycles.
LFG1TF000.bin	function	30c20	ErrorCapture_ClippedDifference	Signed32 wrap of s16(80EE)-s32(9218[95C6]), clamp[-16319,16319];658 signed/boundary/index cases. Actual produced reference range is much narrower than32-bit boundary tests.
LFG1TF000.bin	label	70000	Phase_ReferenceScalesQ12	Seven signed words14492,8438,5755,4096,2920,2384,12976.2117C multiplies signed80EC then arithmetic-shifts12; no physical gear/unit assignment.
LFG1TF000.bin	label	ffff9218	Phase_ProducedReferenceWords	Seven signed32 reference words produced2117C. Used by phase and managed request predicates and error capture; produced inputs now used in integrated tests.
LFG1TF000.bin	u16	ffff95c0	ErrorCapture_PreviousRaw	Previous clipped signed error, not previous filtered output; enables a two-sample mean rather than recursive smoothing.
LFG1TF000.bin	u8	ffff95c2	ErrorCapture_State	Initialized1, eligible creation sets2, matching retirement30B82 restores1.30B9E uses state2 only; all other byte values clear history/output.
LFG1TF000.bin	u16	ffff95c4	ErrorCapture_TransitionCode	Eligible transition code3/4/8/9/11 remembered for retirement match.
LFG1TF000.bin	u8	ffff95c6	ErrorCapture_ReferenceIndex	Index3 for codes3/8/11,index4 for4/9. Raw helper tested all seven valid reference indices; invalid indices unclaimed.
LFG1TF000.bin	u16	ffff80ec	Phase_ReferenceSourceSample	Signed input to2117C Q12 scaling.209B4/20C84 produces selected-history inverse or held/fallback result, full2086C caller executed; both timestamps now drive3 shifts/35 paired ECU checks. Physical identity open. See tcu-reference-source.txt.
LFG1TF000.bin	u16	ffff80ee	Phase_MeasuredSourceSample	Signed measurement for phase/error/request predicates; also CAN216 byte4 source per tcu-speed.txt. Original17A58 timestamp ->211DC history ->2124C measurement now verified through two shift lifecycles/CAN216.24-entry history; both ages<18; stale resets0. Physical units open. See tcu-measurement.txt.
LFG1TF000.bin	function	10c4c	Arithmetic_SaturatingMultiplyShift	Original software double helpers yield s32-saturate(a*b/2^shift), truncating toward zero.175 signed/saturation cases for shifts0/1/8/16/31. Used in212F4 history normalization. See tcu-measurement.txt.
LFG1TF000.bin	function	10da4	Arithmetic_GuardedSignedDivision	Signed32 division; zero divisor returns0 for zero numerator,7FFFFFFF positive,80000000 negative.49 boundary/sign/zero cases; original integer overflow behavior retained. See tcu-measurement.txt.
LFG1TF000.bin	function	211c4	Measurement_InitializeCaptureHistory	Sets810C=9244=FF;21482 resets24 history entries/head;9238=7FFFFFFF.5 initialization/SR fixtures verified. See tcu-measurement.txt.
LFG1TF000.bin	function	211dc	Measurement_IngestCapture	8908 capped73728; old810C>=130 forces cap. Advances800D modulo24, stores9248[head], saturates800C, savesoldage9244, clears810C.540 raw boundary cases; negative synthetic inputs survive upper-only caps. See tcu-measurement.txt.
LFG1TF000.bin	function	2124c	Measurement_UpdateAndSubstitute	212F4(ROM76DE2=360)->80EE; normal9234=measurement;92C6bit4 orAC86 selects9218[index], uppercap32767, no lowercap.8080FF index6 else8081.9236 retainsmeasurement; tail50D88 executes.392 substitution cases. See tcu-measurement.txt. Full126EC capture/frame experiment verifies everycall measurement/period from independent24-slot timestamp history; firstcall stale reset. See tcu-captured-requests.txt.
LFG1TF000.bin	function	212f4	Measurement_CalculateFromHistory	Both810C/9244 must be<18. Stale clears800C,resetsring,9238=7FFFFFFF,returns0. Healthy wrapped sum count=int16(param*24/360);period=sat32(sum*24)/count;result=clamp(153600000/period,0,32767).1536 freshness/726 history cases; MACL preserved. See tcu-measurement.txt.
LFG1TF000.bin	function	2140c	Measurement_UpdateDerivative	Signedword delta=floor((old923E-old9240-old9242+9234)/4)->80F0;clamp(trunc(delta*6103/256),-32768,32767)->923C; shifts3 history words.625 boundary cases/MACL preservation. See tcu-measurement.txt.
LFG1TF000.bin	function	21482	Measurement_ResetHistory	SR critical section fills24 signed32 words9248 with214B6()=73728;resets800D=0. After staleness, recovery gradually replaces defaults. See tcu-measurement.txt.
LFG1TF000.bin	function	214b6	Measurement_ReadResetPeriod	Returns u8ROM76DE0<<12;stock18*4096=73728. Shared ingestion cap/history default. See tcu-measurement.txt.
LFG1TF000.bin	u8	ffff810c	Measurement_CurrentCaptureAge	Current age;212F4 requires<18.211DC savesoldage to9244 then clears810C. Physical elapsed-time units unresolved. See tcu-measurement.txt.
LFG1TF000.bin	u8	ffff9244	Measurement_PreviousCaptureAge	Previous810C age saved at capture;212F4 requires<18, so first capture followingstaleness still fails. Two qualifying captures resume computation. See tcu-measurement.txt.
LFG1TF000.bin	u8	ffff800d	Measurement_HistoryHead	Modulo24 current entry;211DC increments before store;212F4 sums startingathead then backwards. Reset0. See tcu-measurement.txt.
LFG1TF000.bin	u8	ffff800c	Measurement_CaptureCount	Saturatingbyte increment211DC; stale212F4 clears. Not the divisor: stockhistory count is24. See tcu-measurement.txt.
LFG1TF000.bin	label	ffff9248	Measurement_CaptureHistory	24 signed32 capture periods; reset73728, current head800D. Timestamp producer nonnegative; negative synthetic entries used only for arithmetic boundary tests. See tcu-measurement.txt.
LFG1TF000.bin	u32	ffff9238	Measurement_NormalizedPeriod	212F4 normalizedperiod; stale7FFFFFFF. All24 entries30000 ->720000 ->80EE213. Physical units unproved. See tcu-measurement.txt.
LFG1TF000.bin	u32	ffff8908	Measurement_CaptureDeltaDiv10	17A58 unsigned32(timestamp-old890C)/10;211DC ingests into history. This differs from vehicle-speed field source. See tcu-measurement.txt.
LFG1TF000.bin	u32	ffff890c	Measurement_PreviousTimestamp	17A58 previous captured32-bit timestamp; unsigned subtraction wraps. Hardware leadFFFFF438 remains unexecuted. See tcu-measurement.txt.
LFG1TF000.bin	u16	ffff9234	Measurement_SelectedInternalSample	2124C actual80EE or substituted signedreference cappedabove32767. Used by derivative2140C; differsfrom CAN216 source when substituted. See tcu-measurement.txt.
LFG1TF000.bin	u16	ffff9236	Measurement_UnsubstitutedCopy	2124C copies80EE through214F0 even when9234 substitutesreference. See tcu-measurement.txt.
LFG1TF000.bin	u16	ffff80f0	Measurement_DerivativeForRequest	2140C signedfloor delta over4; request activation4CD18 uses80F0.625 derivative boundary tests; physical timing unproved. See tcu-measurement.txt.
LFG1TF000.bin	function	20658	Reference_InitializeCaptureHistory	Initializes810D/8196/9195=FF, resets18-entry history91CC,9198/919C=FFFFFFFF. See tcu-reference-source.txt.
LFG1TF000.bin	function	20678	Reference_IngestCaptureAndFilter	Unsigned88F8 capped57344; special8080zero/80E8>=7680/bit2 early return. Otherwise historysum<=91643 and ratio outside128..538 replaces one outlier with prior period, bit3 remembers replacement.320 cases; updates18-entry ring and3-count91AA,clears810D/91AC. See tcu-reference-source.txt.
LFG1TF000.bin	function	207de	Reference_SumCaptureHistory	Count=int16-clamp(param*18/360); signed32-wrapped sum backwards from current91B4 modulo18.162 angle/head cases; MACL preserved. See tcu-reference-source.txt.
LFG1TF000.bin	function	2086c	Reference_UpdateSourceAndDerivedValues	20DF8->91A2; full209B4 selects80EC and return->80EA, shiftedcap800B; historydelta91A0,207DE(60)->919C,20EAA->91A4,tail50EA4.450 full-caller branch fixtures and3 both-capture shift lifecycles. Other outputs not all independently asserted. See tcu-reference-source.txt. Full126EC callback/frame experiment observes2124C everytask before2086C->2117C oncalls0mod4; reference settles7017. Selected outputs, not whole function RAM oracle. See tcu-captured-requests.txt.
LFG1TF000.bin	function	209b4	Reference_SelectMeasuredOrHistorySource	Runs20CBC/20FAC then fallback,hold,stale,history.900 branch cases plus actual task returns in tcu-recovery-reference.txt. Pendingphase retains91A8=10865/index0; captureloss setsbit4, yielding3070 before stale-age branch. Independent entry/cache/register/return checks; fixture cadence only.
LFG1TF000.bin	function	20cbc	Reference_UpdateHoldAndFaultGates	Independent2048 wholeapplicationRAM cases PASS. Short32 andjoined320 observe8/80actual209D0 returns withwholeRAM model. Late280 actualhead9/history18*1216/elapsed100/timer8 ->ratio21557, holdbit0. Currentringsample divisor, notselectedperiod9198. Noresettimeout reached injoinedtrace. Supplied100:8 clocks; tcu-clock-hold.txt andtcu-cmt1-delivery.txt.
LFG1TF000.bin	function	20db4	Reference_ResetCaptureHistory	SR critical section fills18 words91CC with20DE8()=57344, resets91B4=0. See tcu-reference-source.txt.
LFG1TF000.bin	function	20de8	Reference_ReadResetPeriod	Returns ROM76E46<<12; stock14*4096=57344; input cap and reset history value. See tcu-reference-source.txt.
LFG1TF000.bin	function	20fac	Reference_UpdateDiscrepancyLatch	Six raw91A2 samples; oldest-current>=998 setsbit4. Converted-minus-raw >=128 and >=converted5percent resets91C6; otherwise saturating increment, uninhibited>=7 clearsbit4.1764 policy and768 boundary cases. Actual stoppedcapture task setsbit4 using retained10865/index0; tcu-recovery-reference.txt.
LFG1TF000.bin	u8	ffff9194	Reference_SourceStatus	Bit0 aggregates91A6bit1/92C6bit1/AC87; bit1 mirrors91A6bit2 after209B4. Selects measurement fallback versus capture history. See tcu-reference-source.txt.
LFG1TF000.bin	u8	ffff91a6	Reference_AcquisitionFlags	Bit0 holds old80EA/80EC; bit1 latched acquisition fault; bit2 stale/reset; bit3 one-capture outlier memory; bit4 discrepancy fallback. Original producers verified within documented fixture domains. See tcu-reference-source.txt.
LFG1TF000.bin	u8	ffff91b4	Reference_CaptureHistoryHead	Current index in18-entry signed32 history91CC.20678 increments beforestore;207DE/209B4 sum startingathead then backwards. See tcu-reference-source.txt.
LFG1TF000.bin	label	ffff91cc	Reference_CaptureHistory	18 signed32 periods from capture0A179A8->20678. Reset57344, unsigned input cap and one-sample outlier replacement; physical period units open. See tcu-reference-source.txt.
LFG1TF000.bin	u32	ffff9198	Reference_FullNormalizedPeriod	209B4 stores full normalized18-entry period, retains onhold,FFFFFFFF onfallback/stale.80EC may use a different selected window. See tcu-reference-source.txt.
LFG1TF000.bin	u8	ffff91c6	Reference_DiscrepancyRecoveryCount	20FAC saturating counter; qualifying discrepancy resets0, uninhibited updatedcounter>=7 clearsbit4. Active/cached/stale policy independently modeled; capture-driven latch/recovery verified. Physical time open. See tcu-reference-policy.txt.
LFG1TF000.bin	u16	ffff91a8	Reference_CachedMeasuredFallback	209B4 refreshes80EE only when31720 idle and4*8196>=37;810C>=5 forceszero. Actual pendingphase retains10865; coefficient14492 yieldsfallback3070 after captureloss. Independent cache-entry/return check in tcu-recovery-reference.txt.
LFG1TF000.bin	u8	ffff91c7	Reference_CachedMeasuredIndex	Saved accepted8081 with91A8; fallback may use priorindex instead of current8081 or classFF index6. Native code0/code2 traces retainindex0 while acceptedindex advances1/3; tcu-recovery-reference.txt.
LFG1TF000.bin	function	20eaa	Reference_SelectAlternateCachedValue	Separate91B6/91C8 cache refresh only idle and4*8196>=37; age810C>=5 thenzero.9194bit0/91A6bit4 selects80EA, otherwiseclass0zero or coefficient-converted cache. Nonnegative clamp; refresh precedes gate.1764 paired policy plus216 dedicated cases. See tcu-reference-policy.txt.
LFG1TF000.bin	function	2094e	Reference_IncrementElapsedCaptureCounter	SR critical section increments91AC saturatingFFFF;16 value/SR cases. Accepted20678 capture clears it.1E506 tailcalls here; physical period open. See tcu-reference-policy.txt.
LFG1TF000.bin	function	1e506	Reference_ServiceElapsedCaptureCounter	Tailcall2094E; full128B6 caller executed across256 modes and3 count boundaries. See tcu-reference-policy.txt.
LFG1TF000.bin	function	128b6	Scheduler_ServiceCaptureElapsedWhenMode3	Reads800A; ONLY3 calls11864,1E506,11A64.768 mode/counter cases verify91AC and84D0 increments. Direct wrapper execution, not CMT0 hardware emulation. See tcu-reference-policy.txt. Native16D6C/123C2 prefix nowverified: initialmode1 promotes3;516cases in tcu-cmt0-interrupt.txt.
LFG1TF000.bin	u16	ffff91c4	Reference_DiscrepancyCachedMeasurement	20FAC retains during active31720; idle refreshes80EE if810C<5 else0. Independent from alternate91B6 and fallback91A8 caches. See tcu-reference-policy.txt.
LFG1TF000.bin	u8	ffff91c9	Reference_DiscrepancyCachedIndex	20FAC idle saves8081; active retains and uses savedindex even classFF. IdleclassFF converts with6 but still saves8081. See tcu-reference-policy.txt.
LFG1TF000.bin	u16	ffff91b6	Reference_AlternateCachedMeasurement	20EAA refresh only idle and4*8196>=37; age810C>=5 selects0; otherwise retained. Updated before output fault gate. See tcu-reference-policy.txt.
LFG1TF000.bin	u8	ffff91c8	Reference_AlternateCachedIndex	20EAA saves8081 onlywhen measurementcache refreshes; retainedindex overridesclassFF choice. Valid calibration indices0..6 verified. See tcu-reference-policy.txt.
LFG1TF000.bin	u16	ffff91ac	Reference_ElapsedCaptureCounter	2094E saturatesFFFF;128B6 invokes only800A==3; accepted20678 clears0.20CBC ratio input for holdgate; real elapsed-time units open. See tcu-reference-policy.txt.
LFG1TF000.bin	u8	ffff8158	Reference_HoldTimer	Original11014 increments4/16 primaryslots;20CBC clears when holdpredicatefalse, >=244 setsflags/resetsring. No physical period assigned. See tcu-reference-policy.txt.
LFG1TF000.bin	u8	ffff8196	Reference_IdleSettlingTimer	Original11014 increments2/16 primaryslots. Active209B4 clears0; idle>=10 enables refresh. Native firstphase retires108: timer4 then8 at112; newcode2 at113 resets0 at116 before refresh. Suppliedeight-wheel schedule; tcu-recovery-reference.txt.
LFG1TF000.bin	u16	ffff91a4	Reference_AlternatePublishedValue	Full2086C stores20EAA result here then50EA4 scales it. Independent alternate/cache policy verified; downstream consumers not all modeled. See tcu-reference-policy.txt.
LFFEEE-stock.bin	function	35538	CAN21A_Initialize	Executes3575A output reset and35750 receipt reload20; traction-flags.txt.
LFFEEE-stock.bin	function	35542	CAN21A_Receive	Static: mode734A bit40 OR80 polls descriptor3792C then348E2/unpack/reload; peripheral wrapper not executed.
LFFEEE-stock.bin	function	3558e	CAN21A_Normalize	Executed: word0 minus10000 floor-1000; word1 minus10000 cap10000 gated by any CAN211 request and7190!=1. Receipt/sentinels ->-10000; FFFE special only word1. See traction-flags.txt.
LFFEEE-stock.bin	function	35674	CAN21A_DecrementReceiptCounter	Executed6AB4 decrement saturating0, reset20 if69E0 nonzero or735A bit7.3880/3894 preserve interrupt mask only; optional scheduler tail gated in fixture.
LFFEEE-stock.bin	function	3572a	CAN21A_Unpack	Executed BE bytes0..1 ->6AB6, bytes2..3 ->6AB8. Sender and physical units unknown.
LFFEEE-stock.bin	function	35750	CAN21A_ReloadReceiptCounter	Writes6AB4 from ROM B8247=20.
LFFEEE-stock.bin	function	3575a	CAN21A_InitializeValues	Writes6A9C and protected6AA0 to-10000 via real15522 helper.
LFFEEE-stock.bin	function	4e7f4	Control_InitializeRetainedLatch7978	Copies protected722E into7984 and clears protected7978; physical control role unresolved.
LFFEEE-stock.bin	function	4e80c	Control_UpdateRetainedLatch7978	Clear if722E zero or7974 zero; set if6E57/6A20/797A exactly1 or historical7987bit7/timer75B0 plus7985==0/current797B==1 and6DB4<900; else hold. Always update7985/7987 history; traction-flags.txt.
LFFEEE-stock.bin	function	3b450	CAN216_SelectBit7ControlRequest	6E57=1 iff B81B2==0 and6A5F nonzero; stockB81B2=1 forces0.1024 paired TCU216/ECU/CAN211 latch cases verified.
LFFEEE-stock.bin	label	3792c	CAN21A_RxDescriptor	RX21A mailbox7 DLC8 bufferFFFF6AA8. Separate fromTCU218; source controller unproved.
LFFEEE-stock.bin	label	ffff6aa8	CAN21A_RxBuffer	3572A reads two BE words; bytes4..7 ignored by this unpacker.
LFFEEE-stock.bin	f32	ffff6a9c	CAN21A_Word0Value	word0-10000 floor-1000;FFFF or expired ->-10000. FFFE remains numeric55534.
LFFEEE-stock.bin	f32	ffff6aa0	CAN21A_GatedWord1Value	Protected value/checksums6AA4/6AA6. CAN211 request-gated word1-10000 cap10000; sentinel/expiry/inhibit ->-10000. Physical consumer role open.
LFFEEE-stock.bin	u8	ffff6ab4	CAN21A_ReceiptCounter	Reload20; grouped347B8 receipt fault can suppress CAN211 flags; explicit lifecycle verified.
LFFEEE-stock.bin	u16	ffff6ab6	CAN21A_RawWord0	3572A BE bytes0..1;3558E copies6AB0 before conversion.
LFFEEE-stock.bin	u16	ffff6ab8	CAN21A_RawWord1	3572A BE bytes2..3;3558E copies6AB2 before conversion.
LFFEEE-stock.bin	u8	ffff7978	Control_RetainedLatch7978	Protected byte/complement7978/7979. CAN2116A20 can set; flag withdrawal alone retains. Clear gates722E/7974; physical control role unknown.
LFFEEE-stock.bin	u16	ffff7974	Control_Latch7978CountGate	Zero forces7978 clear in4E80C; producer and units remain open.
LFFEEE-stock.bin	u8	ffff7985	Control_Latch7978PreviousState	4E80C remembers797B after testing previous==0/current==1.
LFFEEE-stock.bin	u8	ffff7987	Control_Latch7978HistoryBits	4E80C tests previousbit7 then updatesbit7 from73C4bit4, preserving low7.
LFFEEE-stock.bin	u8	ffff6e57	CAN216_Bit7ControlRequest	3B450 forces0 with stockB81B2=1;4E80C can set7978 if this byte equals1.
LFFEEE-stock.bin	u8	b81b2	CAN216_Bit7ControlDisable	Stock1 suppresses6A5F ->6E57. No alternate calibration or ROM patch tested.
LFFEEE-stock.bin	function	a6490	Control_CombineCANNumericInputs	Full execution throughA7432 with four independent numeric output oracles. A710=max(21Aword1/divisor,218byte6,-10000)+71C4; A70C=min(max(211numeric,21Aword0,-10000)/divisor,216limit)+71C4. Further histories/maps execute but are not independently modeled; physical role unproved. numeric-arbitration.txt.
LFFEEE-stock.bin	f32	ffffa710	CANModel_MaxCombinedValue	Max of divided21A6AA0,2186A80 and-10000, plus71C4. Executed fullA6490; exactRTZ model verified.
LFFEEE-stock.bin	f32	ffffa70c	CANModel_ATBoundedValue	Min of max(211714C,21A6A9C,-10000)/divisor and2166A30, plus71C4. Stock bypass divisor1; physical units unproved.
LFFEEE-stock.bin	f32	ffffa700	CANModel_ConvertedMaxValue	A710*101.2999954/293/max(6DC4,epsilon)*(6D40+273)-71D8-71D0, RTZ each operation. Original literals used in verifier.
LFFEEE-stock.bin	f32	ffffa6f0	CANModel_ConvertedATBoundedValue	A70C receives same conversion asA710 ->A700; full function numeric oracle verified. Physical role unproved.
LFFEEE-stock.bin	f32	ffffa6fc	CANModel_LimitedATBoundedValue	min(A6F0,A650); verified conditional relationship. A650 producer history not independently modeled here.
LFFEEE-stock.bin	u8	ffff6a28	CAN211_ConversionBypass	34BBC initializes protected byte fromB8244==1; stock1. A6490 treats any nonzero as divisor1, else max(7154,epsilon); nonBoolean cases verified.
LFFEEE-stock.bin	function	a477e	Control_RunFiveStageCalculation	Original caller executes A61A8,A4B98,A6238,A6490,A4FF8 in order;12 paired TCU/ECU fixtures. Only final conversion independently modeled;control-conversion.txt.
LFFEEE-stock.bin	function	a61a8	Control_SnapshotConversionInputs	Protected6DB4*1 toA5A0;72F8 toA5A4;6D00 toA5A8. Called byA477E.
LFFEEE-stock.bin	function	a4ff8	Control_InvertAndBlendMaps	Full stock inverse mapsA25CC/A25E0,718C blend,offset andlimits toA660 verified in324 cases. Physical actuator identity unproved;control-conversion.txt.
LFFEEE-stock.bin	function	41a68	Control_PublishCalculatedValues	Copies A660/A65C/A658/A650/A654 to72C8/72CC/72D0/72D4/72D8;A613/A612 exact1 to72DC/72DD.
LFFEEE-stock.bin	function	42240	Control_SelectAndLimitPublishedValue	StockC90A0=1 chooses72C8 unlessA3A4==1 then72F8;207C clamp with72F4/72F0 to72FC.180 selection cases;physical meaning open.
LFFEEE-stock.bin	label	a25cc	Control_InverseBaseMap	Float18x30 map inverted byA4FF8 at X=A5A0;outputA740. Tested endpoint extrapolation and interior interpolation.
LFFEEE-stock.bin	label	a25e0	Control_InverseActiveMap	Float18x30 map inverted byA4FF8;outputA738.718C selects active blend with stock step1.
LFFEEE-stock.bin	f32	ffffa630	Control_InverseBlendWeight	A4FF8 retained weight addsC5680 when718C nonzero else subtractsC5684;clamp0..1. Bothstock1.
LFFEEE-stock.bin	f32	ffffa660	Control_LimitedInverseValue	A4FF8 bounded inverse output;41A68 copies to72C8. Also A6490 feedback consumer. Physical units open.
LFFEEE-stock.bin	f32	ffffa720	Control_InverseTargetInput	Produced A6490,consumed A4FF8 scaling/map inversion. Upstream selection/history model incomplete.
LFFEEE-stock.bin	f32	ffffa740	Control_InverseBaseResult	MapA25CC inverse result beforeblend andoffset;can extrapolate far outside Yaxis.
LFFEEE-stock.bin	f32	ffffa738	Control_InverseActiveResult	MapA25E0 inverse result beforeblend andoffset.
LFFEEE-stock.bin	f32	ffff72c8	Control_PublishedInverseValue	Rawfloatcopy ofA660 by41A68;selected42240 unlessprotectedA3A4==1.
LFFEEE-stock.bin	f32	ffff72fc	Control_SelectedPublishedValue	42240 selected/limited output. Staticconsumers25602/39B24/4268E;physical actuator role stillopen.
LFFEEE-stock.bin	function	39b04	Control_PublishSelectedAuxiliaryValue	Executed72FC clamp0..100 toprotected6CD4;A3A4==1 substitutes100.81 combinedconsumer cases;throttle-candidate.txt.
LFFEEE-stock.bin	function	4268e	Control_UpdateSelectedValueHysteresis	72FC>.5 clears7344;<=.25 sets1;deadband retains even nonBoolean history. Executed originalbody.
LFFEEE-stock.bin	function	255c8	ThrottleCandidate_ConvertSelectedValue	StockBAEA0=1: clamp((72FC+6D00)*BACA8,0,BAEA4) to569C.54 cases. Savedromdrop labels multiplier/max as throttleangle;physical actuator notverified.
LFFEEE-stock.bin	function	25682	ThrottleCandidate_SelectCommand	StockBB20C0 prioritizes exact1 flags566C/566E/5670/5672;relative orabsolute candidates then0..2124 clamp toprotected56A0.324 cases;throttle-candidate.txt.
LFFEEE-stock.bin	function	2256c	Control_PackOutgoingCommandRecord	Full38byte record5592 selectiveupdate.56A0 quantized identically at+4/+6;flags andprotectedlimits.768 cases. Transport/remote actuator unverified.
LFFEEE-stock.bin	function	c1f6	Control_WriteOutgoingIndexedWord	u8index*2+437A storeswordR5;executed all19 record words. Staticcaller224DE loop;startC00A notexecuted.
LFFEEE-stock.bin	f32	ffff569c	ThrottleCandidate_RelativeAngle	Stock255C8 scales selected72FC+6D00 by~.85,clamps0..85. Physicalname is corroborated by saved definition constants,notbenchproof.
LFFEEE-stock.bin	f32	ffff56a0	ThrottleCandidate_SelectedAngle	25682 selected/limited protectedfloat,2256C duplicates its quantization at5596/5598. Six pairedTCU/ECU retained checkpoints.
LFFEEE-stock.bin	label	ffff5592	Control_OutgoingCommandRecord	38byte buffer;2256C updates4..23 preserving0..3,24..37. No CAN payload claim.
LFFEEE-stock.bin	label	ffff437a	Control_OutgoingWordBuffer	C1F6 fills38payloadbytes;SCI1C3F8 addschecksum andtransmits40TDRbytes. Remote recipient/physicalactuation unknown;control-serial.txt.
LFFEEE-stock.bin	f32	baca8	ThrottleCandidate_AngleMultiplier	Stock~.85; savedromdrop lffeee.xml names Throttle Angle Conversion Multiplier. Used255C8.
LFFEEE-stock.bin	f32	baea4	ThrottleCandidate_MaximumAngle	Stock85; savedromdrop lffeee.xml names Throttle Angle Max. Used255C8.
LFFEEE-stock.bin	f32	badd8	ThrottleCandidate_DefaultClosedOffset	Stock10.5; savedromdrop lffeee.xml names TP Closed Default.15246 fallback for2114 used25682/2256C.
LFFEEE-stock.bin	function	be92	SCI1_EnsureCommandConfiguration	256 bytepatterns verify SMR80,BRR4,SCR low2clear,SDCR F2 onlywhenbit3set. Registermap corroborated SH7058manual;control-serial.txt.
LFFEEE-stock.bin	function	c350	SCI1_StartCommandExchange	C00A target;reset sums/index/status,setactive43A9,enableSCR,clearPDDRbit0. FirstTDRwrite comes from subsequentbytecallback.
LFFEEE-stock.bin	function	bfb4	SCI1_ServiceCommandByte	Activeexchange41calls:send0,thenreceiveprevious/sendnext through39,receive39/finishat40. Explicit callbacks,notinterrupttiming;control-serial.txt.
LFFEEE-stock.bin	function	c3f8	SCI1_SendCommandByte	437A bytes0..37 accumulate43A2;index38 writes BEchecksum5AA5-sum at43A0.40bytes reachTDR1 F00B.
LFFEEE-stock.bin	function	c49c	SCI1_ReadReplyByte	ExplicitRDR1 F00D sample to4352+index;first38bytes accumulate43A4. Sampledperipheral verification.
LFFEEE-stock.bin	function	c4ea	SCI1_FinishAndCheckReply	PDDRbit0set;active43A9clear;sumfirst38+BEtrailer==5AA5mod65536 ->completion1 else2.
LFFEEE-stock.bin	function	c536	SCI1_AbortCommandExchange	Timeoutpath disablestransfer,setsPDDRbit0,completion2/active0. Rawpartialbuffers remain;freshstart resetsstate.
LFFEEE-stock.bin	function	bf38	SCI1_ServiceTimeoutAndMonitor	Fiveconsecutive callswithoutcallback fromstale0 abortactiveexchange. Separate43AB/43AA saturation/threshold monitor. Physicaltimeunitsunproved.
LFFEEE-stock.bin	function	c20a	SCI1_ConsumeExchangeStatus	Returns43A7 thenzeroesit undercriticalmask.1valid,2checksumfailure/abort,0nostatus.
LFFEEE-stock.bin	function	c200	SCI1_ReadReplyWord	u8index*2 reads BEword4352;all19payloadwords checked afterfulltransfers.
LFFEEE-stock.bin	function	e86e	SCI1_ByteCallbackInterruptStub	ED1A read/writeBF then tailcallBFB4. Executedexplicitly;interruptsource scheduling/pins remainunverified.
LFFEEE-stock.bin	u8	ffff43a9	SCI1_ExchangeActive	C350 sets1;C4EA/C536 clear. BFB4testsnonzero;BF38timeouttests exact1.
LFFEEE-stock.bin	u8	ffff43a7	SCI1_ExchangeCompletion	1checksumvalid;2checksumfailureortimeout;C20Aconsume-clears. Notapplicationheaderacceptance.
LFFEEE-stock.bin	u8	ffff43a6	SCI1_ExchangeByteIndex	0afterstart,41after40TX/40RX complete. Explicitcallback tests.
LFFEEE-stock.bin	u16	ffff43a2	SCI1_TransmitByteSum	Unsignedsum first38TXbytes;trailer5AA5-sum.
LFFEEE-stock.bin	u16	ffff43a4	SCI1_ReceiveByteSum	Unsignedsum first38RXbytes;trailercompletes5AA5 modulo65536.
LFFEEE-stock.bin	label	ffff4352	SCI1_ReplyBuffer	40rawbytes;checksumstatus separate. Applicationconsumer222FA..22398 remainsstaticlead.
LFFEEE-stock.bin	function	22224	SCI1_ServiceApplicationReplyAndRequest	Fullreceipt/header/command/scheduling execution:810 header/status,120 scheduling cases. Invalidreply retainsnumericfeedback;control-reply.txt. Localmodes0/1,6DF8=0;resetC260 branchopen.
LFFEEE-stock.bin	function	2291a	SCI1_DecodeApplicationFeedback	Fullbodyexecuted;192 independentnumeric and192 sixchannelmajority checks.55DF1 alternateconversion/directflags,elsewordangleconversion/majority. Otherflags/diagnosticsnotfullymodeled.
LFFEEE-stock.bin	function	228f0	SCI1_CopyReplyCalibrationWords	FourreplywordsstartingindexR5 toRAMBB70+2*u16R4. Application9001..9080 writes8bytes perheaderindex;all128indiceschecked.
LFFEEE-stock.bin	function	23408	SCI1_FilterReplyStatusByte	Per-bitmajority ofnewrawR4,previousrawR5,previousfilteredatR6;storeviaextraargumentonstack. Calledsixchannelsby2291A.
LFFEEE-stock.bin	function	285f0	SCI1_UpdateMissingFeedbackMonitor	5578==0 loss;57CCexact1 enablesbad/good counters. OLD25sets20A8;OLD250sets57CD.9462exact1 resets.432cases+28transport/applicationlosssteps withgatefixture.
LFFEEE-stock.bin	u8	ffff5578	SCI1_ApplicationFeedbackReceived	22224 clears;sets1 onlychecksumstatus1,complementaryheader and8000/9001..9080 recognizeddecoderpath.
LFFEEE-stock.bin	f32	ffff5534	SCI1_ProtectedFeedbackValue	2291A primarynumericdecode withchecksum. Holdsafterrejectedreply;physicalunits/consumerpolicyincomplete.
LFFEEE-stock.bin	f32	ffff5540	SCI1_SecondaryFeedbackValue	2291A secondarynumericdecode;55DFmodechangesconversion. Retainedafterinvalidapplicationreply.
LFFEEE-stock.bin	u16	ffff55ec	SCI1_OutgoingSequence	Normalrequestheader9001..9034 increments/wraps. F75Ebit2high selects8000 andholdscounter.
LFFEEE-stock.bin	u8	ffff57ce	SCI1_FeedbackMissing	285F0 noreset:5578==0. Reset9462==1 clears.
LFFEEE-stock.bin	u8	ffff57cd	SCI1_FeedbackRecoveryLatch	EnabledgoodcounterOLD>=250sets;doesnotitselfclear20A8. Reset9462==1 clears;285AE inhibitsmonitorwhile20A8latched,so explicitclearneededbeforegoodcounteradvances;consumersopen.
LFFEEE-stock.bin	u16	ffff57d2	SCI1_MissingFeedbackCounter	Enabledmissingfeedbacksaturatingu16;OLD>=25setsprotected20A8. Goodfeedbackorblockedgateresetscounter.
LFFEEE-stock.bin	u16	ffff57d0	SCI1_PresentFeedbackCounter	Enablednonzero5578 saturatingu16;OLD>=250sets57CD. Missingfeedbackorblockedgateresetscounter.
LFFEEE-stock.bin	label	ffff55b8	SCI1_ApplicationReplyRecord	38bytes:status1updatesfirst4bytes;complementmatchcopiesremaining34;onlyrecognizedheadersdecodenumeric.
LFFEEE-stock.bin	u8	ffff20a8	SCI1_MissingFeedbackFault	285F0 sets1 at26thmissingcallfromzero when57CCheld1;onegoodreplyholdsfault. Full285AE gate verified incontrol-policy.txt;faultinhibitsmonitoronnextcall. DTC/actuatorreactionopen.
LFFEEE-stock.bin	function	21d18	Control_UpdateFeedbackOverride	Executed810 cases+18 default checks: feedback threshold selects timed decrement counters;566Eexact1 enables protected5520 override. Stock step~.05,floor5;entry differs. control-policy.txt.
LFFEEE-stock.bin	function	285a4	SCI1_ServiceMissingFeedbackMonitor	Original285AE admission then285F0 monitor;972 cases and30 actualserial/application loss/recovery calls. Faultsets26,gatecloses27;goodreply alone cannotadvance recovery.
LFFEEE-stock.bin	function	285ae	SCI1_AdmitMissingFeedbackMonitor	57CC=(99D8bit15)&&(567A==1)&&(protected20A8/default0==0),stockB4 policy mask00800000. Gatebeforemonitor/reset;24E06/567A producer verified incontrol-admission.txt;earlierinputs/taskorderopen.
LFFEEE-stock.bin	function	28552	SCI1_ClearMissingFeedbackFault	Original explicit clear writes protected20A8=00FF. Executed then251 enabledmonitorcalls set57CD;caller/admission andphysicalrecovery remainopen.
LFFEEE-stock.bin	function	9a244	Diagnostic_CheckIndexedPolicyInhibit	Originalpolicybody executedforB4 via285AE. StockE1E00=00800000 selects9A43A inverse mode match. Otherindices notindependentlymodeled here.
LFFEEE-stock.bin	function	9a43a	Diagnostic_CheckModeMaskMismatch	Two91728 bytes AND indexed AC148 pair;return1 onlyno match. B4 stockpair8000 meansinhibitwhen99D8bit15clear. Executedfullgatepath.
LFFEEE-stock.bin	function	91728	Diagnostic_ReadModeByte	Index0 highbyteof99D8;index1 lowbytewhenconsumertruncates;otherindex0. Executed9A43A modepair checks.
LFFEEE-stock.bin	f32	ffff5520	Control_ProtectedFeedbackOverride	21D18 protectedoutput;25682 selectswhen566C!=1 and566E==1. Timeddecrement/floor andentry policyverified;upstreamenablepurposeopen.
LFFEEE-stock.bin	u16	ffff5528	Control_AboveThresholdCounter	21D18 retainedmode: highsideold>=stock2 decrements5520,clearscounterthenincrements;lowbranchclears. Entrypathholds.
LFFEEE-stock.bin	u16	ffff552a	Control_BelowThresholdCounter	21D18 retainedmode: lowsideold>=stock2 decrements5520,clearscounterthenincrements;highbranchclears. Entrypathholds.
LFFEEE-stock.bin	u8	ffff552c	Control_PreviousOverrideEnable	21D18 stores566E;zero selectsentrypolicy,anynonzero selectsretainedpolicy whennew566E==1.
LFFEEE-stock.bin	u8	ffff552d	Control_FeedbackThresholdState	21D18 feedback5534 vsclosed2114+.5;stockhysteresis0,equalitysets1. Selectshigh/low timingcounter.
LFFEEE-stock.bin	u8	ffff57cc	SCI1_MissingFeedbackMonitorEnabled	Producedby285AE. Latched20A8 inhibitsnextcallandclearsgood/bad countersin285F0. 567A producer24E06 verified;99D8/earlierlocalsources andfulltask remainopen.
LFFEEE-stock.bin	function	24910	Control_DispatchCommandOverrides	Fullstock priority/body verification:4991 totaldispatcher/localgate cases;32pairedTCU/CAN/serial lifecycle. Thresholdstates,bypass,firstnonzero priority andretained5675 checked;control-admission.txt.
LFFEEE-stock.bin	function	251b4	Control_CheckOverrideBypass	Stock bypass usesOLD566E,93C3/92CB/932A,722A/5664,5633 and6642/43/protected213A. Fullcallerretainedhistory tested;not numericoutputdisable.
LFFEEE-stock.bin	function	25242	Control_AdmitHighestPriorityOverride	StockBAE40=1 forceszero;24910 stillcallswhenbypassfalse. Alternatecalibrations unmodeled.
LFFEEE-stock.bin	function	252c4	Control_AdmitFeedbackOverride	Stock566E admissionrequires568A1,56771,protected20A8zero thenmode/timer/fault predicates. Writes5675 onlyonadmission;fullcallerstackarguments verified.
LFFEEE-stock.bin	function	2543a	Control_AdmitRelativeOverride	StockBAE43=1 disablesmode1 branch;568B1,722A0,92CB/932Aqualifier andtimer625/2136/566A conditions. Full24910 oracle;control-admission.txt.
LFFEEE-stock.bin	function	25512	Control_ReadAbsoluteOverrideRequest	Returnraw5635byte;24910stopsatanynonzero,but25682absoluteoverrideonlyexact1. NonBoolean2 tested.
LFFEEE-stock.bin	function	24c88	Control_QualifySerialFeedbackGate	Stock5677 requires56761,counter5668<=37or50..124,and536C/5550hysteresisstatesexact1. Fullbody/localgate cases andpairedserialreply5550.
LFFEEE-stock.bin	function	24dce	Control_UpdateMonitorHoldoff	5680reload125when536C<6and6600==1;otherwise decrementnonzero. Equality6doesnotreload.126callreload/countdown verified.
LFFEEE-stock.bin	function	24e06	Control_UpdateLocalSerialEnables	Stock5678/567B=(536C>=6.5);5679=(722A1and56771);567A=(536C>=6.5and5680zero). StockcalibrationDCEbytes0. Originalbodyexecuted.
LFFEEE-stock.bin	u8	ffff566b	Control_OverrideBypassResult	24910 publishes251B4result;clearsallpriorityflagswhenbypassed. Doesnotbyitselfdisable25682 normalcandidate.
LFFEEE-stock.bin	u8	ffff566e	Control_FeedbackOverrideEnabled	Producedby24910from252C4. Requiresqualifiedfeedbackandno20A8plusmode/counters;21D18 updates5520 and25682selectswhenexact1.
LFFEEE-stock.bin	u8	ffff5674	Control_NoOverrideRequested	24910sets1onlybypassfalseandallfourhelperszero. Raw5635=2suppressesflagalthough25682usesnormalcandidate.
LFFEEE-stock.bin	u8	ffff5675	Control_RetainedFeedbackAdmissionTag	252C4admitmode0sets0;mode1sets1. Rejection/skippedhelperhold;notcurrentenable.
LFFEEE-stock.bin	u8	ffff5677	Control_QualifiedSerialFeedback	24C88from5676,timer5668andtwohysteresisstates536C/decoded5550. Consumedby24910beforelocalupdateinobservedtaskorder.
LFFEEE-stock.bin	u8	ffff567a	Control_LocalMissingFeedbackEnable	24E06stock536C>=6.5andupdated5680zero.285AEcombinesmode99D8bit15and20A8clear. 5676 producer24BAE verified incontrol-timers.txt;earliermode/sourceinputsopen.
LFFEEE-stock.bin	u16	ffff5680	Control_SerialMonitorHoldoffCounter	24DCEreload125on536C<6and66001,elsedecrement.24E06requireszero for567A;callsnotphysicaltime.
LFFEEE-stock.bin	u8	ffff568a	Control_ThresholdState_568A	24910 source536C:set1>=upper10,clear0<lower9.5,elseretainincludingnonBoolean. Originalstockthresholdsverified.
LFFEEE-stock.bin	u8	ffff568b	Control_ThresholdState_568B	24910 source536C:set1>=upper6.5,clear0<lower6,elseretainincludingnonBoolean. Originalstockthresholdsverified.
LFFEEE-stock.bin	u8	ffff568c	Control_ThresholdState_568C	24910 source6DB4:set1>=upper300,clear0<lower200,elseretainincludingnonBoolean. Originalstockthresholdsverified.
LFFEEE-stock.bin	u8	ffff568d	Control_ThresholdState_568D	24910 source6D20:set1>=upper100,clear0<lower98,elseretainincludingnonBoolean. Originalstockthresholdsverified.
LFFEEE-stock.bin	u8	ffff568e	Control_ThresholdState_568E	24910 source6D20:set1>=upper100,clear0<lower98,elseretainincludingnonBoolean. Originalstockthresholdsverified.
LFFEEE-stock.bin	function	247b6	Control_UpdateModeTimers	Originalmode722A updates5664/5666 and566A>=6;1458 casesplus2514serialcycles. Inmode0 blockedstatusholdscounter,notclear;control-timers.txt.
LFFEEE-stock.bin	function	24b82	Control_UpdateRelativeOverrideTimer	After24910,increment5668saturatingu16 only5670exact1;elseclear. Originalretainedlifecyclesandboundarycasesverified.
LFFEEE-stock.bin	function	24bae	Control_UpdateSerialEnableOutput	5676=(566Bzero&&updated5668<201);original22E4/E744/22F4 writesPDDRbit11,preservesotherbits/restoresinterruptmask. Physicalpinroleopen.
LFFEEE-stock.bin	function	1ded8	Control_InitializeFilteredLocalSource	Copy6CB4to536C;explicitlyexecutedinseriallifecycle setup. Sourceacquisition/physicalunitsopen.
LFFEEE-stock.bin	function	1dee2	Control_FilterLocalSource	2508:stockhalfblend6CB4/old536C,epsilon~1e-5snap;1600finitefilterchecks. Relativecallscheduling andnonfinite behavioropen.
LFFEEE-stock.bin	function	15146	Protected_ReadByteOrDefault	Value/complementcheck;invalidusesR5default,recordsaddressat534C,calls157F0toset5354. Sparsefixtureinvalid210C/2076/2088/208A affectscommandmode1;control-timers.txt.
LFFEEE-stock.bin	function	157f0	Protected_MarkInvalidRead	Sets5354=1. Executedvia15146invalidrecords;separatefromserialmissingfeedback20A8. Fullinitialization/diagnosticservicingopen.
LFFEEE-stock.bin	u16	ffff5664	Control_ModeZeroTimer	247B6:mode722A0 conditionallyincrement/hold;nonzeromodeclear. Eligibility6,feedbacklimit625,bypass>1875 stock.
LFFEEE-stock.bin	u16	ffff5666	Control_ModeOneTimer	247B6incrementsaturatingu16only722Aexact1;elseclear. Stockmode1feedbackrequires<625.
LFFEEE-stock.bin	u16	ffff5668	Control_RelativeOverrideTimer	24B82incrementsonly5670exact1,elseclear. Qualificationwindows<=37or50..124;enableclearsat201.
LFFEEE-stock.bin	u8	ffff566a	Control_ModeZeroTimerEligible	247B6sets1iff722A0andUPDATED5664>=6. Producerexecutedbeforedispatcher inretainedtests.
LFFEEE-stock.bin	u8	ffff5676	Control_SerialEnableOutput	24BAEbooleanalsoPDDRbit11;controls24C88replyqualification. Physicaloutputmeaningopen;notdirectlyinjectednewlifecycles.
LFFEEE-stock.bin	f32	ffff536c	Control_FilteredLocalSource	1DED8copy/1DEE2halfblendfrom6CB4;drivesdispatcher/localgate thresholds. Physicalunit andupstreamsourceopen.
LFFEEE-stock.bin	f32	ffff6cb4	Control_LocalFilterInput	1DF14init/oddphase1DF32 copy40E8producedby6718 fromADCchannel1bank400A. Directbranch,notfiltered6CB8.1DED8/1DEE2/30512/3127E/7AAF8 arereaders. Boardunits/actualcadenceopen;control-acquisition.txt.
LFFEEE-stock.bin	u8	ffff5354	Protected_InvalidReadPending	157F0setsafterprotectedreadfailure;mode1feedbackadditionalgates applywhile nonzero. Sparsefixture00/00 records cause it;notserialfault20A8.
LFFEEE-stock.bin	label	ffff534c	Protected_InvalidByteRecordAddress	15146invalidbyte/complementrecordsR14herebefore157F0. Probeidentified210C/2076/2088/208AinzeroRAMfixture.
LFFEEE-stock.bin	function	23a1c	Control_InitializeRelativeOverride	Writes protected5620=0; executed initializer, control-overrides.txt.
LFFEEE-stock.bin	function	23a24	Control_UpdateRelativeOverride	5668<50 writes1; ==50 feedback5534 minus protected closed2114; >50 add~0.3 capped~11.6. Finite RTZ oracle and retained serial lifecycle; control-overrides.txt.
LFFEEE-stock.bin	function	245d8	Control_InitializeAbsoluteOverride	Writes protected5650=closed2114+6 and timer5658=FFFF; leaves previous565A unchanged. Executed default/valid record cases.
LFFEEE-stock.bin	function	245fc	Control_UpdateAbsoluteOverride	Stage5634>=3 plus previous565A0/current5635exact1 resets timer; otherwise old timer<=63 follows8248+closed and increments, >63 ramps~0.008. Always upper cap closed+6. Updates even if enable zero; control-overrides.txt.
LFFEEE-stock.bin	function	246e0	Control_InitializeHighestOverride	Writes protected565C zero; executed original initializer.
LFFEEE-stock.bin	function	246e8	Control_UpdateHighestOverride	566C exact1 writesmax(BB170=1,BB174~0.2), elsezero to protected565C. Stock24910 never admits this branch; direct enable fixtures tested.
LFFEEE-stock.bin	f32	ffff5620	Control_RelativeOverrideValue	Protected output23A24;25682 adds closed offset when5670exact1. Timer50 capture then capped ramp verified; control-overrides.txt.
LFFEEE-stock.bin	f32	ffff5650	Control_AbsoluteOverrideValue	Protected output245FC; selected directly when5672exact1. Source8248 and stage5634/enable5635 remain lifecycle inputs.
LFFEEE-stock.bin	u16	ffff5658	Control_AbsoluteOverrideTimer	245D8 initializesFFFF;245FC resets on stage>=3 and exactly0->1 enable; <=63 source-follow then increment, >63 held during ramp.
LFFEEE-stock.bin	u8	ffff565a	Control_PreviousAbsoluteOverrideEnable	245FC saves raw5635; only previous0,current1 atstage>=3 resets5658. Initializer245D8 leaves this byte unchanged.
LFFEEE-stock.bin	f32	ffff565c	Control_HighestOverrideValue	246E8 produces1 only566Cexact1 elsezero;25682 adds closed offset. Stock priority disables566C.
LFFEEE-stock.bin	function	58092	Control_MapOverrideInput	Stock lookup A35A4 from6D28 to8010; every knot/interior/outside test; control-sources.txt. Physicalinput identity open.
LFFEEE-stock.bin	function	580ac	Control_SelectOverrideInput	735A bit7 selectsD9E8C~0.2;else6536zero selects8010;elsemin(23819,max(protected2310 default0,8018)). Fullbody720 input cases; control-sources.txt.
LFFEEE-stock.bin	function	5c500	Control_MapOverrideSourceBounds	6D20 indexesA1A0C lower8254 andA1A00 upper825C;original22F8 andprotected15522 executed. Stock lower0..4.5 andupper30..60.
LFFEEE-stock.bin	function	5c53a	Control_MapOverrideSource	Stock24point A19F4 maps8014 to8250;endpoint clamping andRTZ interpolation verified. Fullbody control-sources.txt.
LFFEEE-stock.bin	function	5c54e	Control_ClampOverrideSource	Protected8248=clamp8250 betweenraw8254/825C via207C,lower comparisonfirst. Executed108 directcases and180 serialcycles withoriginalmaps.
LFFEEE-stock.bin	function	39d24	Control_PublishNormalOffset	StockBACA8~0.85 isoutsidezero tolerance;6D00=RTZ(8248/BACA8). Couplesnormalangle255C8 toabsoluteoverride source;cross-task timingopen.
LFFEEE-stock.bin	f32	ffff8010	Control_MappedOverrideInput	58092 lookupA35A4 from6D28. Selectedby580AC if735A bit7clear and6536zero;control-sources.txt.
LFFEEE-stock.bin	f32	ffff8014	Control_SelectedOverrideInput	580ACpriority output feeds5C53A/A19F4 lookup. Earlier8018/2310 sources andphysicalunitsopen.
LFFEEE-stock.bin	f32	ffff8250	Control_UnboundedOverrideSource	5C53A lookupA19F4 output;5C54E clamps with8254/825C into protected8248.
LFFEEE-stock.bin	f32	ffff8254	Control_OverrideSourceLowerBound	5C500 protectedlookupA1A0C from6D20. Stocklower4.5at-30 to0at60andabove.
LFFEEE-stock.bin	f32	ffff825c	Control_OverrideSourceUpperBound	5C500 protectedlookupA1A00 from6D20. Stockupper60at-30 to30at70andabove;nonbindingagainststocksource-mapmaximum~12.766.
LFFEEE-stock.bin	f32	ffff8248	Control_BoundedOverrideSource	5C54E protectedclamp output;245FC absoluteoverride source and39D24 normaloffset source. Originalproducer executed;physicalsource attributionopen.
LFFEEE-stock.bin	f32	ffff6d00	Control_NormalCommandOffset	39D24 produces8248/BACA8;255C8 combineswith72FC thenmultipliesBACA8. MultipleRTZ operationspreventexactalgebraiccancellation.
LFFEEE-stock.bin	label	a35a4	Control_OverrideInputMapDescriptor	Seven floatknots,axisD9E94 valuesD9EB0;input6D28,output8010;fulltable retainedincontrol-sources-verification.json.
LFFEEE-stock.bin	label	a19f4	Control_OverrideSourceMapDescriptor	24floatknots,axisBB260 valuesBB2C0;input8014,output8250. Lastaxis23819,lastvalue~12.76574.
LFFEEE-stock.bin	label	a1a00	Control_OverrideUpperMapDescriptor	16floatknots,axisBB320 valuesBB360;input6D20,output825C.
LFFEEE-stock.bin	label	a1a0c	Control_OverrideLowerMapDescriptor	16floatknots,axisBB3A0 valuesBB3E0;input6D20,output8254.
LFFEEE-stock.bin	function	58338	Control_UpdateSourceRatio	802C nearzero clears8028;else both8038/803C outsideindividualeps computesRTZ(802C/RTZ(8038*803C));elsehold. Alwayscalls5AACC/5AAF0 status producers.343 cases andretainedserialhistory; control-history.txt.
LFFEEE-stock.bin	function	58280	Control_UpdateSourceRemainder	8018=max(0,RTZ(RTZ(8028-801C)-RTZ(6C20/60))).100 directcases and220 serialcycles;upstream6C20/sourceprovenanceopen.
LFFEEE-stock.bin	function	582bc	Control_UpdateRetainedSourceHysteresis	8023 clearswhen8018>=RTZ(protected2310+50);sets1when8018<=2310;middleholdsrawoldbyte. Protecteddefault0;108cases.
LFFEEE-stock.bin	function	58140	Control_UpdateRetainedDecayTimer	8020reload113 if8194zero,7012exact1,7346zero,or8023zeroand7020+100>6DB4;elsedecrementnonzero.972cases;control-history.txt.
LFFEEE-stock.bin	function	581b8	Control_UpdateRetainedDecayHoldoff	Ifcurrent8020zeroand(previous8024nonzeroorhold8022zero),load3;elsedecrement8022nonzero. Savecurrent8020to8024. Repeatedzero producesfourcallcadence.
LFFEEE-stock.bin	function	58102	Control_DecayRetainedSource	Only8020/8022bothzero:protected2310 decreasesbyD9E80~0.05 withfloor0 via152FE;elseoriginalrecordheld. Invalidreaddefaults0.108cases andretained220serialcycles.
LFFEEE-stock.bin	function	58088	Control_InitializeRetainedSource	Protected2310 initializedD9E84=0 via152FE;executed. Nonzerohistoryorigin/restore remainsunproved.
LFFEEE-stock.bin	function	582b2	Control_InitializeSourceOffset	Writes801C=D9E88=681.5;executedinitializer. Otherbase-relativewritersnotexcluded.
LFFEEE-stock.bin	function	5aacc	Control_UpdateSourceDeltaHigh	8197=(RTZ(8028-801C)>=DAC58=20266). Executedby58338evenratioheldorcleared.
LFFEEE-stock.bin	function	5aaf0	Control_UpdateSourceDeltaNonpositive	8198=(RTZ(8028-801C)<=0). Executedby58338evenratioheldorcleared.
LFFEEE-stock.bin	function	152fe	Protected_WriteFloatUnderInterruptMask	Finite2310decay/init useoriginalwriter withduplicatedchecksumandinterruptmaskrestore. Nonfinitepathnotmodeled;control-history.txt.
LFFEEE-stock.bin	f32	ffff2310	Control_RetainedSourceFloor	Protected58088initialzero,58102 gateddecay;580AC usesmaxwith8018;582BC hysteresisreference. Seedednonzerohistorytests,origin/restoreopen.
LFFEEE-stock.bin	f32	ffff8018	Control_SourceRemainder	58280 subtractsoffset801C and6C20/60 from8028 thenfloors0;580AC selection and582BC hysteresis consumers.
LFFEEE-stock.bin	f32	ffff801c	Control_SourceOffset	582B2initial681.5;58338status and58280remainder subtractfrom8028. Physicalmeaningunassigned.
LFFEEE-stock.bin	f32	ffff8028	Control_RetainedSourceRatio	58338 clear/update/hold accordingtothreeinputepsilongates;alwaysupdates8197/8198 afterward.
LFFEEE-stock.bin	u16	ffff8020	Control_RetainedDecayTimer	58140reload113orcountdown.581B8/58102 delayandqualifyprotected2310decay;callsnotmilliseconds.
LFFEEE-stock.bin	u8	ffff8022	Control_RetainedDecayHoldoff	581B8reload3at8020fallorwhenbothzero;decrementotherwise.58102 requireszero for~0.05decay.
LFFEEE-stock.bin	u8	ffff8023	Control_RetainedSourceHysteresis	582BC updatesfrom8018/protected2310withstock50deadband;58140qualifiesreloadwith7020+100vs6DB4.
LFFEEE-stock.bin	u16	ffff8024	Control_PreviousRetainedDecayTimer	581B8savescurrent8020aftertestingfalltozero;fullunsignedword comparisonsverified.
LFFEEE-stock.bin	function	583b8	Control_SelectRatioNumerator	7016 exact1 clamps8030 to[8034,RTZ(8034+9.5)];otherwise8034. Original207C and96 directcases; control-ratio-inputs.txt.
LFFEEE-stock.bin	function	583ee	Control_ScaleCurrentRatioNumerator	8030 from8048*6DB4 /60 *CC028(~.0012) *CA974(1998) /2, RTZ eachoperation. Pairednumerator cases andserialcycles.
LFFEEE-stock.bin	function	58422	Control_ScaleBaselineRatioNumerator	8034 from80BC*7020 withsameorderedscalesas583EE. Upstream80BC/7020 producersremainopen.
LFFEEE-stock.bin	function	5844e	Control_UpdateRatioMapFactor	Fullcaller51286sum,39FB4protected6D4C,thenA35B0lookup->8038. Stockall8values1;580casesandserialcycles. Sideoutputs stillcomputed.
LFFEEE-stock.bin	function	58528	Control_UpdateRatioEnvironmentFactor	803C=RTZ(RTZ(6DC4*353.016296)/RTZ(RTZ(6D40+273)*101319.9921875)). Finitecases;6D40=-273 stopsboundedinterpreter,hardwareexceptionbehavioropen.
LFFEEE-stock.bin	function	51286	Control_SumRatioMapContributions	7BB8=orderedRTZsum80C4,80DC,80FC,8118,813C,822C. Calledby5844E; cancellation-ordercases verified.
LFFEEE-stock.bin	function	39fb4	Control_MapRatioEnvironmentDifference	6D54=A261C(7BB8);stockC89A0zero:protected6D4C=RTZ(6DC4-RTZ(RTZ(6D54*RTZ(6D40+273))/293)). Fulloriginalbodyexecuted.
LFFEEE-stock.bin	f32	ffff8030	Control_CurrentRatioNumerator	583EEscaled8048/6DB4 product;583B8onlyuseswhen7016exact1,clampedagainst8034.
LFFEEE-stock.bin	f32	ffff8034	Control_BaselineRatioNumerator	58422scaled80BC/7020 product;default numerator andlowerbound in583B8.
LFFEEE-stock.bin	f32	ffff802c	Control_SelectedRatioNumerator	583B8 choosesbaselineorclampedcurrent;58338 usesnearzeroepsilon~.005 toclearretainedratio.
LFFEEE-stock.bin	f32	ffff8038	Control_RatioMapFactor	5844EoriginalmapA35B0;stockallvalues1 forfinite inputs. 58338 denominator nearzero guard doesnottriggerfromthisstockmap.
LFFEEE-stock.bin	f32	ffff803c	Control_RatioEnvironmentFactor	58528uses6DC4/6D40alsoseeninCANmodels;zero6DC4 produceszeroand58338holdsnonzeronumerator ratio. Physicalunitsunassigned.
LFFEEE-stock.bin	f32	ffff6d4c	Control_ProtectedMapDifference	39FB4 stockenvironmentdifferencefrom6DC4,6D40,andA261C(sum7BB8);protectedrecordchecksumverified.
LFFEEE-stock.bin	f32	ffff6d54	Control_IntermediateContributionMap	39FB4 A261C lookupfromordered7BB8sum. Stockfourvalues25,57,89,121.
LFFEEE-stock.bin	f32	ffff7bb8	Control_RatioContributionSum	51286orderedfloat sum ofsixlocalinputs;sourceproducersremainfixtures.
LFFEEE-stock.bin	label	a261c	Control_ContributionMapDescriptor	Fourfloatknots:axisC89A4 .125,.375,.625,.875;valuesC89B4 25,57,89,121. Fulltableincontrol-ratio-inputs-verification.json.
LFFEEE-stock.bin	label	a35b0	Control_RatioFactorMapDescriptor	Eightfloatknots axisD9ED0 valuesD9EF0;stockeveryvalue1. Tableandfullcallsideeffectsretainedincontrol-ratio-inputs-verification.json.
LFFEEE-stock.bin	function	58608	Control_InitializeInputHistory	Copy80BC to8060/806C;clear protected804C/8070/8064. Executed initialization; control-input-history.txt.
LFFEEE-stock.bin	function	5863a	Control_PublishInputHistory	Protected8070=806C,8064=8060;called1D710 in another task. Once-per-cycle test publication is explicit,not proven production rate.
LFFEEE-stock.bin	function	58652	Control_SnapshotInputHistory	Mode7016zero refreshesprotected8070/8064 from80BC;allmodes snapshotto8084/8088. Original3880/3894 withnonzero interruptmask;zero-mask scheduler pathopen.
LFFEEE-stock.bin	function	586a6	Control_UpdateInputHistoryHoldoff	Previous8094exact1 andcurrent73B8zero reload8080 fromstockD9F11=0;elsedecrementnonzero. Savecurrentraw73B8to8094.
LFFEEE-stock.bin	function	58730	Control_UpdateInputHistoryLimit	StockD9F24/28 andA35C8allzero:qualified path retains8078,otherpathfloorsold8078at0. Explicitgates andhistoryoracle; control-input-history.txt.
LFFEEE-stock.bin	function	587a2	Control_SelectInputHistoryLimit	7012exact1 updates8090=A35D4(6DB4),807C=max(8090,8078);otherwise807C0and8090held.
LFFEEE-stock.bin	function	587e4	Control_UpdateInputTarget	If7016exact1 andabs6DB4>.9765625,806C=max(RTZ(RTZ(80BC*7020)/6DB4),807C);elsebaseline80BC.
LFFEEE-stock.bin	function	58846	Control_FilterInputTarget	Mode1 usesoriginal2508 withinput806C,old8088,weight1-D9F1C andeps.000244140625;else8060=80BC. RTZ intermediateoracle.
LFFEEE-stock.bin	function	58884	Control_UpdateInputPositiveGap	Mode1 writes805C=max(0,RTZ(806C-8060));othermodeszero.
LFFEEE-stock.bin	function	588b8	Control_ScaleInputPositiveGap	Mode1 scales805C*6DB4 /60 *CC028 *CA974 /2 into8058 withRTZ eachoperation;elsezero.
LFFEEE-stock.bin	function	5898c	Control_UpdateInputCoefficient	Stock8054 from8058 minusA35BC(6D28),scaled/clamped0..D9F14~.89844;gates7346/nonzero7016. 7010exact1or7EEEnonzero halves. Fullbody405cases.
LFFEEE-stock.bin	function	58a34	Control_ReconstructInputBase	Ifabs(RTZ(1-8054))>.00390625,protected804C=RTZ(RTZ(806C-RTZ(8054*8084))/RTZ(1-8054));elseholdentirerecord. Stockcoefficientproducer staysoutsidenearzero guard.
LFFEEE-stock.bin	function	58a7a	Control_UpdateCurrentInput	7016zero copies80BCto8048;nonzeroandabs6DB4>.9765625 addsorderedcorrections*7020/6DB4 to804C;otherwisehold8048. Mode2differsfromdownstreamexact1selector.
LFFEEE-stock.bin	function	58f10	Control_UpdateBaselineInput	Ifabs7020>.9765625,80C0=max(813C,RTZ(RTZ(8098*6DB4)/7020));ordered15term sumthen81F8/8214subtractions,floor0to80BC. Elseholdboth.162cases andretainedpairedpipeline.
LFFEEE-stock.bin	f32	ffff80bc	Control_BaselineInput	58F10 produces ordered corrected sum;shared input tohistoryandratio. Upstreamcontributionsremainfixtures.
LFFEEE-stock.bin	f32	ffff80c0	Control_BaselineScaledComponent	58F10 maxof813Cand8098*6DB4/7020;heldtogetherwith80BCatnearzero7020.
LFFEEE-stock.bin	f32	ffff8048	Control_CurrentRatioInput	58A7A baseline/corrected/heldsource;583EE numericproducer consumes it. Originalproducer nowexecutesinpairedpipeline.
LFFEEE-stock.bin	f32	ffff804c	Control_ProtectedInputBase	58A34 reconstructsfrom806C,8054,8084. Original15522 checksums;nearzero denominatorholdsall8bytes.
LFFEEE-stock.bin	f32	ffff8054	Control_InputHistoryCoefficient	5898C stockbounded0..~.89844;halfmodecap~.44922.58A34 uses1-coefficient denominator.
LFFEEE-stock.bin	f32	ffff8058	Control_ScaledPositiveInputGap	588B8 scaledpositivegap;5898C comparesagainstmap808C toderivecoefficient.
LFFEEE-stock.bin	f32	ffff805c	Control_PositiveInputGap	58884 max(0,target806C-filtered8060) only7016exact1;elsezero.
LFFEEE-stock.bin	f32	ffff8060	Control_FilteredInputTarget	58846 recursivefilterfrom806C/prior8088 inmode1;else80BC.5863A publishesprotected8064.
LFFEEE-stock.bin	f32	ffff806c	Control_InputTarget	587E4 baselineorscaled/limitedtarget.5863Apublishesprotected8070 forlater58652snapshot.
LFFEEE-stock.bin	f32	ffff8070	Control_ProtectedPriorInputTarget	5863A publicationof806C;58652 refreshfrom80BCinmode0 andsnapshotto8084.
LFFEEE-stock.bin	f32	ffff8064	Control_ProtectedPriorFilteredInput	5863A publicationof8060;58652 refreshfrom80BCinmode0 andsnapshotto8088.
LFFEEE-stock.bin	f32	ffff8084	Control_PriorInputTargetSnapshot	58652 snapshotofprotected8070;58A34 useswithcoefficient8054.
LFFEEE-stock.bin	f32	ffff8088	Control_PriorFilteredInputSnapshot	58652 snapshotofprotected8064;58846 filterhistoryinput.
LFFEEE-stock.bin	f32	ffff8078	Control_RetainedInputLimit	58730 stockzero rates/maps retainsqualifiedhistoryorfloorsnegativeoldvalue0;notclaimedgeneralalternatecalibration behavior.
LFFEEE-stock.bin	f32	ffff807c	Control_ActiveInputLimit	587A2 mode7012exact1 usesmax(A35D4,8078);elsezero.587E4 targetlowerbound.
LFFEEE-stock.bin	f32	ffff8090	Control_InputLimitMapOutput	587A2 updatesonly7012exact1;otherwiseheld. StockA35D4 valuesabout0.12to0.17.
LFFEEE-stock.bin	f32	ffff808c	Control_InputCoefficientThreshold	5898C alwayswritesA35BC(6D28) beforecoefficientgates;stock.3to.13.
LFFEEE-stock.bin	u8	ffff8080	Control_InputHistoryHoldoff	586A6 stockreload0ordec;58730qualificationrequireszero.
LFFEEE-stock.bin	u8	ffff8094	Control_PreviousInputHistoryStatus	586A6 storesraw73B8;previous1/current0recognizededge.
LFFEEE-stock.bin	label	a35bc	Control_InputCoefficientMapDescriptor	Sixfloatknots -20..80 -> .3,.3,.25,.2,.15,.13.5898C threshold808C.
LFFEEE-stock.bin	label	a35c8	Control_InputLimitMapDescriptor	Thirteenfloatknots500..6500,allstockvalueszero.58730 historyfallback.
LFFEEE-stock.bin	label	a35d4	Control_AlternateInputLimitMapDescriptor	Fifteenfloatknots1000..7500,valuesabout0.12to0.17.587A2 mode7012exact1.
LFFEEE-stock.bin	function	58b78	Control_ScaleRetainedBaselineSource	8098=RTZ(809C*A35E0(6D5C));80B4 stores factor. Stock seven knots all1. Full original body; control-baseline-source.txt.
LFFEEE-stock.bin	function	58b9c	Control_UpdateBaselineSourceCountdown	7010 exact1 reloads80A8 from stock DA03C=0; otherwise decrement nonzero byte. All256 counts and rawflag0/1/2/255 tested.
LFFEEE-stock.bin	function	58bd0	Control_UpdateBaselineSourceTarget	80A0 clears if7346==1 orA3A4==1 or both80A8/7012zero; other side outputs hold. Else mapA3628 if734A bit40 or7EEE>0, otherwiseA363C, input6DB4/6CD4; stepped6D28 factor80B0/100. RTZ each op; control-baseline-source.txt.
LFFEEE-stock.bin	function	58d44	Control_RaiseRetainedBaselineSource	Clear809C ifA3A4==1 orboth7012/80A8zero; elsemax(old809C,80A0). Does not check7346: targetclear alone can retain old source.
LFFEEE-stock.bin	function	58dd8	Control_SelectBaselineSourceDecay	80A4 fromA35EC if80A8>0 and7010zero; elseA35F8 if7EEEnonzero; elseA3610 if75DCexact1; elseA3604. Full lookup bodies and knots tested.
LFFEEE-stock.bin	function	58e68	Control_DecayRetainedBaselineSource	If734A bit40 clear andold809C<stockDA040=0,clear. Elsemax(RTZ(old809C-80A4),7346exact1?0:80A0). Separate caller1B868; production rate remains open.
LFFEEE-stock.bin	f32	ffff8098	Control_ScaledRetainedBaselineSource	58B78 scales809C bystock1;58F10 baseline component uses8098*6DB4/7020. Original source now executed in paired pipeline.
LFFEEE-stock.bin	f32	ffff809c	Control_RetainedBaselineSource	58D44 raises/clears;58E68 separately decays. Initialized viaoriginal clear branch in fixture, not full boot proof.
LFFEEE-stock.bin	f32	ffff80a0	Control_BaselineSourceTarget	58BD0 gated transmission-mode lookup target. Disabled target does not necessarily immediately clear retained809C.
LFFEEE-stock.bin	f32	ffff80a4	Control_BaselineSourceDecayStep	58DD8 selected speed-indexed stock curve; per-call step, not milliseconds.
LFFEEE-stock.bin	u8	ffff80a8	Control_BaselineSourceCountdown	58B9C reload calibration0; zero stays zero in stock tested path. Nonzero direct tests do not prove production activation.
LFFEEE-stock.bin	f32	ffff80ac	Control_BaselineSourceMappedValue	58BD0 bilinearA3628 orA363C output; held when target disabled.
LFFEEE-stock.bin	f32	ffff80b0	Control_BaselineSourceSteppedFactor	DA1DC indexed by6D28 bin80B8; allstockvalues100. Target still rounds multiply100 then divide100.
LFFEEE-stock.bin	f32	ffff80b4	Control_BaselineSourceScale	A35E0 lookup result; stock1 for finite tested inputs.
LFFEEE-stock.bin	u8	ffff80b8	Control_BaselineSourceFactorBin	58BD0 lower interval index overDA1BC[-40,-20,0,20,40,60,80,100],clamped0..7; exactknots selectnewbin, heldwhen disabled.
LFFEEE-stock.bin	label	a35e0	Control_BaselineSourceScaleDescriptor	Seven float knots0..22.608, allvalues1; full table saved in control-baseline-source-verification.json.
LFFEEE-stock.bin	label	a35ec	Control_BaselineDecayCountdownDescriptor	10 speedknots500..5000; allvalues~15.999, selected only80A8>0 and7010zero.
LFFEEE-stock.bin	label	a35f8	Control_BaselineDecayExtraDescriptor	10 speedknots; stock values~.002 through2500,.03 at3000,.05 from3500; selected7EEEnonzero aftercountdown branch.
LFFEEE-stock.bin	label	a3604	Control_BaselineDecayDefaultDescriptor	10 speedknots; ~.00168 at500,.002 at1000..2500,1 at3000 onward. Bilinear not used: ordinary curve interpolation.
LFFEEE-stock.bin	label	a3610	Control_BaselineDecaySpecialDescriptor	10 speedknots; ~.001 at500/1000,1 at1500 onward; selected75DCexact1.
LFFEEE-stock.bin	label	a361c	Control_BaselineTargetFactorDescriptor	Eight axis knotsDA1BC -40..100 by20; valuesDA1DC all100.58BD0 directly selects step/bin, not interpolated curve.
LFFEEE-stock.bin	label	a3628	Control_BaselineTargetMTOrExtraDescriptor	7x9 floatmap indexed6DB4/6CD4, used734A bit40 or7EEE>0; values~.005..017. Not proof of physical input units.
LFFEEE-stock.bin	label	a363c	Control_BaselineTargetATDescriptor	7x9 floatmap indexed6DB4/6CD4, usedbit40clear and7EEEzero; values0..~.05. Gates andallknots/midpoints executed.
LFFEEE-stock.bin	function	590a0	Control_UpdateBaselineSourceAverage	73C4bit80 resets80D8=FFFF,80D4=0,80D0=6D20; otherwise while count>0 decrement,add6D20 tosum,mean=sum/(65535-count). At0 holdsall. Original body plus512 retained updates; control-contributions.txt.
LFFEEE-stock.bin	function	5904c	Control_MapBaselineContribution	80C8=A365C(6D38,6D30);original14x3floatmap andbilinear helper executed. Allknots/midpoints andclamps tested.
LFFEEE-stock.bin	function	59070	Control_SelectBaselineExtra	If6D30<DA474=-200,80CC=A3650(80D0);else0. Stockcurveallzero; threshold andlookup paths executed.
LFFEEE-stock.bin	function	5903c	Control_SumBaselineContribution	80C4=RTZ(80C8+80CC). Bothcontributors nowproduced inretainedpaired pipeline.
LFFEEE-stock.bin	function	591a0	Control_MapFirstGatedContribution	80E4=A3670(6D28)if7012exact1,elseA367C. Raw2 selectsothermap.
LFFEEE-stock.bin	function	591d6	Control_MapSecondGatedContribution	80E8=A3688(6D28)if7012exact1,elseA3694. Executed stockcurves.
LFFEEE-stock.bin	function	5920c	Control_UpdateContributionBlendWeight	7234exact1 increases80EC bystock~.007 withuppercap1;otherrawvalues decreaseby~.007 withlowerfloor0. FiniteRTZoracle; bothendpoints reached inretainedlife.
LFFEEE-stock.bin	function	59154	Control_SelectLatchGatedContribution	80DC=0unless67ACexact1 and7978zero. Else original2508 blends80E8 toward80E4 using80EC andepsilon~1e-5. CAN211bit13->6A20->original4E80C latch nowexecutesbeforethisconsumer; control-contributions.txt.
LFFEEE-stock.bin	function	59250	Control_UpdateActivationCorrection	67ACzero clears80E0;nonzero withprevious80F0zero selectsstockpulse by7242/7012/6E3C;elsedecaysold80E0 bystock.0005,floor0. Alwayssave67ACto80F0. Doesnotread7978;raw67AC2activeherebutnot59154.
LFFEEE-stock.bin	f32	ffff80c4	Control_MappedBaselineContribution	5903C sums80C8/80CC;included in58F10 baseline and51286 sharedratiofactor sum. Originalproducers executeinpairedpipeline.
LFFEEE-stock.bin	f32	ffff80c8	Control_TwoInputBaselineMap	5904C A365C(6D38,6D30). Input physicalunits remainunassigned.
LFFEEE-stock.bin	f32	ffff80cc	Control_OptionalBaselineExtra	59070 gatedA3650lookup;stockallzero,includingat6D30below-200.
LFFEEE-stock.bin	f32	ffff80d0	Control_RetainedBaselineAverage	590A0 meanfrom6D20 with80D4sum/80D8count;resetcopiescurrent6D20butdoesnotincludeitinthenewsum.
LFFEEE-stock.bin	f32	ffff80d4	Control_BaselineAverageSum	590A0 roundedrunningtotal while80D8>0;heldatexhaustion.
LFFEEE-stock.bin	u16	ffff80d8	Control_BaselineAverageRemaining	590A0 resetFFFF,subtractoneforeachsubsequentsample;0holdsaverage/sum. No millisecondsorrealcadence claim.
LFFEEE-stock.bin	f32	ffff80dc	Control_LatchGatedBaselineContribution	59154 requires67ACexact1/7978zero. CAN211-latched7978suppressesbaseline contributionafterrequestwithdrawaluntilreset. Physicaltractioneffectnotproved.
LFFEEE-stock.bin	f32	ffff80e0	Control_ActivationCorrection	59250 rising67ACpulse anddecay;58A7Aincludesincurrentinputcorrection;independentof7978gated80DC.
LFFEEE-stock.bin	f32	ffff80e4	Control_FirstGatedContributionMap	591A0 selected6D28curve;oneendpointof80DCblend.
LFFEEE-stock.bin	f32	ffff80e8	Control_SecondGatedContributionMap	591D6 selected6D28curve;source/snapendpointof2508in59154.
LFFEEE-stock.bin	f32	ffff80ec	Control_ContributionBlendWeight	5920C percall~.007rampup/down;read59154 evenwhileoutputislatchedzero. Weightcancontinuechangingduringsuppression.
LFFEEE-stock.bin	u8	ffff80f0	Control_PreviousContributionEnable	59250 savesraw67AC;zerotononzeropulse,subsequentnonzero callsdecay. Not7978history.
LFFEEE-stock.bin	label	a3650	Control_BaselineExtraDescriptor	Sevenaxis40..100by10;allstockvalueszero.
LFFEEE-stock.bin	label	a365c	Control_BaselineContributionDescriptor	14x3floatmap: x6D38 -30..100by10,y6D30[-20,0,20]. Fullvaluesincontrol-contributions-verification.json.
LFFEEE-stock.bin	label	a3670	Control_FirstContributionModeOneDescriptor	Eight6D28knots-40..100by20;7012exact1 firstblendendpoint.
LFFEEE-stock.bin	label	a367c	Control_FirstContributionOtherModeDescriptor	Eight6D28knots-40..100by20;7012not1 firstblendendpoint.
LFFEEE-stock.bin	label	a3688	Control_SecondContributionModeOneDescriptor	Eight6D28knots-40..100by20;7012exact1 secondblendendpoint.
LFFEEE-stock.bin	label	a3694	Control_SecondContributionOtherModeDescriptor	Eight6D28knots-40..100by20;7012not1 secondblendendpoint.
LFFEEE-stock.bin	function	41a34	Control_InitializeMagnitudeInputs	Original protected72B4/72BC zero initialization and72C4clear. Nine cases/checksums; callers169C8/199C8. Subsequentproducer/CANattribution unproved; control-magnitude.txt.
LFFEEE-stock.bin	function	59504	Control_SelectFirstMagnitudeAmount	810C=0unless7242exact1;else eightstockconstants selectedby67ACexact1,7012exact1,abs72B4>=9999. Signedboundarytests; no physicalsourceidentity.
LFFEEE-stock.bin	function	595d0	Control_SelectSecondMagnitudeAmount	8108 selectedbyabs72BC withstrict>50/>100/>200 thresholds:0/~.035/~.037/~.04. Independentof7242gate.
LFFEEE-stock.bin	function	59626	Control_UpdateMagnitudeScales	Stock widthDA710-DA714=-7;80F4=clamp(RTZ(RTZ(6D5C-7)/-7),.5,1),80F8=clampsameinput[1,1]=1. Original207C/2118helpers; nearzero-widthalternatecalibrationunexecuted.
LFFEEE-stock.bin	function	593c4	Control_MapMagnitudeFactor	8110=A36A0(6D28). Eightknots-40..100by20,values0/0/0/0/.1/.4/1/1. Originallookupandboundariesverified.
LFFEEE-stock.bin	function	59402	Control_UpdateMagnitudePulse	7242zero clears8100;nonzero withold8114=0and8104=0 pulses80F8*.1*8110*(8040exact1?.9:1);elsedecay.005floor0. Exact7242=1andold8114=0reloads8104=12evenifpulseblocked;elsecountdown. Savesraw7242to8114.
LFFEEE-stock.bin	function	593de	Control_CombineMagnitudeBaseline	80FC=RTZ(RTZ(80F4*8110)*max(8108,810C)); originaloutputsfeed58F10baselineand51286ratiofactor. 8108canpreservebaselinewith7242zero.
LFFEEE-stock.bin	f32	ffff72b4	Control_FirstMagnitudeInput	41A34protectedzero;59504absclassifierat9999. Knownalignedconsumers3E07E/3EF1C;productionwriter/CANidentityremainunproved. Laternonzerotestinputsarefixtures.
LFFEEE-stock.bin	f32	ffff72bc	Control_SecondMagnitudeInput	41A34protectedzero;595D0absthresholds50/100/200. Additionalreaders3E126/3EF2C; no inferredCANproducer.
LFFEEE-stock.bin	u8	ffff72c4	Control_MagnitudeInitializationFlag	41A34 clearsalongside72B4/72BC;latersemanticroleunproved.
LFFEEE-stock.bin	f32	ffff80f4	Control_MagnitudeBaselineScale	59626stockbounded.5..1 from6D5C; baseline80FCusesit. Distinctfromconstant1correctionscale80F8.
LFFEEE-stock.bin	f32	ffff80f8	Control_MagnitudePulseScale	59626stockclamp[1,1]produces1;59402pulseusesit.
LFFEEE-stock.bin	f32	ffff80fc	Control_MagnitudeBaselineContribution	593DEcombinedamount;sharedbaseline80BCandratiofactor7BB8contribution. Notnecessarilyzeroif7242zero.
LFFEEE-stock.bin	f32	ffff8100	Control_MagnitudeActivationCorrection	59402pulse/decay;58A7Acurrentinputcorrection. Distinctfrombaseline80FC andprevious80E0pulse.
LFFEEE-stock.bin	u8	ffff8104	Control_MagnitudeRetriggerHoldoff	59402reload12onexact0->1evenwhenoldcountblocksnewpulse;othercallsdecrementnonzero. Invocationcount,notmilliseconds.
LFFEEE-stock.bin	f32	ffff8108	Control_SecondMagnitudeAmount	595D0strictabsthresholdamount;competesviamaxwith810C.
LFFEEE-stock.bin	f32	ffff810c	Control_FirstMagnitudeAmount	59504gatedconstantselection;raw7242=2gives0while59402canstillpulse.
LFFEEE-stock.bin	f32	ffff8110	Control_MagnitudeInputFactor	593C4mapresult;multipliesboth80FCbaselineandnew8100pulse. Laterchangesdonotrecomputethealreadyretainedpulse.
LFFEEE-stock.bin	u8	ffff8114	Control_PreviousMagnitudeGate	59402savesraw7242. Exactpreviouszeroisrequiredforpulse/reload; raw2mustremain distinct.
LFFEEE-stock.bin	label	a36a0	Control_MagnitudeFactorDescriptor	Eight6D28knots[-40,-20,0,20,40,60,80,100];values[0,0,0,0,.1,.4,1,1]. Physicalunitsunassigned; fulltableincontrol-magnitude-verification.json.
LFG1TF000.bin	function	4dca4	AscendingRequest_Construct	Captures808D to+12,80C8/80D2/80D4 to+14/+16/+18; allocates first-list priority1 handle into+2; zeroes+4, returns2. Preserves+8.18 cases; tcu-ascending-map.txt.
LFG1TF000.bin	function	4e036	AscendingRequest_PublishMapCandidate	4E3A8 candidate suppressed by92D5bit0 OR9410bit0clear; positive flag into+8bit80, value+4 and4C6DA.120 gate cases and original manager/pairedECU path verified. OriginalECU201/215 frames + timestampcallbacks + full126EC createcode0 at93; numericstate3 and915A306 at167/168, withdrawal169. CAN2160209 ->originalECUdecode9; supplied cadence/admission. See tcu-captured-requests.txt. Actualreturn model nowchecks code0 x7984/y39444/captured19722 ->494, base800 ->915A306. Fulltask approach retires311 afterphasequalification280; see tcu-captured-requests.txt.
LFG1TF000.bin	function	4e3a8	AscendingRequest_CalculateMapCandidate	Code0..4/default0:76805+50*bank map(80F8,record+18)>>2. If+8bit10clear andu16(+16)>=76738[bank], multiply by(76913+9*bank curve(8276<<8)>>8), then>>4.845 map/1925 scale cases.
LFG1TF000.bin	label	5e4cc	AscendingRequest_CallbackTables	Constructor/predicate/state/update table pointers for descriptorB08C; numeric update vector5E504 is4DFF8,4E036,4E0EE. Original code1 creation/retirement executed.
LFG1TF000.bin	label	76738	AscendingRequest_ScaleThresholds	Five BE words38400,13312,38400,38400,38400. Unsigned captured record+16 threshold; equality enables timer scaling whenbit10clear.
LFG1TF000.bin	label	76805	AscendingRequest_Maps	Five consecutive50-byte6x6 maps; byte axes/values scaled256, two-stage integer interpolation. Candidate helper shifts result2. Physical axes remain unproved.
LFG1TF000.bin	label	76913	AscendingRequest_ScaleCurves	Five9-byte four-knot curves indexed8276<<8. Integer factor rises to16, candidate product shifted4. Initial attenuation, not decay; bit10 bypasses scaling.
LFG1TF000.bin	u16	ffff80f8	AscendingRequest_LiveMapAxis	4E3A8 first map argument; explicit input in ascending verifier. Production writer and physical meaning remain open.
LFG1TF000.bin	u16	ffff80d2	AscendingRequest_CapturedThresholdSource	4DCA4 copies torecord+16 for unsigned76738 threshold. Upstream physical identity remains open.
LFG1TF000.bin	u16	ffff80d4	AscendingRequest_CapturedMapSource	4DCA4 copies torecord+18 for second ascending map axis. Creation produces4000 under measured1000 fixture; production path not newly independently specified.
LFG1TF000.bin	u8	ffff8276	AscendingRequest_ScaleTimer	4E3A8 indexes scale curve withbyte<<8 when captured threshold reached andrecordbit10clear;4DE6C clears. Physical timebase remains unproved.
LFG1TF000.bin	function	4e0ee	AscendingRequest_PublishReleaseCandidate	Stock release requires saturated targeterror>=51 and>=dynamic derivative bound. progress=clamp(256-div16(error*256,captured+10),0,256). Stock knee0; first admitted update captures+4 into+6/setsbit40, then scales captured request by remaining ratio. No9410/92D5 gate read; tcu-ascending-release.txt.
LFG1TF000.bin	function	4e2d6	AscendingRequest_TargetError	s32 wrap of s16(80EE)-s32(9218[u8 index]), clamped[-32768,32767].196 index/signed-wrap cases verified.
LFG1TF000.bin	function	4e450	AscendingRequest_ReleaseBounds	Code0..4/default0: word76742+12*code+2*u8(record+12), stock51 for six slots. Dynamic=s16(-s16(80F0))*(curve767D8+9*code(208F0(80EA))>>8).2016 cases.
LFG1TF000.bin	function	4e4de	AscendingRequest_ReleaseShape	Two-way calibration selector record+12>=773F0[code]. Breakpoint768FF+2*code+side stock0; slope76909+2*code+side stock64.1792 code/selector cases; stock progress<breakpoint branch unreachable.
LFG1TF000.bin	function	10d0c	FixedPoint_DivideToSignedWord	Signed32 numerator divided by signed16 denominator, truncate toward0 then clamp[-32768,32767]. Zero denominator gives0 for0 numerator, signed endpoint otherwise.25 original helper cases in ascending-release verifier.
LFG1TF000.bin	function	208f0	Measurement_ClampAndScaleCurveAxis	s16(input) clamped[0,16383] then multiplied4. Original helper executes within4E450 threshold verification, including sign and saturation boundaries.
LFG1TF000.bin	label	76742	AscendingRequest_ReleaseMinimums	Five rows of six BE words, all51 stock. Indexed bycode bank andcaptured selector; selectors0..5 tested for this table, no general bounds check claim.
LFG1TF000.bin	label	767d8	AscendingRequest_ReleaseDerivativeCurves	Five9-byte curves; input208F0(80EA). Bytefactor multiplies signed-word negation of80F0. Negating8000 wraps to8000 beforeMULS.W.
LFG1TF000.bin	label	768ff	AscendingRequest_ReleaseBreakpoints	Five pairs ofbytes, stockall0. Normalized progress0..256 always selects second release segment.
LFG1TF000.bin	label	76909	AscendingRequest_ReleaseSlopes	Five pairs ofbytes, stockall64. First segment is unreachable with stockbreakpoint0; alternatecalibration behavior not verified.
LFG1TF000.bin	label	773f0	AscendingRequest_ReleaseShapeSelectors	Fivebytes2; record+12>=threshold selects second byte of breakpoint/slope pair. Both sides identical in stockROM.
LFG1TF000.bin	function	4e314	AscendingRequest_AdmissionBounds	Code0..4/default0: first=curve7677E+9*bank(record+14)>>2 (stock256/256/320/320/320); second=s16(-80F0)*(curve767AB+9*bank(208F0(80EA))>>8).1470 cases; both outputs signed32 in predicates.
LFG1TF000.bin	function	4df3c	AscendingRequest_CheckReleaseAdmission	Returns1 if s16(80EE)<s32(reference+first) OR< s32(reference+second), capturing saturated4E2D6 error to+10. Otherwise0 and preserves+10. Equality tobothbounds rejects.324 direct cases plus signed-wrap/manager checks; not an outside-band test.
LFG1TF000.bin	function	4dda0	AscendingRequest_CheckReactivation	Returns1 iff u8(8081)>=1,record+8bit20set,s16(80EE)>=s32(reference+firstbound),and s16(80F0)>=0. Computes but doesnot use secondbound.3888 direct cases pluswrap/retainedmanager checks.
LFG1TF000.bin	function	4de6c	AscendingRequest_ReenterMapState	Sets record+8bit10, clears8276, returns3; preservesnumeric+4/+6. Canrepeatwhilealready state3.768 allflag/timer cases. Bit10 bypasses initial map scaling.
LFG1TF000.bin	function	4dfe8	AscendingRequest_EnterReleaseState	Copies currentword+4 into+6, ORs record+8bit20, returns4. Preservesbit40 andotherflags.1280 allflag/value cases. Runsagain onsecondrelease; captured+6 isrefreshed evenwhenbit40alreadyset.
LFG1TF000.bin	label	7677e	AscendingRequest_AdmissionOffsetCurves	Five9-byte four-knot curves. Stockoutputs after>>2 constant256forcodes0/1,320for2/3/4. Capturedrecord+14 axis unsigned16; fallbackcode usesbank0.
LFG1TF000.bin	label	767ab	AscendingRequest_AdmissionDerivativeCurves	Five9-byte curves,208F0(80EA) input. Integerfactor multiplies signedword negation of80F0. Release tests boththresholds; reactivation additionally requires nonnegative80F0.
LFG1TF000.bin	function	32614	Phase_QualifyAscendingTarget	Two per-index saturating counters96CF/96DF selected bycode/8086; shared971Abit1 remembers measured>=lower. Band path and below-upper-plus-latch path use distinct counttables.22400 cases and111 retainedmanager oraclechecks; tcu-ascending-phase.txt. Full126EC joinedframe/capture trace: code0/mode0 belowcount92 lacks crossing; inputinterval4430 replaces history, measured14446 crosses14327 atcall280, counter93 qualifiesphase2. Phase3 at310, originalack/cleanup311;200idle tasks. See tcu-captured-requests.txt.
LFG1TF000.bin	label	ffff96cf	Phase_AscendingBandCounters	Sixteen u8 counters; eligibleband increments capped255, else reset0. Completion doesnotresetcounter; operation12/13 threshold20 override appliesonlyhere.
LFG1TF000.bin	label	ffff96df	Phase_AscendingBelowUpperCounters	Sixteen u8 counters forcode0/1 mode8086zero andmeasured<upper. Thresholdalone insufficient withoutshared971Abit1; lowercrossing canbe remembered fromanotherindex.
LFG1TF000.bin	u8	ffff971a	Phase_QualificationFlags	Bit1 set byascending32614 whenmeasured>=lower,clearedonsuccess;globalacrossindices. Descendingwrapper clearsbit1.32348 clearsbit0 then328FC conditionallysetsit tocap96CC at3840;otherbits preserved. See tcu-ascending-phase.txt andtcu-transition-progress.txt.
LFG1TF000.bin	u8	ffff8086	Phase_AscendingQualificationMode	Boolean produced by49260 from accepted/proposed state and source flags. Codes0/1:1 selects band,0 below-upper/latch. Source0/10 retained traces shift request start80->111; tcu-phase-mode.txt. Physical source meaning open.
LFG1TF000.bin	label	70a6c	Phase_AscendingInitialDelays	Five rows ofsixbytes,stockall9;317E4 threshold2*delay uses808D. Neighbor/operation branches canreplace delaywith0; negativecurrenttimerstillrejects.
LFG1TF000.bin	label	70b06	Phase_AscendingBandQualificationCounts	Fivepairs indexedcode and9410bit0:30/100,20/20,30/20,10/10,20/20. Operation12/13 uses770BE instead. Counts are admittedcalls, not timeunits.
LFG1TF000.bin	label	70b10	Phase_AscendingBelowUpperCounts	Two pairs20/25,20/20 forcodes0/1,9410bit0; only8086==0. Requiresglobalcrossingflag aswellascounter; nooperation12/13 override.
LFG1TF000.bin	u8	770be	Phase_AscendingOperationCount	Stock20 override foroperation12 or13 inband route only; qualifierargument, notglobal9C88.
LFG1TF000.bin	function	4905c	PhaseMode_UpdateSourceLatch	Updates9C82 and previous-source9C89 using9B40 values10/17,9C91,transition classifier49110 and signed80EA thresholds558/1211.6048 cases; tcu-phase-mode.txt.
LFG1TF000.bin	function	49110	PhaseMode_ClassifyTransition	Low16 argument0..4 returns1,5..11 returns2,other returns0.19 boundary cases; tcu-phase-mode.txt.
LFG1TF000.bin	function	49162	PhaseMode_UpdateHysteresis	Request9C84bit0 enables retained9C8Abit1: set when s16(80EA)<2793,clear at>=2980 or request absent; preserve other bits. tcu-phase-mode.txt.
LFG1TF000.bin	function	491c4	PhaseMode_UpdateInhibit	9C8Abit2 =request9C84bit0 AND9BFCbit5 AND(s16(80EA)>=12198 OR9B40 not10/17). Preserve other bits; tcu-phase-mode.txt.
LFG1TF000.bin	function	49212	PhaseMode_CombineRequest	9C83 boolean=request9C84bit0 AND neither9C8Abit1 norbit2. Executed inside full49260; tcu-phase-mode.txt.
LFG1TF000.bin	function	4925c	PhaseMode_AllowSourceLatch	Original stock helper returns1. Executed, not substituted, by49260 selected-state0 path; tcu-phase-mode.txt.
LFG1TF000.bin	function	49260	PhaseMode_ProduceQualificationMode	Select current8081 if low-byte r4 zero,else low-byte r5 proposal. Run48D70; selected0 uses exact9C82==1 and stock4925C,1 uses9B40 values10/17,2 uses produced9C83,other0. Writes boolean8086;3024 direct and180 selector cases,386 lifecycle calls. tcu-phase-mode.txt.
LFG1TF000.bin	function	492de	PhaseMode_UpdateRequest	9C84bit0=request when selected state2 AND(9B40 in10/17/13/14 OR9ACDbit4 OR9C00bit4). Other bits preserved; tcu-phase-mode.txt.
LFG1TF000.bin	function	48d70	PhaseMode_UpdateLocalFlags	Executes492DE request,49162 hysteresis,491C4 inhibit,tail49212 combination before49260 selects8086. Physical source roles unresolved; tcu-phase-mode.txt.
LFG1TF000.bin	u8	ffff9c82	PhaseMode_SourceLatch	4905C retained source latch; selected-state0 path49260 requires exactly1. Old arbitrary2 can survive boundary fixtures. tcu-phase-mode.txt.
LFG1TF000.bin	u8	ffff9c83	PhaseMode_QualifiedRequest	49212 boolean request without hysteresis/inhibit bits; selected-state2 path49260 requires exactly1.
LFG1TF000.bin	u8	ffff9c84	PhaseMode_RequestFlags	Bit0 produced by492DE for selected2 and source/flag conditions; otherbits preserved. Read by49162/491C4/49212.
LFG1TF000.bin	u16	773bc	PhaseMode_SourceHighThreshold	Stock1211; signed80EA >= threshold sets9C82 when9B40 is10/17.
LFG1TF000.bin	u16	773be	PhaseMode_SourceLowThreshold	Stock558; signed80EA below threshold sets9C82 when9B40 is10/17.
LFG1TF000.bin	u16	773c0	PhaseMode_HysteresisSetThreshold	Stock2793; requested signed80EA below threshold sets9C8Abit1.
LFG1TF000.bin	u16	773c2	PhaseMode_HysteresisClearThreshold	Stock2980; signed80EA at/above threshold clears9C8Abit1.
LFG1TF000.bin	u16	773c4	PhaseMode_InhibitThreshold	Stock12198; requested source10/17 with9BFCbit5 inhibits9C83 at/above this signed80EA threshold.
LFG1TF000.bin	function	17d54	SourceInput_InitializePublication	Zero89A4/89A5 input25 publication state; tcu-source-selection.txt.
LFG1TF000.bin	function	17d60	SourceInput_PublishFilteredChannel25	Calls173CE(25),copies filtered8895 to89A4,always sets89A5=2. Does not forward filter status8897=3 on ADC invalidity; retained eleven-call probe. Physical switch identity open; tcu-source-selection.txt.
LFG1TF000.bin	function	22cfe	SourceInput_GetChannel25	Returns byte89A4. Full22416 maps nonzero to9316bit0;5120 input/application cases. tcu-source-selection.txt.
LFG1TF000.bin	function	495a4	SourcePolicy_InitializeState	Zero9C90/91/92/93/94 and word9C96. Original source-policy initialization; tcu-source-selection.txt.
LFG1TF000.bin	function	495c0	SourcePolicy_AdjustProposal	9316bit0 admission through498D2; writes9B40=17 if previous6 else10, executes496F0 proposal policy, publishes9C91/94/96 and9AEA flags. Blocked path preserves incoming pair/source.1152 direct cases and640 observed full-caller updates; tcu-source-selection.txt.
LFG1TF000.bin	function	496f0	SourcePolicy_ApplyThresholdRules	Ordered control8083 adjustment,9C92 latch/timer,lower/upper fallback,92C5 edge multistep and cache116h low-measurement override. Six original word-curve wrappers execute;2112 complete policy cases. tcu-source-selection.txt.
LFG1TF000.bin	function	498d2	SourcePolicy_CheckAdmission	Low-byte argument exactly1 AND class8080==6 AND916Dbit3 clear.7168 cases. Caller495C0 supplies9316bit0; physical mode unresolved.
LFG1TF000.bin	function	498f6	SourcePolicy_LookupIncrementThreshold	Current proposal bank clamp0..4; source9B40==17 selects7533C else7542C,48-byte records,axis9C96,original108E6.848 boundary cases; tcu-source-selection.txt.
LFG1TF000.bin	function	49960	SourcePolicy_LookupDecrementThreshold	Byte-decrement proposal then clamp0..4;916Fbit2 selects7551C else7560C,axis9C96. Stock constant rows3259/7449/10895/15271/23279;288 cases.
LFG1TF000.bin	function	499a4	SourcePolicy_LookupLatchThreshold	Byte-decrement proposal then clamp0..4; source17 selects756FC else757EC. Stock constants1117/1397/1861/3538/4376;288 cases.
LFG1TF000.bin	function	499e2	SourcePolicy_LookupLowerFallback	Byte-decrement proposal then clamp0..4; source17 selects758DC else759CC. Stock constants1117/1397/1861/3538/4376;288 cases.
LFG1TF000.bin	function	49a20	SourcePolicy_LookupUpperFallback	Current proposal bank clamp0..4; source17 selects75ABC else75BAC. Stock constants4191/7729/11361/16015/23744;288 cases.
LFG1TF000.bin	function	49a8c	SourcePolicy_LookupEdgeFallback	Byte-decrement proposal then clamp0..4; source17 selects75C9C else75D8C. Stock constants0/4657/7263/11638/17692;1184 cases.
LFG1TF000.bin	function	49aca	SourcePolicy_SelectCurveBank	r4 lowbyte exactly1 decrements r5 byte before unsigned clamp0..4. Input0 decremented wraps255 and choosesbank4; exercised via all six wrappers.
LFG1TF000.bin	function	108e6	Lookup_InterpolateWordCurve	Headeru16 count/shift,word axes/values; calls10A48 and5B31C.3184 stock source-policy lookup cases cover duplicate axes/endpoints and shift0. Arbitrary table/shift validation not claimed.
LFG1TF000.bin	u8	ffff89a4	SourceInput_Channel25	17D60 publication of filtered channel25;22CFE/22416 nonzero enables9316bit0. Hardware descriptor5C518 bit11 active-high,physical switch identity open.
LFG1TF000.bin	u8	ffff89a5	SourceInput_PublicationStatus	17D60 unconditionally writes2,including retained data whenfilter8897=3. Complete diagnostic fault policy remains separate.
LFG1TF000.bin	u8	ffff9316	Selector_ApplicationFlags16	Bit0 from89A4 nonzero via22416,admits source policy with8080/916D gates. Existing bit2 derives selector88B7. Other bits separate.
LFG1TF000.bin	u8	ffff9b40	Selection_SourceCode	Primary producer46FA0 selects sources0/1/3/11..16; later495C0 may write10/17. Entry source13/14 chooses941E axis in4530C before same-call source update. Consumed by8086/request policy; no physical mode assigned. tcu-curve-sources.txt.
LFG1TF000.bin	u8	ffff9c90	SourcePolicy_RejectedDecrement	496F0 sets1 when8083==2,proposal>0 andmeasurement>=49960 threshold;otherwise0 on executed policy. Retained whenouter495C0 skipsinner.
LFG1TF000.bin	u8	ffff9c91	SourcePolicy_AdjustmentState	495C0 publishes0/1/2 from ordered proposal rules;0 on admission rejection. Read by4905C source latch. Not physical direction proof.
LFG1TF000.bin	u8	ffff9c92	SourcePolicy_ThresholdLatch	496F0 exact1 route retains/reset82AD andclears onstrict timer>75336 threshold. Non1 permitslower fallback. Entry495C0 withprior9C94zero clears.
LFG1TF000.bin	u8	ffff9c93	SourcePolicy_EdgeHistory	496F0 remembers92C5bit1; changedassertedbit enablesboundedmultidecrement through49A8C. Entry resetby495C0 whenpriorenablezero.
LFG1TF000.bin	u8	ffff9c94	SourcePolicy_PreviousEnable	495C0 writescurrent9316bit0 evenif8080/916D admissionrejects. Entryreset dependsoldbytezero; notpreviousadmission.
LFG1TF000.bin	u16	ffff9c96	SourcePolicy_DoubledAxis	495C0 storesu16(2*809C) withwrap beforeadmission; sixword-curve wrappers useit. Physical axis units open.
LFG1TF000.bin	label	7533c	SourcePolicy_Increment17Curves	Five48-byte word-curve records:count11,shift0,elevenaxes/values. Pairedfamily bytesidentical inthisROM; tcu-source-selection.txt.
LFG1TF000.bin	label	7542c	SourcePolicy_IncrementOtherCurves	Five48-byte word-curve records:count11,shift0,elevenaxes/values. Pairedfamily bytesidentical inthisROM; tcu-source-selection.txt.
LFG1TF000.bin	label	7551c	SourcePolicy_DecrementFlagCurves	Five48-byte word-curve records:count11,shift0,elevenaxes/values. Pairedfamily bytesidentical inthisROM; tcu-source-selection.txt.
LFG1TF000.bin	label	7560c	SourcePolicy_DecrementOtherCurves	Five48-byte word-curve records:count11,shift0,elevenaxes/values. Pairedfamily bytesidentical inthisROM; tcu-source-selection.txt.
LFG1TF000.bin	label	756fc	SourcePolicy_Latch17Curves	Five48-byte word-curve records:count11,shift0,elevenaxes/values. Pairedfamily bytesidentical inthisROM; tcu-source-selection.txt.
LFG1TF000.bin	label	757ec	SourcePolicy_LatchOtherCurves	Five48-byte word-curve records:count11,shift0,elevenaxes/values. Pairedfamily bytesidentical inthisROM; tcu-source-selection.txt.
LFG1TF000.bin	label	758dc	SourcePolicy_Lower17Curves	Five48-byte word-curve records:count11,shift0,elevenaxes/values. Pairedfamily bytesidentical inthisROM; tcu-source-selection.txt.
LFG1TF000.bin	label	759cc	SourcePolicy_LowerOtherCurves	Five48-byte word-curve records:count11,shift0,elevenaxes/values. Pairedfamily bytesidentical inthisROM; tcu-source-selection.txt.
LFG1TF000.bin	label	75abc	SourcePolicy_Upper17Curves	Five48-byte word-curve records:count11,shift0,elevenaxes/values. Pairedfamily bytesidentical inthisROM; tcu-source-selection.txt.
LFG1TF000.bin	label	75bac	SourcePolicy_UpperOtherCurves	Five48-byte word-curve records:count11,shift0,elevenaxes/values. Pairedfamily bytesidentical inthisROM; tcu-source-selection.txt.
LFG1TF000.bin	label	75c9c	SourcePolicy_Edge17Curves	Five48-byte word-curve records:count11,shift0,elevenaxes/values. Pairedfamily bytesidentical inthisROM; tcu-source-selection.txt.
LFG1TF000.bin	label	75d8c	SourcePolicy_EdgeOtherCurves	Five48-byte word-curve records:count11,shift0,elevenaxes/values. Pairedfamily bytesidentical inthisROM; tcu-source-selection.txt.
LFG1TF000.bin	label	7532c	SourcePolicy_EntryAxisBounds	Fiveu16 bounds0/0/0/1024/1024 forentry-only decrement under495C0,comparedunsignedto9C96.
LFG1TF000.bin	label	75336	SourcePolicy_LatchTimerBounds	Fiveu8 thresholds255/0/0/0/0.496F0 clears9C92 onlywhen82AD strictlygreater andmeasurement>=499A4.
LFG1TF000.bin	u8	7736c	SourcePolicy_EnableEdgeFallback	Stock1 enables92C5bit1 changed-edge multidecrement.
LFG1TF000.bin	u8	7736d	SourcePolicy_EnableUpperFallback	Stock1 enablesupper fallbackwithoutrequiring92C5bit1;92D2bit0 stillrequired.
LFG1TF000.bin	u16	7736e	SourcePolicy_LowFallbackThreshold	Stock1920;92C7bit6 orcache116h exact1 permitsproposal0 whenunsigned80EA<=threshold.
LFG1TF000.bin	function	4508a	Selection_ScanProposalThresholds	Five ordered up/down comparisons from8084,80EA,9B1E/9B14; writes pointer pair only.3072 direct cases plus retained full44CFE observation. tcu-transition-classification.txt.
LFG1TF000.bin	function	31720	Phase_HasPendingWork	8088 must equal2. Head phase0/1/2 returns1 even count0; otherwise anyzero ack in requiredgroups1..7 across count records. RequiredROM5D3BC+2 equals0.10336 directcases and actual native-task predicates/cache linkage; tcu-recovery-reference.txt.
LFG1TF000.bin	function	4740c	Transition_SelectOperation	Returns0 without31720 pending work; otherwise dispatches5DEB8[previous_code*6+next]. Observed code1/next1 executes47762->8 in phase0. Other dispatch paths not independently modeled; tcu-transition-classification.txt.
LFG1TF000.bin	function	4744c	Transition_ClassifyProposal	Produces9C52/54, adjusts history via475DC, looks up47670; operation20->11,21/22->10,25->9,26->3 decimal. Always stores9C50.1024 direct wrapper cases plus fullcaller observation; tcu-transition-classification.txt.
LFG1TF000.bin	function	474c4	Transition_UpdateQualificationFlags	limit9C52=max(u16 939E,ROM7734A9600). Low9C54 bits from75144(x,z),75166(y),75155(z,y)>=limit or respective source==25600; x/y/z96C8/CA/CC. Preserves high5bits;1372 original-map cases.
LFG1TF000.bin	function	475dc	Transition_AdjustReferenceHistory	Tentative +/-one history toward accepted using signed80EE and reference9218 +/-128. Reset to accepted if no pending work, signed80EA<256 or8080FF.1340 cases incl signed/wrapped references; tcu-transition-classification.txt.
LFG1TF000.bin	function	47670	Transition_LookupQualifiedCode	Accepted==proposed returnsFF; otherwise row476A4 then5E1AC[row*6+proposed].2016 cases, proposed0..5. Table code is context-dependent, not solely numeric state direction.
LFG1TF000.bin	function	476a4	Transition_SelectQualifiedRow	History0->0;1->1/2 bybit0;2->3/4 fornext1,5/6 fornext2 bybit2,otherwise3;3->7;4->8;other->9.9C54bit1 unused.12288 cases allhistorybytes/validcolumns/lowflags.
LFG1TF000.bin	function	47762	Transition_SelectOperationForCode1	3159A(1) signedphase>=1 returns9, otherwise8. Calledby4740C previouscode1,next1 in bounded originalcreation; othercontexts open.
LFG1TF000.bin	u8	ffff9c50	Transition_ReferenceHistory	4744C persists475DC adjustedhistory evenwhenproposed==accepted oroperationoverridescode. Physicalstateinterpretation requiresupstreamprovenance.
LFG1TF000.bin	u16	ffff9c52	Transition_QualificationLimit	474C4=max(unsigned939E,stock7734A9600). Usedagainstthreeoriginalmap/curveoutputs.
LFG1TF000.bin	u8	ffff9c54	Transition_QualificationFlags	474C4 produceslow3bits from96C8/CA/CC andlimit9C52,preserveshigh5.476A4 usesbit0/bit2,notbit1.
LFG1TF000.bin	label	ffff9b1e	Selection_ProposalThresholds	Ten unsigned16 thresholds readby4508A; producerchainbeforefull44CFE scanexecutes. Upindices0..4,downindices9..5. Timedfault809C3200 ->axis6400 ->[1211,2421,3352,4470,6053,652,1398,2328,3912,5121], proposal4 atmeasurement4672; tcu-fault-selection.txt.
LFG1TF000.bin	label	ffff9b14	Selection_ThresholdOperations	Tenbyte operations pairedwith9B1E;4508A selectsoperationfromlastsuccessfulcomparison.
LFG1TF000.bin	label	5e1ac	Transition_QualifiedCodeTable	10rows x6columns bytes; ends5E1E8. Rowsselectedbyhistory/flags476A4;code0possibleforaccepted2->1 underflags0. See tcu-transition-classification.txt.
LFG1TF000.bin	label	75144	Transition_QualificationMap0	17-byte3x3map; axes96C8/96CC;474C4output>=limit sets9C54bit0. Sentinel96C8==25600 independently qualifies.
LFG1TF000.bin	label	75155	Transition_QualificationMap2	17-byte3x3map; axes96CC/96CA;474C4output>=limit sets9C54bit2. Sentinel96CC==25600 independently qualifies.
LFG1TF000.bin	label	75166	Transition_QualificationCurve1	7-byte3knotcurve;axis96CA,values6400/22528/32000;474C4output>=limit or96CA==25600 sets9C54bit1.
LFG1TF000.bin	u16	7734a	Transition_MinimumQualificationLimit	Stock9600; unsigned lowerbound for939E in474C4. Physicalunitsnotyetproved.
LFG1TF000.bin	function	32140	TransitionProgress_InitializeFromAccepted	8081 byte maps to three words96C8/CA/CC:0=000,1=100,2=101,3/4=111,other=110 where1=25600.256 cases. Original startup1E15C calls48BC0 then32140; tcu-transition-progress.txt.
LFG1TF000.bin	function	32348	TransitionProgress_Update	9315 low2bits reset progress/rates;otherwise70B39(9334)>>8 ->9718,328FC updatesselectedrates,32C2C integrates signedoldwords.971Abit0 cleared then conditionallyset; otherbits preserved.832 complete-body cases; tcu-transition-progress.txt. Reset9315 is produced by22416 class encoding:FF/0 reset; otherclasses proceed. Full sampled-input/reset chain executed.
LFG1TF000.bin	function	328fc	TransitionProgress_SelectRates	8089 transition selects subsetof970C/9710/9714 updates; unselected rates retained.95AE/95C9/9410/99DC/99C4/99B0 branches,971Abit0 cap qualifier.16384 directcasesallcodebytes/flagcombinations.
LFG1TF000.bin	function	32a54	TransitionProgress_PositiveRateA	Curve70B40(u16(2*80FE))>>8 multipliedbysigned9718,arithmetic>>6. Original lookup andsignedmultiply execute; tcu-transition-progress.txt.
LFG1TF000.bin	function	32a86	TransitionProgress_NegativeRateA	Negative ofarithmetic((signed770CC*signed9718)>>6);stockconstant256.
LFG1TF000.bin	function	32aa6	TransitionProgress_PositiveRateB	Curve70B49(u16(2*80FE))>>8 multipliedbysigned9718,arithmetic>>6. Stockcurveidenticalto70B40.
LFG1TF000.bin	function	32afc	TransitionProgress_AlternateNegativeRateB	Negative ofarithmetic((signed770D0*signed9718)>>6);stock256,selectedby95AEbit0 forcertaincodes.
LFG1TF000.bin	function	32b1c	TransitionProgress_NegativeRateB	Negative ofarithmetic((signed770CE*signed9718)>>6);stockconstant256.
LFG1TF000.bin	function	32b3c	TransitionProgress_PositiveRateC	Curve70B24(u16(2*80FE))>>8 multipliedbysigned9718,arithmetic>>6.
LFG1TF000.bin	function	32b6e	TransitionProgress_MixedNegativeRateC	Unsigneddoubled80FE/FA weightedby770C8/C9 bytes100/96,divide100,addsigned770CA5018,unsignedcapFFFF;store9708. Curve70B2D result>>8*signed9718>>6,negated.
LFG1TF000.bin	function	32bda	TransitionProgress_AlternatePositiveRateC	Curve70B34(u16(2*80FA))>>8 multipliedbysigned9718,arithmetic>>6. Selectedforcode9 orcode11with9410bit1.
LFG1TF000.bin	function	32c0c	TransitionProgress_NegativeRateC	Negative ofarithmetic((signed770C6*signed9718)>>6);stock256,code4 branch.
LFG1TF000.bin	function	32c2c	TransitionProgress_AccumulateAndClamp	Signedwrapped32 sumr5+r6,clamp0..25600;lowbyte r4exact1 insteadcapsatstock770C4=3840.378boundarycasesincloverflow; tcu-transition-progress.txt.
LFG1TF000.bin	u16	ffff96c8	TransitionProgress_AccumulatorA	Initializedby32140from8081;32348 integrates970C thenclamps0..25600.474C4 firstmapaxis andexact25600qualification. Physicalmeaningopen.
LFG1TF000.bin	u16	ffff96ca	TransitionProgress_AccumulatorB	Initializedby32140from8081;32348 integrates9710 thenclamps0..25600.474C4 curveaxis/secondmapaxis. Physicalmeaningopen.
LFG1TF000.bin	u16	ffff96cc	TransitionProgress_AccumulatorC	Initializedby32140from8081;32348 integrates9714,cap3840whenproduced971Abit0else25600. Sharedclassification andcode11phasequalification input;physicalmeaningopen.
LFG1TF000.bin	u32	ffff970c	TransitionProgress_RateA	Signed32 retained rate;328FC updatesonlyselectedtransitions.32348adds tosignextended96C8 beforeclamp.
LFG1TF000.bin	u32	ffff9710	TransitionProgress_RateB	Signed32 retained rate;328FC updatesonlyselectedtransitions.32348adds tosignextended96CA beforeclamp.
LFG1TF000.bin	u32	ffff9714	TransitionProgress_RateC	Signed32 retained rate;328FC updatesonlyselectedtransitions.32348adds tosignextended96CC beforeconditionalcap.
LFG1TF000.bin	u16	ffff9718	TransitionProgress_RateScale	32348 storescurve70B39(9334)>>8,stock64..128. Signedmultiplyinratehelpers;blockedpathretainsoldvalue.
LFG1TF000.bin	u16	ffff9708	TransitionProgress_MixedAxis	32B6E storesweighted/cappedu16axisfrom80FE/80FA andstockcoefficients. Retainedwhenhelpernotcalled.
LFG1TF000.bin	label	70b24	TransitionProgress_PositiveCCurve	Nine-byte4knotcurve usedby32B3C; axisu16(2*80FE).
LFG1TF000.bin	label	70b2d	TransitionProgress_NegativeCCurve	Seven-byte3knotcurve usedby32B6E withproduced9708axis.
LFG1TF000.bin	label	70b34	TransitionProgress_AlternateCCurve	Five-byte2knotcurve usedby32BDA; axisu16(2*80FA).
LFG1TF000.bin	label	70b39	TransitionProgress_RateScaleCurve	Seven-byte3knotcurve:9334axis,output>>8 yields64..128. Sourcephysicalunitsopen.
LFG1TF000.bin	label	70b40	TransitionProgress_PositiveACurve	Nine-byte4knotcurve; stockidenticalto70B49,notproofofsharedphysicalmeaning.
LFG1TF000.bin	label	70b49	TransitionProgress_PositiveBCurve	Nine-byte4knotcurve; stockidenticalto70B40.
LFG1TF000.bin	u16	770c4	TransitionProgress_ReducedCap	Stock3840,signedwordusedby32C2Cwhenlowbyteflag==1;normalcap25600.
LFG1TF000.bin	u16	770c6	TransitionProgress_NegativeCConstant	Stock256; signednegative-rate scale coefficient.
LFG1TF000.bin	u8	770c8	TransitionProgress_MixedWeightFE	Stock100;multipliesu16 doubled80FE in32B6E.
LFG1TF000.bin	u8	770c9	TransitionProgress_MixedWeightFA	Stock96;multipliesu16 doubled80FA in32B6E.
LFG1TF000.bin	u16	770ca	TransitionProgress_MixedOffset	Stock5018; signedwordaddedafterunsignedweighteddivision100.
LFG1TF000.bin	u16	770cc	TransitionProgress_NegativeAConstant	Stock256; signednegative-rate scale coefficient.
LFG1TF000.bin	u16	770ce	TransitionProgress_NegativeBConstant	Stock256; signednegative-rate scale coefficient.
LFG1TF000.bin	u16	770d0	TransitionProgress_AlternateNegativeBConstant	Stock256; separatecalibrationcurrentlyequalto770CE.
LFG1TF000.bin	function	4c880	SparkRequest_SelectManagedGroup	Lowbytecode<5:group7 unlesslowwordoperation18. Codes5..11:group8 unlessoperation6/8/10/12/16/17. Othercodes orsuppressedoperation returnFFFF.5632 directcases;code6/op8 explainsno numericrequest inoriginalreplacementtrace. tcu-transition-progress.txt.
LFG1TF000.bin	function	23544	Qualification_ProduceLimitAndInputs	Shifts15/25 histories; ratio80EE/80E8 ->939C, curve70331/2 ->93F2; signed92E2 ->939E plus6400,92E4/6 ->80F6/8108. Fault92CBbit1 publishes sentinels. Falls through2378A;6860 direct cases and4 paired bounded probes; tcu-qualification-limit.txt.
LFG1TF000.bin	function	2378a	Qualification_UpdateCapturedInputs	Fall-through tail of23544; pending-work,93F4/8 capture and8159/B timers select retained/slewed values. Delta uses809C, NOT80EA. Writes80F8/93F6/9398/939A; clears capture flags.4536 direct cases.
LFG1TF000.bin	function	239b2	Qualification_CaptureOnPhaseCreation	Always93F4=1; operation low16 zero copies939E to93F6 and sets93F8bit0.72 direct cases; original phase-creation callback.
LFG1TF000.bin	function	239d2	Qualification_SlewUnsignedDifference	Unsigned target-old difference, scaled128/max(s16factor,128); signed16 step clamp and minimum nonzero step. Returns signed16old plus step;200 direct cases.
LFG1TF000.bin	function	23a44	Qualification_CalculateCorrection	Curve7035C(80E8)/4-9600;92D1bit2 subtract7036F curve correction;bit3 subtract70382 map(80E8,92F6) correction; subtract9310*16.252 cases; caller truncates return to16 for MULS.W.
LFG1TF000.bin	label	1eac6	Qualification_SelectionBeforePublication	Executed bounded original caller segment1EAC6..1EAD0:48C08 then23544; stop before1EAD2. Changed CAN215 influences newly published939E after selection has consumed previous value. No full-task timing claim.
LFG1TF000.bin	u16	ffff939e	Qualification_ProducedLimit	23544 clamps signed92E2*curve70331 factor then adds6400;92CBbit1 overridesFFFF.474C4 usesmax(this,9600),239B2 captures for zero operation. CAN215 paired values7984/12736 verified.
LFG1TF000.bin	u16	ffff939c	Qualification_MeasurementRatio	Unsigned division of wrapped(s16 80EE<<15) byu16 80E8, quotientcap65535; *51200>>15 cap51200. Original zero-divisor arithmetic executed.
LFG1TF000.bin	u16	ffff93f2	Qualification_RatioFactor	curve70331(939C)>>1; scales92E2/4/6 and low16 of23A44 correction.
LFG1TF000.bin	u16	ffff9394	Qualification_ScaledCorrection	23544 signed low16 correction*93F2/12800 trunc, clamp[-9600,59135], arithmetic>>1. Fault92CBbit1 overrides32767.
LFG1TF000.bin	u8	ffff9396	Qualification_InputCategory	70320 threshold category of local scaled92E4+6400 highbyte; fault->6. Passed to2378A.
LFG1TF000.bin	u8	ffff93f5	Qualification_LimitCategory	70320 threshold category of939E highbyte; fault->6.
LFG1TF000.bin	label	ffff93a0	Qualification_InputHistory15	23544 shifts15 words, inserts previous80F6 before recalculation.
LFG1TF000.bin	label	ffff93be	Qualification_SecondHistory25	23544 shifts25 words, inserts previous8108 before recalculation.
LFG1TF000.bin	u16	ffff9398	Qualification_RetainedAscendingInput	2378A retains unless pending ascending direction; then mirrors selected input. Fault92CBbit1 overridesFFFF.
LFG1TF000.bin	u8	ffff939a	Qualification_RetainedCategory	2378A timer/capture admission retains previous category; otherwise uses argument; fault->6.
LFG1TF000.bin	u16	ffff93f0	Qualification_CapturedComparisonInput	2378A captures unsigned809C when93F4==1 or signed16 delta reaches +/-1280. Earlier80EA interpretation corrected by original GBR offset156=809C.
LFG1TF000.bin	u8	ffff93f4	Qualification_CapturePending	239B2 sets1;2378A exact1 captures815A into8159, sets815B=255 and captures809C. Cleared after publication.
LFG1TF000.bin	u16	ffff93f6	Qualification_CapturedOrPublishedInput	239B2 zero operation captures939E;2378A retained/slew policy publishes selected input here and80F8.
LFG1TF000.bin	u8	ffff93f8	Qualification_CaptureFlags	239B2 zero operation setsbit0;2378A uses with capture/timer admission then clearsbit0, preserving others.
LFG1TF000.bin	u8	ffff8159	Qualification_CapturedTimer	2378A copies815A when93F4==1. Admission threshold18 ascending or12 descending; Original11014 ->1106A ->1127E increments at primary phases1/5/9/13, saturates255. No physical period claim.
LFG1TF000.bin	u8	ffff815a	Qualification_StableInputTimer	2378A clears outside signed933E [-1280,1280); otherwise retains. Original11014 quarter wheel increments unless255; physical tick duration remains open.
LFG1TF000.bin	u8	ffff815b	Qualification_ComparisonTimer	2378A capture sets255; delta of93F0 versus809C >=1280 or <=-1280 clears. Admission threshold49 ascending/6 descending. Original11014 quarter wheel increments unless255; physical tick duration remains open.
LFG1TF000.bin	label	70320	Qualification_CategoryThresholds	Stock byte bounds33,40,48,55,63,70,255; descending category hysteresis76E8C stock0.
LFG1TF000.bin	label	70327	Qualification_AscendingMaximumFlags	Five stock zeros;2378A alternate max-original-argument branch therefore unused for valid ascending targets.
LFG1TF000.bin	label	7032c	Qualification_DescendingSlewFactors	Five stock ones indexed by target; multiplied128 before239D2.
LFG1TF000.bin	label	70331	Qualification_RatioFactorCurve	21-point byte curve; original10764 output>>1. Input939C. Values198 down to99, byte quantization256.
LFG1TF000.bin	label	7035c	Qualification_BaseCorrectionCurve	9-point byte curve(80E8); output>>2 minus9600 in23A44.
LFG1TF000.bin	label	7036f	Qualification_OptionalCorrectionCurve	9-point byte curve(80E8), subtracted when92D1bit2.
LFG1TF000.bin	label	70382	Qualification_OptionalCorrectionMap	9x2 byte map(80E8,92F6); output>>2 minus9600 subtracted when92D1bit3.31-byte encoded table.
LFG1TF000.bin	label	226bc	Selector_EncodeClassForProgressGate	Bounded original226BC..227D0 one-hot class encoding:FF->01,0->02,1->80,2->40,3->20,4->10,5->08,other->04.1024 cases; full22416 observation. No physical P/R/N/D assignment.
LFG1TF000.bin	u8	ffff9315	Selector_EncodedClassFlags	22416 overwrites all8 bits with one-hot class8080 encoding.32348 lowbits reset progress/rates forclassFF/0; allotherclasses proceed. Filtered selector and ADC-hold/recovery chain verified; tcu-qualification-lifecycle.txt.
LFG1TF000.bin	function	175ec	CAN4EC_PublishComparisonEnable	Raw buffer8F0D byte0bit2 ->88C4 Boolean;88C5=2 unconditionally.256 byte cases. Sender/physical role/transport admission unproved; tcu-comparison-input.txt.
LFG1TF000.bin	function	17e74	Comparison_SelectCANSource	If88C4==1 and88C5==2: CAN4EC byte2 FF retainsold89B0/status1; otherwise raw*5, maxwith8808 onlywhen880A==2, status2. Withoutadmission usesvalidCAN201 orhold/status880A.9216 cases.
LFG1TF000.bin	function	23380	Comparison_ConvertSelectedInput	92D5mask88 selects3200; otherwiseu16 89B0*256/10 throughsigned16saturation, uppercap25600 viaoriginal5BBEC(25600.5).2816 cases, no arithmetic stubs.
LFG1TF000.bin	function	230f0	Comparison_UpdateInputAndHistory	Wholebody shifts4-wordhistory934E, publishes23380 result to809C and50AC8 status; categories9338/9; signedwrapped changes,latch9344bit1,timer8199;25-wordhistory9358 andphase/code-conditioned9342.1600 randomized cases.
LFG1TF000.bin	function	50ac8	Comparison_PublishValueAndStatus	A4D8=809C*10/256 forproducednonnegativeinput. A4DA=4 if92D5mask88, else1 if89B2==2, else2. Executed/modeledinside230F0.
LFG1TF000.bin	function	1add0	Acquisition_RefreshSecondaryCANGroup	Originalwrappercalls177A0,18258,1821C,181E0,181A4,175EC,17E74,1850C,1857C,185B8. Native1BD10 logical1->1C10E->thiswrapper nowexecuted afteroriginalHCANISRprefix. Itusespreceding201 value when201 also pending. PhysicalCAN/ISR-RTE unproved; tcu-receive-admission.txt.
LFG1TF000.bin	label	22f42	Comparison_PairedHistoryTailCall	Executed whole22F3C: calls22F46(809A/933E), tailcalls230F0(809C/9340/9342), restoresPR in delay slot.1800 randomized paired cases preserve stack; tcu-paired-input.txt.
LFG1TF000.bin	u8	ffff88c4	CAN4EC_ComparisonEnable	175EC readsCAN4ECbufferbyte0bit2.17E74 requires exact1 plus88C5==2.
LFG1TF000.bin	u8	ffff88c5	CAN4EC_ComparisonEnableStatus	175EC unconditionallypublishes2;17E74 tests exact2. Not proof of transport freshness/timeout admission.
LFG1TF000.bin	u16	ffff89b0	Comparison_SelectedCANValue	17E74 CAN201/CAN4EC selected/heldsource.23380 scale256/10 andcap25600. CAN4ECFF retainsoldvalue evenwhenCAN201valid ifremoteadmitted.
LFG1TF000.bin	u8	ffff89b2	Comparison_SelectedCANStatus	17E74: remotevalid2, remoteFF1, otherwisecopies880A.50AC8 maps2->published1,other->2 unlessfaultoverride4.
LFG1TF000.bin	u16	ffff809c	Comparison_ApplicationInput	230F0 publishes23380 converted89B0; consumedby2378A comparisoncapture andsource/selectionlogic. Physicalinputnameunproved.
LFG1TF000.bin	u16	ffffa4d8	Comparison_PublishedValue	50AC8 publishesfloor(809C*10/256) overproduced0..25600 domain.
LFG1TF000.bin	u8	ffffa4da	Comparison_PublishedStatus	50AC8:4 if92D5bit3or7;otherwise1 if89B2==2,else2.
LFG1TF000.bin	u8	ffff9339	Comparison_InputCategory	230F0 firststrictlylarger5CD1C threshold*128, max12; descendinghysteresis640againstprevioussignedbyte.
LFG1TF000.bin	u8	ffff9338	Comparison_CompressedCategory	9339/2 when<10, otherwise9339-5. Producedby230F0.
LFG1TF000.bin	u16	ffff9340	Comparison_HistoryChange	230F0 new809C minusfour-samplehistoryreference;9344bit1 forces0. Signedwordstorage/overflow preserved.
LFG1TF000.bin	u16	ffff9342	Comparison_RetainedHistoryChange	Samecode+pending: phase>=1holds,phase<1maxsigned(old,current). Changedcode selectsmaxofcurrent+18previouschanges; otherwisecurrent.
LFG1TF000.bin	u8	ffff9344	Comparison_ChangeFlags	230F0 ownsbit1: shortmagnitude>=25600 resets8199; iflong>=2560setsbit1. Long<2560 andtimer>=6clears.Executed22F46 ownsbit0 with same thresholds and timer8198; paired caller preserves both owners.
LFG1TF000.bin	u8	ffff9356	Comparison_PreviousPhaseCode	230F0 saves8089; phase/codechange controls9342 historyselection.
LFG1TF000.bin	label	ffff934e	Comparison_InputHistory4	230F0 shiftsfourwords, insertsold809C beforeconversion. Longchangeusesold9352 aftershift.
LFG1TF000.bin	label	ffff9358	Comparison_ChangeHistory25	230F0 shifts25words, insertscurrent9340; changedcode comparesprevious18 signedchanges for9342.
LFG1TF000.bin	label	5cd1c	Comparison_CategoryThresholds	13bytes7,14,22,30,40,50,60,70,85,100,130,170,255; thresholds*128 and640descendinghysteresis.
LFG1TF000.bin	label	5c826	Comparison_CAN4ECInputScale	10F38 inputdescriptor5,10,offset0; with5C5C0 outputdescriptor1,10,offset0 yieldsraw*5. ExecutedallrawbytevaluesexceptFFholdbranch.
LFG1TF000.bin	label	5c5c0	Comparison_SelectedOutputScale	10F38 outputdescriptor1,10,offset0; selectedby17E74 with5C826, netraw*5.
LFFEEE-stock.bin	function	36be6	CAN215_EncodeSelectedControlByte	6CD4 divided by0.5, adds0.5, truncates/clamps0..255 through20B8, caps200. A3A4 exact1 forcesFF.36A28 packsbyte6.288 encoder cases including hold mode; tcu-paired-input.txt.
LFFEEE-stock.bin	u8	ffff6b5e	CAN215_SelectedControlByte	36BE6 publishes encoded6CD4 orFF invalid;36A28 packsCAN215 byte6.6CD4 upstream39B04 verified in throttle-candidate.txt; physical units remain open.
LFG1TF000.bin	function	170d4	CAN215_InitializePrimaryInput	Stock5FD18 word0 ->880C;880E=0. Executed initialization.
LFG1TF000.bin	function	170e4	CAN215_DecodePrimaryInput	8F32 isCAN215 byte6. FF retains unsigned880C andsets880E1; otherbytes*5 via original10F38 descriptors5C80E/5C59C, status2.768 whole1ACF0 callback cases.
LFG1TF000.bin	function	23406	Primary_ConvertCANInput	92D5bit7 rising resets82C4;938Cbit0 mirrorsfault. Healthy880C*256/10 capped25600; fault branches both stock25600 across timer31.15360 input/fault/timer cases.
LFG1TF000.bin	function	22f46	Primary_UpdateInputAndHistory	Four-wordhistory9346,23406 result809A,50F78 publication,categories933D/C,mirror933A. Shortchange>=25600 resets8198;long>=2560 latches9344bit0. Long<2560,timer>=6 clears.933E=longchange unlesslatched.1800 paired cases.
LFG1TF000.bin	function	22f3c	Input_UpdatePairedHistories	Originalcaller runs22F46 then tails230F0.1800 randomized paired cases check both independent models and balanced stack; tcu-paired-input.txt.
LFG1TF000.bin	function	50f78	Primary_PublishValueAndStatus	A500=floor(809A*10/256) over produced0..25600;A5024 if92D5bit7,else1 if880E2,else2. Modeled insidewhole22F46.
LFG1TF000.bin	u16	ffff880c	CAN215_PrimaryDecodedValue	170E4 byte6*5;FF holds oldnumeric.23406 ->809A. No physical units asserted.
LFG1TF000.bin	u8	ffff880e	CAN215_PrimaryValidity	170D4 zero;170E4 FF gives1,validbyte2.50F78 publishes status separately from value selection.
LFG1TF000.bin	u16	ffff809a	Primary_ApplicationInput	22F46 stores23406 result. CAN215-derived0..25600 with92D5bit7 substitution; paired with809C but different fault mask.
LFG1TF000.bin	u16	ffff933a	Primary_InputMirror	22F46 mirrors new809A here.
LFG1TF000.bin	u16	ffff933e	Primary_HistoryChange	22F46 new809A minus four-samplehistoryreference, or0 if9344bit0 set.2378A clears815A outside signed[-1280,1280).
LFG1TF000.bin	u8	ffff933d	Primary_InputCategory	13 shared5CD1C bounds*128; descending hysteresis640 from76DFC.
LFG1TF000.bin	u8	ffff933c	Primary_CompressedCategory	933D/2 if<10, otherwise933D-5; original22F46.
LFG1TF000.bin	u8	ffff938c	Primary_PreviousFaultFlags	23406 ownsbit0 mirroring92D5bit7; onlyrisingedge resets82C4.
LFG1TF000.bin	u8	ffff82c4	Primary_FaultElapsedTimer	23406 clears on92D5bit7 rising, compares unsigned signextendedbyte againstROM76E0A31. Bothstockfallbackwords25600.
LFG1TF000.bin	u8	ffff8198	Primary_ChangeLatchTimer	22F46 shortmagnitude>=25600 clears; longmagnitude<2560 plusunsignedtimer>=6 clears9344bit0.
LFG1TF000.bin	u16	ffffa500	Primary_PublishedValue	50F78 floor(809A*10/256) for produced nonnegative domain.
LFG1TF000.bin	u8	ffffa502	Primary_PublishedStatus	50F78:92D5bit7->4; otherwise880E2->1,other->2.
LFG1TF000.bin	label	ffff9346	Primary_InputHistory4	22F46 shifts fourwords and inserts old809A;longchange uses old934A now934C.
LFG1TF000.bin	label	5c80e	CAN215_PrimaryInputScale	10F38 descriptor5,10,offset0 with5C59C producesraw*5.
LFG1TF000.bin	label	5c59c	CAN215_PrimaryOutputScale	10F38 descriptor1,10,offset0; pairedwith5C80E.
LFG1TF000.bin	u8	ffffa773	CAN215_PrimaryRawDiagnostic	583DC group3D rawstatus: admitted880E1 ->3; otherinitialvalidities ->1; admission requiresA9391 andA977/A978mask08 clear. Healthy activefault may publish81 forrecovery.
LFG1TF000.bin	u8	ffffa729	CAN215_PrimaryActiveDiagnostic	Group3D from880E.500-tick invalid qualification:01 pending ->05 qualified; healthy44 ->0 onlyafterhealthy500 readiness andnextproducer with80A4zero. Nonzero80A4 retainsC4.
LFG1TF000.bin	u32	ffffa874	CAN215_PrimaryDiagnosticDeadline	Type0 group3D qualification deadline from84D0+500; healthy/admission interruption rearms. No physical time assertion.
LFG1TF000.bin	u16	ffffa91e	CAN215_PrimaryQualificationCount	Group3D type0 count, stockconfigured1 at5EF48. Original566E0 executes.
LFG1TF000.bin	u8	ffffa97f	CAN215_PrimaryMappedDiagnostic	570F6 summary index27 fromgroup3D. Qualified1C, recoveredhistory11 inexecutedlifecycles; no558CC serializedreport intheseisolatedprofiles.
LFG1TF000.bin	u8	ffffa98f	Diagnostic_CAN215PrimaryAggregate	57258 combinesgroups35/36/3D. A98Fbit3 OR A98Dbit3 sets BOTH92D5bits3/7, substitutingthreeapplicationinputs evenifonlyCAN215invalid.
LFG1TF000.bin	label	5ef48	CAN215_PrimaryDiagnosticConfiguration	Group3D16bytes000101F4000111000000000029002700: type0,500ticks,count1,healthyindex29,summaryindex27.
LFG1TF000.bin	label	5f120	CAN215_PrimaryHealthyConfiguration	8bytes2900010001F40001: healthyindex29,500ticks,count1.57F50 readiness followsqualifier; nextproducer canclearat same timestamp.
LFG1TF000.bin	function	44fce	Selection_PublishProposalAxis	9B3E=(2*s16(809C))low16. OverrideFFFF ifs16(8098)>s16ROM772F8=25600,92C5bit1set,92D5bit7clear,92D3bit6clear.2520 direct cases. Verified8098 producer caps25600,sooverrideunreachablefromthatnormalproducer alone.
LFG1TF000.bin	function	4530c	Selection_ProduceProposalThresholds	Captures axis9B3E, or941E for ENTRY source13/14, before dispatch5DE90 updates source. tcu-threshold-axis-history.txt verifies60 calls/600 lookups/60 scans; exiting13/14 can change next proposal1->4. Class overlay47240 independently modeled. Optional44E14/44F5A now modeled:3283direct,72admission,48threshold/scan and16full replays in tcu-optional-thresholds.txt. Upstream stored adjustments/task order remain open.
LFG1TF000.bin	u16	ffff9b3e	Selection_ProposalLookupAxis	44FCE low16 twice809C,possibleFFFF override. Producedfault3200 ->6400;healthy19968 ->39936.4530C thresholdlookup source; unlikeprimary809A.
LFG1TF000.bin	u16	772f8	Selection_FullAxisOverrideThreshold	Stock25600;44FCE signed8098 must be strictly greater plusgates toforceFFFF. Normal21500 producer output is capped25600.
LFG1TF000.bin	function	46fa0	Selection_SelectPrimaryCurveBank	Class8080=FF holds outputs; otherwise prioritizes9C7C bit0..3,9E88 dynamic copy,9B5C fixed bank,92D7/92CA/class6 and exactA534=1. Writes ten9AEC pointers/9B14 operations/9B32 kinds,9B40 and9AEA/B flags.2560 stock cases; tcu-curve-sources.txt.
LFG1TF000.bin	function	4a634	Selection_CopyDynamicCurves	Copies ten48-byte curves from7422C into9CA8. For i<5 with9F29bit1 and8081=i, replaces rowi with rowi+5. Copy executes before higher-priority bank overrides;891 full-copy checks in tcu-curve-sources.txt.
LFG1TF000.bin	label	5de90	Selection_ThresholdProducerDispatch	Four original calls46FA0,46200,45AA4,47240;count7744E=4. Allfour independently modeled; upstream inputs/taskorder remain open. Allcalls execute before10 threshold lookups.
LFG1TF000.bin	u16	7744e	Selection_ThresholdProducerCount	Stock4 entries at5DE90; caller4530C.
LFG1TF000.bin	u8	ffff9aeb	Selection_PrimaryBankFlags	46FA0 forcesbit0,mirrors9C7Cbits0..3 into1..4,dynamic9E88bit0 into5,admitted special banks into6/7. Flags retain admitted lower-priority conditions even when later banks win.
LFG1TF000.bin	function	47240	Selection_ApplyClassThresholds	Original final4530C producer. Always loads class limits; signedpositive8080 builds constant curves, replaces selected pointers then tags rising-class slots; publishes9C12.580 direct cases,12 retained calls and56 full proposal/selection replays; tcu-class-thresholds.txt.
LFG1TF000.bin	function	4726a	Selection_LoadClassThresholdValues	916Fbit2 selects one of two word columns at75138/34/30/2C/3C ->9C08/0A/0C/0E/10. Both stock columns equal4004,7542,11267,16013,21788. Original read-address audit verifies selector despite equal values.
LFG1TF000.bin	function	472a6	Selection_BuildClassLimitCurves	Builds five12-byte constant unsigned word curves at9C14+12*i: [count2,shift0,x0,x65535,value,value].125 arbitrary-word cases include signed-boundary/FFFF preservation.
LFG1TF000.bin	function	47334	Selection_ReplaceClassCurveSlots	For class1..5, i=class-1..4: upperpointer5DEAC and lowerpointer9C14+12*i; operation4/kind7. Class6 or signed<=0 leaves pointers. Scope0..6/inactive128/255; invalid positive classes not established safe.
LFG1TF000.bin	function	473a8	Selection_TagClassIncreaseSlots	If0<signedprevious<signedcurrent, tags upper indicesprevious-1..current-2 operation4/kind7 without pointer changes. Can tag primary-restored curves on increase to6. Full4530C base rebuild removes transient tags on next unchanged-class call.
LFG1TF000.bin	u8	ffff9c12	Selection_PreviousThresholdClass	47240 records raw8080 after473A8 rising-class tagging. History affects operation/kind even when pointers are unchanged. This is call history, not a measured timing interval.
LFG1TF000.bin	label	ffff9c14	Selection_ClassConstantCurves	Five12-byte RAM curves rebuilt by472A6 only for signedpositive8080 in47240. Each curve has axes0/65535 and identical unsigned values from9C08..9C10.
LFG1TF000.bin	label	5deac	Selection_MaximumWordCurve	Six words[2,0,0,65535,65535,65535].47334 installs this constant upper threshold. Not an unconditional disable:4508A measured65535 meets>= comparison;24 boundary scans verify endpoint behavior.
LFG1TF000.bin	label	7512c	Selection_ClassThresholdCalibration	Ten words forming five two-column limits.4726A reads75138/34/30/2C/3C plus2 when916Fbit2. Both columns are equal stock; array ends75140.
LFG1TF000.bin	function	46200	Selection_ApplyRetainedThresholdOverlay	Second4530C producer. Prior-input hysteresis46580 precedes admission46372 and capture463CC. Retained low3 flags latch and replace slots1..3/6..8 operation6/kind5; source6 can publish despite rejected admission/no replacement.3906 direct cases,11 retained calls,24 full replays; tcu-retained-thresholds.txt.
LFG1TF000.bin	function	46372	Selection_AdmitRetainedThresholdOverlay	Returns1 unless class8080 isFF/0/1/2 or9330bit0 set.1024 original cases include all256 class bytes; unusual values are helper coverage, not physical valid states.
LFG1TF000.bin	function	463cc	Selection_CaptureRetainedOverlayInputs	Captures9336->9BF6,9390->9BF8;92C9bits0/1 independently substitute ROM77320/22 (both10240). Runs after46580 inside46200, so new values affect next-call hysteresis.150 direct cases.
LFG1TF000.bin	function	46402	Selection_AdmitOverlayLatch	Calls4643A then reads73F20+index:policy0 permits,policy1 requirespredicate1,other policies deny. Stock three bytes all1; patched-calibration branches not claimed executed.
LFG1TF000.bin	function	4643a	Selection_TestOverlayThresholdCrossing	Unsigned9B3E word curves73F54/73FB4/74014, signed80EA measurement and unsigned9B3C category qualify indices2/1/0. Low-category alternatives can qualify negative measurements.1664 original cases; other index returns0.
LFG1TF000.bin	function	46546	Selection_ClearRetainedOverlayLatches	Clears only low3 bits of9BF5 and9BF4. Does not clear hysteresisbit3,9AEA bit2,source9B40 or descriptor arrays. Earlier primary producer rebuild handles descriptor withdrawal in4530C.
LFG1TF000.bin	function	46580	Selection_UpdateOverlayHysteresis	Uses previous signed9BF6/9BF8 before fresh capture. Stock A>=32000 sets, A<14720 clears, intermediate retains9BF5bit3; B drops out because paired A thresholds equal. Updates9AEA bit2 and active writes source6.300 cases; source publication independent of later admission.
LFG1TF000.bin	u8	ffff9bf4	Selection_OverlayAppliedFlags	Cumulative bits2/1/0 record replacement of slotpairs3/8,2/7,1/6.46546 clears low3 on withdrawal; upperbits preserved.
LFG1TF000.bin	u8	ffff9bf5	Selection_OverlayRetainedFlags	Bits0..2 retained latch predicates;bit3 hysteresis. Entry46200 snapshots old low3 before46580. Failed admission can clear low3 while bit3 and source6 remain active.
LFG1TF000.bin	u16	ffff9bf6	Selection_OverlayCapturedFirstInput	Prior signed value controls46580; refreshed only after admitted46372 by463CC from9336 or fault substitution10240. Physical identity unproved.
LFG1TF000.bin	u16	ffff9bf8	Selection_OverlayCapturedSecondInput	Captured9390 or independent92C9bit1 substitution10240; read by46580. Paired A thresholds cancel its stock hysteresis effect. Physical identity unproved.
LFG1TF000.bin	label	73f20	Selection_OverlayLatchPolicies	Three bytes all1, read by46402 for indices0..2. No modified calibration execution.
LFG1TF000.bin	label	73f24	Selection_RetainedOverlayCurves	Six48-byte unsigned word curves:73F24/54 pair3/8,73F84/B4 pair2/7,73FE4/74014 pair1/6; original46200 sets operation6/kind5.
LFG1TF000.bin	label	77314	Selection_OverlayHysteresisCalibration	Eight signed words:32000,32000,13056,14720,14720,12416,10240,10240. First6 govern46580;last2 are463CC substitution values.
LFG1TF000.bin	function	45aa4	Selection_ApplyReleaseThresholdOverlay	Independent whole state/curve model:5531 direct,10 retained,36 selection replays; tcu-release-thresholds.txt. Active/release9B64; entry and exit not evaluated same call. Bounded fault replay can suppress creation; natural entry/task timing open.
LFG1TF000.bin	function	45ce4	Selection_AdmitReleaseThresholdOverlay	RequiresclassnotFF/0/1,signed80EA>=256,9330bit0clear,sourcenot11..14. Original executed; tcu-release-thresholds.txt.
LFG1TF000.bin	function	45d30	Selection_EnterReleaseThresholdOverlay	Normal92D5bit0 entry with fault/gate/6331 checks andpending/code0..4block;alternate92D5bit7+92C5bit2 bypassesnormal conditions. Doesnotbypass45CE4.
LFG1TF000.bin	function	45dd0	Selection_ReleaseThresholdOverlay	Release predicate independent of timer; normalclear/gate andalternate92D5bit7 with92C5bit2clear. Executed tcu-release-thresholds.txt.
LFG1TF000.bin	function	45e70	Selection_BuildReleaseThresholdCurves	Alltenheaders; release1 installsupperFFFFonly,lowerdescriptors/valuespreserved. Normaltenconstantcurves via460E0,baseline+192,unsignedminimum; op5/kind6. Sourceunchanged.
LFG1TF000.bin	function	46030	Selection_UpdateOverlayMeasurementLatch	History/class/operation5 retention of9BF1bit0/9BEE; acceptedfall captures9BEC whileactive/release0/op5. Othercases reset usingoriginaldouble0.5->0conversion;288directcases.
LFG1TF000.bin	function	460e0	Selection_CalculateOverlayLowerValue	Wordcurve sums selectedby9889bit5/flag92D1bit3; source1 replaces sum.1800directcases; axesunsigned16,physicalunitsunproved.
LFG1TF000.bin	function	4617c	Selection_AlternateOverlayEntry	Returns1 iff92D5bit7 and92C5bit2. Executed alternate entry; no physicalsignalclaim.
LFG1TF000.bin	function	461a6	Selection_AlternateOverlayRelease	Returns1 iff92D5bit7 set and92C5bit2clear. Executed alternate release.
LFG1TF000.bin	u8	ffff9b64	Selection_ReleaseOverlayState	Bit0active,bit1release;45AA4 state machine. Firstrelease resets815D;stocklimit122 quarter-wheel increments.27 naturally timed release traces in tcu-overlay-lifecycle.txt; no milliseconds claim.
LFG1TF000.bin	u16	ffff9b66	Selection_OverlayHistoryAxis	45BA0 output clamp0..32767 of old fourth-history word minus new filtered80EA; reset unless92C5bit2 andfiltered>=current. Executed tcu-overlay-lifecycle.txt.
LFG1TF000.bin	u8	ffff9bea	Selection_OverlayPreviousAccepted	45AA4 publishesentry8081 afterstateupdate; usedforcaptureandreleaseloss.
LFG1TF000.bin	u16	ffff9bec	Selection_OverlayCapturedMeasurement	Capture80EA whenaccepted>=previous at45AA4entry; copiedtolatched9BEE onactivefall/op5.
LFG1TF000.bin	u16	ffff9bee	Selection_OverlayLatchedMeasurement	46030 retains/capturesresets; usedasupperbaseline when9BF1bit0.
LFG1TF000.bin	u8	ffff9bf0	Selection_OverlayPreviousClass	45AA4 publishesentry8080 atreturn; signedclassincrease resetsmeasurementlatch.
LFG1TF000.bin	u8	ffff9bf1	Selection_OverlayMeasurementFlags	Bit0 chooses9BEE upperbaseline in45E70; otherbits retained. tcu-release-thresholds.txt.
LFG1TF000.bin	label	ffff9b68	Selection_ReleaseOverlayCurves	Ten12byteconstantwordcurves builtby45E70. Releaseupdatesupperonlybutallheaders.
LFG1TF000.bin	label	73c34	Selection_OverlayReleaseDurations	Sixstockbytes122 indexedbyproposal8084. Timerproducer/cadenceopen.
LFG1TF000.bin	label	73c3a	Selection_OverlayWordCurves	460E0/45E70 wordcurves with3or4knots/shift0 through73F1D. Models inverify_tcu_release_thresholds.py.
LFFEEE-stock.bin	function	59720	Control_ProduceNormalizedContribution	8118=(812C+max811C,8124)/stockscaled7020 whenabsdivisor>2^-17;otherwisehold8118. Alwaysrefresh812C via7012exact1 selectedA36AC/B8. control-normalized-contribution.txt;10034direct+12callersegments/320cycles.
LFFEEE-stock.bin	function	597b6	Control_FilterContributionHistory	8120 finiteRTZ blend from684C andold8120 usingDA774=.85;nearinput snaps. Physicalunits/taskcadenceopen.
LFFEEE-stock.bin	function	597e2	Control_UpdateContributionHysteresis	812A clearsbelow69,setsabove75;equalboundsandintervalholdrawoldbyte.20boundarycases.
LFFEEE-stock.bin	function	5980e	Control_UpdateContributionCountdown	812Aexact1 andprevious8134zero reload8128=120;else decrementtozero. Publish8134=raw812A.80cases.
LFFEEE-stock.bin	function	598b4	Control_ProduceFirstNormalizedTerm	811C=A36C4(8120) while8128nonzero,elsemax(old-.001,0).405cases;originallookup.
LFFEEE-stock.bin	function	598ea	Control_UpdateSecondContributionGate	812B clears6818<0,sets6818>=A36E8(8120),otherwisehold.1080cases.
LFFEEE-stock.bin	function	59924	Control_ProduceSecondNormalizedTerm	8130 mode7012exact1 A36D0 elseA36DC. Rising812Bexact1 from8135zero captures8124/reloads8129stock0;otherwisecountdownthendecay1or.00075. Publishraw8135.
LFFEEE-stock.bin	f32	ffff8118	Control_NormalizedContribution	59720retainedoutput;consumedby51286sumand58F60baseline. Originalsevenbodygroup+320serial/36pairedCANupdates executed; noDSCattribution.
LFFEEE-stock.bin	f32	ffff811c	Control_FirstNormalizedTerm	598B4 timedcurve/decay output into59720max.
LFFEEE-stock.bin	f32	ffff8120	Control_FilteredContributionInput	597B6 filtered684C input; physicalsourceunresolved.
LFFEEE-stock.bin	f32	ffff8124	Control_SecondNormalizedTerm	59924 edgecapturedmodecurvewithtimer/decay; usedby59720max.
LFFEEE-stock.bin	u8	ffff8128	Control_FirstContributionCountdown	Reload120by5980E on812Aexact1/previous0,elsedecrements.
LFFEEE-stock.bin	u8	ffff8129	Control_SecondContributionCountdown	59924reloadstock0onedge; decrementsbeforedecaytest.
LFFEEE-stock.bin	u8	ffff812a	Control_FirstContributionHysteresis	597E2 thresholds69/75;rawhistorypreservedatboundaries.
LFFEEE-stock.bin	u8	ffff812b	Control_SecondContributionGate	598EA compares6818 with0andmappedthreshold; notphysicalroleclaim.
LFFEEE-stock.bin	f32	ffff812c	Control_NormalizedMappedTerm	A36AC/A36B8 mapped6CC8,refreshed evenwhen8118holds.
LFFEEE-stock.bin	f32	ffff8130	Control_SecondContributionTarget	59924mapped8120by7012exact1; alwaysrefreshed.
LFFEEE-stock.bin	u8	ffff8134	Control_PreviousFirstContributionGate	5980E publishesraw812A forreloadedge.
LFFEEE-stock.bin	u8	ffff8135	Control_PreviousSecondContributionGate	59924 publishesraw812B forcaptureedge.
LFFEEE-stock.bin	function	3127e	Control_ProduceBoundedInputError	6964=R(6CB4+DB1D4);6800=clamp(R(67FC-6964),-2.5,2.5). Executed control-normalized-inputs.txt; physical loop identity open.
LFFEEE-stock.bin	function	312aa	Control_ProduceBoundedErrorDifference	6804=clamp(R(6800-old6970),-2.5,2.5), then6970=6800. Original retained difference executed.
LFFEEE-stock.bin	function	3153a	Control_ProduceScaledErrorTerm	Protected6818 from6800 times selected gain, clamp -125 to selected upper. Raw gate branches independently checked; stock gain12.5.
LFFEEE-stock.bin	function	31598	Control_AccumulateScaledErrorTerm	Add selected/clamped scaled6800 increment to6820; clamp0..6814. Stock gain .78125; limit producer remains open.
LFFEEE-stock.bin	function	31606	Control_ProduceScaledDifferenceTerm	6824 from6804 times selected gain, clamped. Stock gains zero; finite stock cases only. Physical loop identity open.
LFFEEE-stock.bin	function	312d4	Control_SumBoundedInputTerms	Any nonzero protected7002 clears6808; else ordered RTZ sum6818+6820+6824 clamped0..680C. Cancellation and raw flags tested.
LFFEEE-stock.bin	function	399b0	Control_PublishNormalizedMapInput	Copy6808 bits to protected6CC8 via15522. Checksums/SR preservation verified. Caller1693E/199BC and task cadence remain static leads.
LFFEEE-stock.bin	f32	ffff6800	Control_BoundedInputError	3127E output, clamp -2.5..2.5; physical units unproved.
LFFEEE-stock.bin	f32	ffff6804	Control_BoundedErrorDifference	312AA retained difference of6800 with old6970.
LFFEEE-stock.bin	f32	ffff6808	Control_BoundedInputTermSum	312D4 output;399B0 publishes into6CC8. control-normalized-inputs.txt.
LFFEEE-stock.bin	f32	ffff680c	Control_InputTermSumLimit	31318 output: priority zero, curve, slew or mode target. Executed control-input-limits.txt; stock target factor uses6DB4,50 divisor and.1 floor.
LFFEEE-stock.bin	f32	ffff6814	Control_AccumulatedErrorLimit	314F8 output:6938exact1 enables A38DC(67DC), any67C4 caps65; otherwisezero. Executed control-input-limits.txt.
LFFEEE-stock.bin	f32	ffff6818	Control_ScaledErrorTerm	Protected3153A output; consumed by312D4 and598EA. 6266 direct checks and320 fixture cycles across upstream group.
LFFEEE-stock.bin	f32	ffff6820	Control_AccumulatedErrorTerm	31598 retained accumulator; bounded0..6814.
LFFEEE-stock.bin	f32	ffff6824	Control_ScaledDifferenceTerm	31606 finite stock output zero because selected gains are zero.
LFFEEE-stock.bin	f32	ffff6964	Control_OffsetInputTarget	3127E writes6CB4+stockDB1D4 approximately .11 with finite RTZ.
LFFEEE-stock.bin	f32	ffff6970	Control_PreviousBoundedError	312AA captures6800 after computing difference.
LFFEEE-stock.bin	f32	ffff6cc8	Control_PublishedNormalizedMapInput	Protected copy of6808 via399B0; feeds59720 map. No source unit/DSC identity claim.
LFFEEE-stock.bin	function	314f8	Control_ProduceAccumulatedErrorLimit	6814 map A38DC(67DC) if6938exact1, elsezero; any67C4 caps65.540cases. control-input-limits.txt.
LFFEEE-stock.bin	function	3140c	Control_ProduceInputLimitFactor	6810=clamp((6DB4-500)/300,1,1) in stock finite cases; alwaysone.32cases, stock constants only.
LFFEEE-stock.bin	function	31318	Control_ProduceInputTermSumLimit	680C priority: zero if693Dzero and6910positive; elsemode7016zero/timerpositive curve; else scaled target, .08 rising slew for modezero,7010exact1 override for nonzero mode.2022cases/24callersegments/320cycles.
LFFEEE-stock.bin	f32	ffff6810	Control_InputLimitFactor	3140C stock finite output one;31318 usesas upper/overridefactor. No physicalunitclaim.
LFG1TF000.bin	function	45ba0	Selection_ProduceOverlayHistoryAxis	Five-word9BE0 history shift/filter via10FAC; nonnegative lag difference saturated32767 into9B66. Reset history/current unless92C5bit2 andfilter>=signed80EA.1125direct+4endpoints+11retained; tcu-overlay-lifecycle.txt.
LFG1TF000.bin	function	10fac	Filter_UpdateSignedWordTowardInput	Signed16 input delta*128/divisor with original10D0C saturation; divisor signed minimum128; nonzero delta enforces +/-1 minimumstep. Stock45BA0 divisor512.392 helper cases.
LFG1TF000.bin	u8	ffff815d	Selection_ReleaseOverlayTimer	1106A range writer increments saturatingFF on old primary phases1/5/9/13.45AA4 firstrelease resets; threshold122 observed only when overlay serviced.27 coupled traces.
LFG1TF000.bin	label	ffff9be0	Selection_OverlayInputHistory	Five signed words9BE0..9BE8.45BA0 shifts thenfilters; newlag comparison uses old9BE6 shiftedinto9BE8, notold9BE8. Upstream scheduling unproved.
LFG1TF000.bin	function	44e14	Selection_AdjustThresholdFromStoredOffset	Upper0..4: alternate-axis curve plus signed616A indexed offset clamped0..32767 into9B42;809C>=23040 replaces,elseminimum. Lower5..9: cachedupper minusbyte*64,signedwordfloorzero,minimum. Production slots0/1/2/5/6/7; tcu-optional-thresholds.txt.
LFG1TF000.bin	function	44f5a	Selection_ApplyModeThresholdFloor	Slots2..4 max incoming withmode-selectedbyte*64 andbytecurve/4 floor. Allstockfloorconstants/maps zero;588directcases preserve input. Mode captured92D1bit3 andcurrent9AE9bit0.
LFG1TF000.bin	function	24584	StoredWord_ReadSignedAdjustment	Signed word616A+2*u16(index),readRTS delay slot.140paired setter/getter cases plus49FE0 producer traces. Stock initialization and threshold consumers executed; physical persistence unproved. tcu-stored-adjustments.txt.
LFG1TF000.bin	label	ffff9b42	Selection_CachedAdjustedUpperThresholds	Fiveword cache written44E14upperslots beforelowerslotsconsume. Stock gap512forslots5/6/7. Admission/kindgates canleaveoldcache.
LFG1TF000.bin	label	ffff616a	StoredWord_AdjustmentArray	15word array initialized137B4 via15pointers toAD4E(stockstartup0).24562/2456E setters;2457A/24584 signed getters.49FE0 updates6/7/8;36D1A/36E90 updates0/1/2 withmarked-group spreading;36A74/36A0A consumers verified. NoEEPROM identity claim.
LFG1TF000.bin	function	137ac	StoredWord_InitializeDispatch	Original table5C284+40 dispatch to137B4 executed;5source-pattern cases and stock startup coupled traces. tcu-stored-adjustments.txt.
LFG1TF000.bin	function	137b4	StoredWord_InitializeArray	Copy15words from pointers5D1C4 into616A..6186; stock allAD4E, initialized0 by15D04. Sentinels confirm bounds; persistence/boot scheduling unproved.
LFG1TF000.bin	function	24562	StoredWord_WriteIndexedValue	Write low16R5 at616A+2*u16R4, return0.140pairedaccessorcases;3686E index3 separate from thresholdindices6/7/8.
LFG1TF000.bin	function	2456e	StoredWord_WriteAdjustment	Write low16R5 at616A+2*u16R4,return0.49FE0 producer usesindices6/7/8;13,098wholeproducercases and18retained traces pass.
LFG1TF000.bin	function	2457a	StoredWord_ReadSignedValue	Signedword616A+2*u16R4, readRTSdelayslot.140pairedaccessorcases including indextruncation; tcu-stored-adjustments.txt.
LFG1TF000.bin	function	49fe0	StoredAdjustment_UpdateFromCapturedInputs	Group0..2 from9C9E otherwise0. Halfopen signed16(80EA-9CA0) admission; signed9C9C-centered error/division update, deadband,clamp[-512,192/256/320] ->storedindices6/7/8.13098cases,18retained,24consumerreplays. 49B08 caller now executed; scheduling unproved. See tcu-adjustment-lifecycle.txt.
LFG1TF000.bin	label	ffff9c9c	StoredAdjustment_CapturedMeasurement	49FE0 signed measurement, center15616/high16128. 49B50 captures80EE;49F66 retains signed maximum before abort/completion.49B08 caller executed; tcu-adjustment-lifecycle.txt.
LFG1TF000.bin	label	ffff9c9e	StoredAdjustment_CapturedCode	49FE0 unsigned0..2 directgroup otherwise0. 49B42 captures8089 after49E10 admission;49B08 lifecycle executed.
LFG1TF000.bin	label	ffff9ca0	StoredAdjustment_CapturedReference	49FE0 subtracts from80EA then signedword admission. 49B48 captures80EA in original49B08 lifecycle; update on admitted completion verified.
LFFEEE-stock.bin	function	30c04	ControlInput_ScaleLimitAxis	67DC=RTZ(6DB4*DB144), stock2.4200000763.12direct plus72original14callsegments/320retainedcycles. control-input-gates.txt; physicalunits unproved.
LFFEEE-stock.bin	function	30860	ControlInput_ProduceUpperLimitGate	6939 requires67D0>=10 and6929zero. Permission(7346exact1 and65D0zero) ORstockDB0B8=1; stock bypasses first check.320rawflag/boundarycases.
LFFEEE-stock.bin	function	307ec	ControlInput_UpdateScaleHysteresis	6938clear when67DC<RTZ(DB180-DB184),set when>=DB180,else retainrawbyte. Upper equality sets;36cases. DB180~859.37,DB184~58.59.314F8 requires exact1.
LFFEEE-stock.bin	function	30ba4	ControlInput_UpdateMappedHysteresis	693Dclear below mapA37E0(6D20)-mapA37EC;set strictlyabove firstmap whenDB0B9exact1(stock1),else retainrawbyte.2196cases. Upper equality retains, unlike307EC.
LFFEEE-stock.bin	function	3174c	ControlInput_NormalizeLimitRatio	682C clamp0..1 of(6DB4-mapA37E0)/(7020-mapA37E0), finiteRTZ. Hold old whenabsolute denominator<=~1e-5.4575cases andcaller/retained coupling. Units unproved.
LFFEEE-stock.bin	function	3181c	ControlInput_UpdateLimitCountdown	7016exact1 clears6910;else73C4bit7 reloads wordcurveA37D4(6D20),else saturatingdecrement.3904direct and802retainedcalls; stockaxis80reload800. Earliercaller18770; nohardwareperiod claim.
LFFEEE-stock.bin	label	ffff67dc	ControlInput_ScaledLimitAxis	Original30C04 scaling6DB4 byDB144.307EC hysteresis and314F8 mappedlimit consume it. Physical identity remains open.
LFFEEE-stock.bin	label	ffff6938	ControlInput_ScaleHysteresisGate	307EC retainedrawbyte hysteresis;314F8 enables onlyexact1. Executedstock model incontrol-input-gates.txt.
LFFEEE-stock.bin	label	ffff6939	ControlInput_UpperLimitGate	30860 Boolean gate selects calibrated term upper limits. Stockpermission bypassDB0B8=1; tested14callsegment includes producerbeforetermconsumers.
LFFEEE-stock.bin	label	ffff693d	ControlInput_MappedHysteresisGate	30BA4 map-selected hysteresis;31318 zero-branch usesexactzero pluspositive6910. Oldnoncanonicalbytes retainedinsideband.
LFFEEE-stock.bin	label	ffff682c	ControlInput_NormalizedLimitRatio	3174C ratio orhold;31318 usesA37F8(682C) for activecounter/modezero.Producedin320cycle replay.
LFFEEE-stock.bin	label	ffff6910	ControlInput_LimitCountdown	3181C clears/reloads/decrements;31318 consumespositivecounter. Stockaxis80reload800;800decrementcalls expire. Cross-task cadence unproved.
LFFEEE-stock.bin	function	318e4	ControlSecondary_SelectTarget	683C fromspecialflagcap*DB1FC(stock0),zero gate,near6808/6814cap3.75 ormapA3A10(67DC,6808).755directcases; rawflags/equalities preserved. control-secondary-path.txt.
LFFEEE-stock.bin	function	31964	ControlSecondary_FilterTarget	Original2508 filters683C into6840; stockretention~.84, finiteRTZ/nofusedFMAC, near-targetsnap.36directcases plus320retainedcycles.
LFFEEE-stock.bin	function	31986	ControlSecondary_ExtrapolateHistory	6844 clamp0..3.75 of(6840-DB1AC*old6974)/(1-DB1AC);6974=entry6840. StockDB1AC~.95911;36cases. Nonstockzero-divisor branch untested.
LFFEEE-stock.bin	function	307c0	ControlSecondary_ProduceGate	6937=(67D4>=DB170 OR67D0>=DB174). Stock~18.4711/15.9375.9exact-neighborboundarycases; caller/model order verified.
LFFEEE-stock.bin	function	31a4c	ControlSecondary_ScaleExtrapolation	Nominal400..500inputratio, stocklower/upperboth1 =>6848=6844.28finitecases andcaller/retainedcoverage. Nonstock calibration nottested.
LFFEEE-stock.bin	function	31a9c	ControlSecondary_MapAndPublish	69A0zero unlessabs6808>.48828125,6937!=1,695Bbit1clear; elsemapA38E8/A38F4 clamp/min.8B960 may substitute evenafterzeroing;15522->protected684C.3409cases,72six/72twentycallreplays,320cycles.
LFFEEE-stock.bin	function	8b960	ControlSecondary_ApplyDescriptorOverride	966Cbit6clear clears960E. Mode0 encodes963C andreturns originalinput;5/7 decode963C*.0030517578125;othernonzero passthrough.1408cases. Operationaldiagnosticmeaning/access unproved.
LFFEEE-stock.bin	label	ffff683c	ControlSecondary_Target	318E4selection feeds31964; stockcap3.75. Executed incontrol-secondary-path.txt.
LFFEEE-stock.bin	label	ffff6840	ControlSecondary_FilteredTarget	31964retained filter;31986reads beforeupdating6974history.
LFFEEE-stock.bin	label	ffff6974	ControlSecondary_PreviousFilteredTarget	31986capturesentry6840 after extrapolation. Retained320cyclemodelverified.
LFFEEE-stock.bin	label	ffff6844	ControlSecondary_ExtrapolatedTarget	31986clamped extrapolation;31A4C stockfactor1 propagates6848.
LFFEEE-stock.bin	label	ffff6848	ControlSecondary_ScaledTarget	31A4C output;31A9C mapA38E8 input. All20localcallsteps verified.
LFFEEE-stock.bin	label	ffff6937	ControlSecondary_Gate	307C0 Booleanproducer;31A9C exact1 inhibits69A0, not necessarily overridden684C.
LFFEEE-stock.bin	label	ffff69a0	ControlSecondary_MappedCandidate	31A9C candidate before8B960 descriptor substitution. Zero candidate doesnotprovezero final684C.
LFFEEE-stock.bin	label	ffff684c	ControlSecondary_ProtectedPublishedValue	31A9C/8B960/15522 production verified;597B6consumes. Modes5/7 canpublish nonzero when69A0zero; protectedchecksum checked.
LFFEEE-stock.bin	label	ffff960e	ControlSecondary_SubstitutionMode	DescriptorAD48C+12 points here.8B960 clears when966Cbit6clear;0encode,5/7decode,otherpassthrough. Modeproducer/authorizationunproved.
LFFEEE-stock.bin	label	ffff963c	ControlSecondary_EncodedValue	Bigendianword encodedby8B960mode0; decodedreplacement inmodes5/7. Stockscale25/8192; operationaldiagnosticidentityunproved.
LFFEEE-stock.bin	function	30fb6	ControlUpstream_SelectRampTarget	6081 direct cases across this body and8BB20; eight target branches with retention, protected2160 fallback, capped or uncapped ramp.54 original caller checks,32 retained calls,320 paired cycles. See control-upstream-target.txt; cross-task cadence unproved.
LFFEEE-stock.bin	function	8bb20	ControlUpstream_ApplyDescriptorOverride	DescriptorAD4BC mask60 at966C; clears9611 when neither bit set. Mode0 encodes9642 at scale1/2048 but returns input;5/7 decode; other modes passthrough.2112 direct cases. Operational access unproved.
LFFEEE-stock.bin	label	ffff67fc	ControlUpstream_ProducedTarget	30FB6 ramp then8BB20 substitution;3127E consumes. Retained32call and320cycle consequences verified; physical identity unproved.
LFFEEE-stock.bin	label	ffff67f0	ControlUpstream_SelectedTarget	30FB6 prioritized flags choose base plus mapped offset, or retain old target when no branch matches.
LFFEEE-stock.bin	label	ffff6904	ControlUpstream_CappedTarget	min67F0 andDB21C(stock~14.3);9376 exact1 selects this for ramp.
LFFEEE-stock.bin	label	ffff69a4	ControlUpstream_RampCandidate	30FB6 before8BB20; override can change final67FC and next-call ramp history.
LFFEEE-stock.bin	label	ffff9611	ControlUpstream_SubstitutionMode	8BB20 descriptorAD4BC mode;0encode,5/7substitute,otherpassthrough. Cleared when966C&60 iszero. Producer/access unknown.
LFFEEE-stock.bin	label	ffff9642	ControlUpstream_EncodedValue	BEword encoded by8BB20mode0; decoded at1/2048 for5/7. Execution verified, no physical units claim.
LFG1TF000.bin	function	49b08	StoredAdjustment_RunLifecycle	8988 direct/13 retained/8 corrected consumerreplays; consumerconfigure movedbefore offsetproduction.12 originalqueue traces nowcomplete on producedphase1. Accepteddecrease cancapture beforetailtimerreset. See tcu-adjustment-queue.txt; cadence/physicalidentity unproved.
LFG1TF000.bin	function	49be8	StoredAdjustment_UpdateEventHistory	Refresh9CA4 bits4/5/6 only when8084 rises vs9CA3; track9BFCbit0,9C00bit0 and composite9ACD/9C00.4096 cases.
LFG1TF000.bin	function	49d00	StoredAdjustment_UpdateTransitionHistory	Retained9CA4bit7 set onpendingqueue/proposed!=accepted; clear when proposed=accepted=previousaccepted.162 cases.
LFG1TF000.bin	function	49d66	StoredAdjustment_AdmitLifecycle	8080codes4/5/6; signed809C>=23040,80F2>=32000; class/flag exclusions.1550 cases including signed boundaries.
LFG1TF000.bin	function	49e10	StoredAdjustment_AdmitCapture	Newpendingqueue,group0..2,eventmaskclear,proposed=accepted,transitionbitclear,81EB>=122,9B3D0/1.1080 cases. Pending observedtooearly needsfresh edgeaftertimerqualification; retained originaltimer proof in tcu-adjustment-timers.txt.
LFG1TF000.bin	function	49ee0	StoredAdjustment_ShouldAbort	Accepted change or previouspending/currentnotpending plus group timer>=stock183.720 cases; retained timer runs show disappearance below183 loses pendinghistory, laterthreshold alone doesnotabort. Actual cadence/reachability unproved.
LFG1TF000.bin	function	49f66	StoredAdjustment_RetainSignedPeak	9C9C=max_signed16(old,current80EE), executed before abort/completion.36 edges and retained traces.
LFG1TF000.bin	function	49f7a	StoredAdjustment_DetectCompletion	Queuephase exact1 after oldsignedphase<=0, or92D1bit0 rising vs9CA4bit0; storescurrentphase9C9A.144 cases. Completion doesnotguarantee49FE0 write.
LFG1TF000.bin	label	ffff9c98	StoredAdjustment_LifecycleState	0idle/capture,1peak/abort/complete; admissionloss resets0; otherrawbytesretain while admitted.
LFG1TF000.bin	label	ffff9c99	StoredAdjustment_PreviousAccepted	49B08 tail capturesentry8081; decrease clears81EB;49EE0 compares forabort.
LFG1TF000.bin	label	ffff9c9a	StoredAdjustment_PreviousQueuePhase	Capture and49F7A update; exactcurrent1 plus oldsigned<=0 can complete.
LFG1TF000.bin	label	ffff9ca2	StoredAdjustment_PreviousPending	49B08 tail31720 result; used for capture rising observation and abort pending disappearance.
LFG1TF000.bin	label	ffff9ca3	StoredAdjustment_PreviousProposal	49BE8 captures8084; increase controls whether event bits4/5/6refresh.
LFG1TF000.bin	label	ffff9ca4	StoredAdjustment_EventAndTransitionHistory	Bit0previous92D1bit0;1..3samplehistory;4..6conditionaledges;7transitionhistory. All original writers modeled in49B08.
LFG1TF000.bin	function	310f8	AdjustmentTimers_ResetByTransitionCode	95D0zero no-op; nonzero table5D446[u16code] chooses counterreset then95D0=2. Code1 extra822E/8160;code2 extra8161.144cases knowncodes0..10/u16truncation; tcu-adjustment-timers.txt.
LFG1TF000.bin	label	ffff81eb	StoredAdjustment_CaptureQualificationTimer	110B4 saturatingbyte increments at primaryphases3/11;49B08 accepteddecrease resets.49E10 requires>=122 plusfresh pendingobservation. Cadence andphysicaltime unproved.
LFG1TF000.bin	label	ffff822c	StoredAdjustment_Group0AbortTimer	110B4 saturatingbyte;310F8 tablegroup1 resets.49EE0 consumes>=183 onpreviouspending/currentnotpending;thresholdwithoutedge insufficient.
LFG1TF000.bin	label	ffff822d	StoredAdjustment_Group1AbortTimer	110B4 saturatingbyte;310F8 tablegroup2 resets. Code1 extra822E/8160.49EE0 abortedge thresholdstock183.
LFG1TF000.bin	label	ffff822f	StoredAdjustment_Group2AbortTimer	110B4 saturatingbyte;310F8 tablegroup3 resets. Code2 also8161.49EE0 usesforcapturedcodesotherthan0/1;183 edgequalification.
LFG1TF000.bin	function	310f0	AdjustmentTimers_InitializeCallbackState	Original initializer sets95D0=1; executesamong62fixtureinitializers. Event1 resetcallback310F8 changesnonzero to2; retirement31168 restores1.144creation/resetcases,12coupledtraces.
LFG1TF000.bin	label	ffff95d0	AdjustmentTimers_CallbackState	0disables310F8reset; alltestednonzero states1/2/255 admitreset andbecome2.2isnotone-shotdisarm.310F0initializes1;31168retirementrestoresnonzero to1.
LFFEEE-stock.bin	function	30dba	TargetAdjustment_PublishInhibit	Writes6954=(6561exact1 OR65AAexact1); otherrawbytesfalse.36directcases; control-target-adjustment.txt.
LFFEEE-stock.bin	function	30de2	TargetAdjustment_Update	Always protected2160/A3900->67F8; prioritizedclear/map/retain/increment67F4. Nonzero6940 integrates0.1*error at inclusive abs>=1, no clamp.Conditionalgate3786direct/36caller/40retained/320pairedcycles. Original31E56 stockDB0C0=0 disablesincrement. See control-target-adjustment.txt.
LFFEEE-stock.bin	function	33bac	TargetRamp_PublishSteps	67CCexact1 OR7247exact1 chooses stock0.03 up/down; else0.2.6956exact1 selectsDB230 vsDB228 (equalstockvalues); actualbranchPCobserved.154B0rawbyte getter,not protected.
LFFEEE-stock.bin	label	ffff67f4	TargetAdjustment_Retained	30DE2 clear/map/increment/hold;30FB6 adds tobase on6943exact1/6944exact1/695Bbit3. No fixture aftersetup in320pairedcycles; rawinputs/scheduling explicit.
LFFEEE-stock.bin	label	ffff67f8	TargetAdjustment_MappedReference	30DE2 always mapA3900(protected2160fallback95); compared toentry67C8 fordeadband/increment. Exactmaporaclesverified.
LFFEEE-stock.bin	label	ffff6908	TargetRamp_RiseStep	33BAC publishesDB224=0.03 if67CC/7247exact1 elseDB220=0.2 (binary32);30FB6 upwardramp. No physicalperiod proven.
LFFEEE-stock.bin	label	ffff690c	TargetRamp_FallStep	33BAC publishesDB22C=0.03 forspecialmode elseDB230 if6956exact1 orDB228, bothstock0.2;30FB6 downwardramp.
LFFEEE-stock.bin	label	ffff6954	TargetAdjustment_Inhibit	30DBA exact1 ORof6561/65AA.30DE2 exact1 clears67F4; otherwise othergatesapply. Originalfour-call1B55E..1B576verified.
LFFEEE-stock.bin	label	ffff6956	TargetRamp_FallSelector	30202 storesvalue/complement pair00FF if73C4bit4clear,01FE onoldmodebit4/old69AD1/current6560zero;elseholds.33BACexact1rate and31662nonzerofilter consumersverified. control-mode-feedback.txt.
LFFEEE-stock.bin	function	31e56	TargetAdjustment_PublishActiveGate	Writes6940=(6943exact1 OR6944exact1 OR695Bbit3) AND raw7346exact1 AND DB0C0exact1. StockDB0C0=0 forceszero;256directcases and36five-call slices pass. Doesnotproduce67E4.
LFFEEE-stock.bin	label	ffff6940	TargetAdjustment_IncrementGate	31E56 clearsgatewithstockDB0C0=0.30DE2 nonzero choosesincrement/deadband; priorconditionalreplaysfixturethisgate. Stockfive-callsegmentverifiesclear.
LFFEEE-stock.bin	function	31c36	TargetFollow_UpdateFirstLatch	692A reload20/decrement;693Eclear/set/retain. StockDB0BF0 clearonreloadcondition, timerexpirydoesnotclearlatch.3664direct/54eight-call/130retained/320pairedcycles; control-target-followers.txt.
LFFEEE-stock.bin	function	31662	TargetFollow_FilterContribution	Original2508 filters prior6808->6828;6956zero retention.94531 vsANYnonzero.99;eps125/65536. ExactRTZ140directcases; consumespriorcontributioninthe1Bcallerregion.
LFFEEE-stock.bin	function	31d8c	TargetFollow_UpdateSecondLatch	692B reload100on695Bbit4 elsedecrement.693F clearsat6828>=.9*6814 ANDtimer0;setsat6828<=upper-5 ANDprotected2160>=93;elseholds. Inclusivebounds andexpiredholdverified.
LFFEEE-stock.bin	label	ffff692a	TargetFollow_FirstCountdown	31C36 reloadDB0C3=20 if73C4bit4clear orpermissive;elsedecrementspositivebyte. Updatedcountergates693Eset;expirydoesnotclear. Callsnotmilliseconds.
LFFEEE-stock.bin	label	ffff693e	TargetFollow_FirstRetainedFlag	31C36 clear/set/retain. Setrequirespositiveupdated692A,protected2160<=97,695Bbit3and734A/717Cadmission. Rawpreviousbyteshold;downstreamnaturalfeedbackopen.
LFFEEE-stock.bin	label	ffff692b	TargetFollow_SecondCountdown	31D8C reloadDB0C4=100on695Bbit4else decrementspositivebyte. Zeroallows693Fclearonlywhen6828>=upper. Callsnotmilliseconds.
LFFEEE-stock.bin	label	ffff693f	TargetFollow_SecondRetainedFlag	31D8C thresholdretention around.9*6814 andlower5;protected2160>=93setgate. Counterexpirycanretain1untilupperclearcondition.
LFFEEE-stock.bin	label	ffff6828	TargetFollow_FilteredContribution	31662 filteredprior6808, retentionselectedbyraw6956zero/nonzero.31D8C consumesagainstscaled6814. Originaleight-callsegment andexplicitcross-task320cyclesverified.
LFFEEE-stock.bin	function	30ce4	TargetInput_Produce	Any8F30 forces68FC/67E4=66.25, retaining695C/6960/67E0. ElsemapA3804/33C02/33C2A then6D40+67E0+6960;stockDB0C1=0 directcopy.1275direct/36caller/80retained/320pairedcycles; control-target-source.txt.
LFFEEE-stock.bin	function	33c02	TargetInput_ExtraCorrection	6960=RTZ(max(0,RTZ(raw6D20-86.1))*0.56), exactstockbinary32.154BCrawgetter; thresholdneighbors andcoupledretainedbehaviorverified.
LFFEEE-stock.bin	function	33c2a	TargetInput_FilterCorrection	Original2508 filters695C towardold67E0 withDB148~.9951 retention, eps.0048828125;207C clamps7..16. Runsinside30CE4 onlywhen8F30zero.
LFFEEE-stock.bin	label	ffff67e0	TargetInput_RetainedCorrection	33C2A producesclamped7..16filtered695C.30CE4nonzero8F30 fallbackholdsthisvalue;recoveryresumesfromoldhistory,not66.25output.
LFFEEE-stock.bin	label	ffff67e4	TargetInput_Produced	30CE4 stockcopy68FC or8F30nonzero fallback66.25. No67E4fixtureaftersetup in320pairedcycles; producer16A72/1C9B6andtarget1Bregioncross-taskorderexplicit.
LFFEEE-stock.bin	label	ffff68fc	TargetInput_Combined	30CE4 RTZ(RTZ(raw6D40+new67E0)+new6960),orfallback66.25. StockDB0C1=0 disablesoptional finalfilter into67E4; inactivebranchnotclaimedexecuted.
LFFEEE-stock.bin	label	ffff695c	TargetInput_MappedCorrection	30CE4 mapA3804(raw6D5C);33C2Afilters/clamps. Mappingrunsbefore33C02/33C2A. Retainedwhile8F30nonzero.
LFFEEE-stock.bin	label	ffff6960	TargetInput_ExtraTerm	33C02 thresholdcorrectionraw6D20;30CE4 sumswith6D40/67E0; retainsduring8F30nonzerofallback.
LFFEEE-stock.bin	function	30202	ControlMode_SelectWithFeedback	Priorityone-bit695B=80/40/20/10/08/04/02/01hex. Reads693E/F andpositive6914/16;entrymode/69AD/current6560 controlssticky6956pair.10918direct/108caller/450retained/320pairedcycles; control-mode-feedback.txt.
LFFEEE-stock.bin	function	31be6	ControlMode_UpdateFirstCountdown	Entry695Bbit4clear reloadsu16(6914)=DB0D2stock38;setdecrementspositiveword. Original1C9B4 source->31BE6->31C0Esegmentverified. Callsnotmilliseconds.
LFFEEE-stock.bin	function	31c0e	ControlMode_UpdateSecondCountdown	Entry695Bbit3clear reloadsu16(6916)=DB0D4stock375;setdecrementspositiveword.30202 mode08admissionneeds>0; leavingmodemayreloadnextcall.
LFFEEE-stock.bin	label	ffff6914	ControlMode_FirstAdmissionCountdown	31BE6 reload38/decrementusingentrymodebit4;30202requirespositivewordforhex10. Fullmodefeedbackreplayexecutesproducer,notcounteroutputfixture.
LFFEEE-stock.bin	label	ffff6916	ControlMode_SecondAdmissionCountdown	31C0E reload375/decrementusingentrymodebit3;30202requirespositivewordforhex08. Expiry/re-entryverifiedin450retainedcalls.
LFFEEE-stock.bin	label	ffff695b	ControlMode_SelectedBit	30202orderedselectorwritesoneof80/40/20/10/08/04/02/01hex. Priorallflagsbodytestsconditional. Coupled320cyclesproduce01/08/10/20/40;cross-taskorderexplicit.
LFFEEE-stock.bin	label	ffff69ad	ControlMode_PreviousSourceByte	30202 entryreadsold69AD then30500storesentry6560. Oldexact1/currentzero plusentry695Bbit4 canwrite6956pair01FE; newmodecanalreadybe08.
LFG1TF000.bin	function	36d1a	ClassAdjustment_UpdateStored	36DBC class0..2;98DCoutsideinclusive[-701,-527] chooses+/-1,clampsselectedslot+/-80,36E90spreads,39F94tailrelaxesinput.4513direct/96caller/100retained/45scheduled in tcu-class-adjustments.txt. CONDITIONAL: stock369A4 admission is impossible; see tcu-class-admission.txt.
LFG1TF000.bin	function	36dbc	ClassAdjustment_Classify	SIGNED80EE arithmetic>>7;24..31->0,32..39->1,40..48->2,else127.1536boundarycases. Units/naturalproductionnotinferred.
LFG1TF000.bin	function	36dfe	ClassAdjustment_ReadStored	Knownclass0..2 table5D7F8=[0,1,2] ->24584signedword.Usedby36A74/36B26; exactstoredproduction/consumptionverified.
LFG1TF000.bin	function	36e16	ClassAdjustment_SetClamped	Signed32R4value,classR5;clampstock+/-80 then2456Eknownclass0..2. Markersunchanged.36B26uniformshift executesgetter/setterloop.
LFG1TF000.bin	function	36e90	ClassAdjustment_SpreadUnmarked	Entryflags6165/66/67 snapshot;marksselectedgroup1;zeroOTHERflags allowweightedtrunc(value*weight/128) lowwordstores. NO+/-80spreadclamp. Produced[103,91,80] verified. Nonzeroflagsinhibitotherwrites.
LFG1TF000.bin	function	36b26	ClassAdjustment_ShiftAll	SignedLOWWORDR4delta addedtoeachof3storedwords using36DFE/36E16; eachclamped+/-80; flagsunchanged.64directcases.
LFG1TF000.bin	function	36a74	ClassAdjustment_InterpolatedConsumer	Buildsbytemapaxes28/36/44,ys((stored+136)>>1)&255;10764atu16(2*80EE),decode>>7-136,clamp+/-80,*16.Quantization/spreadovershootconsumerverified.
LFG1TF000.bin	function	36a0a	ClassAdjustment_FixedConsumer	Stock77173=2 selectsword2,*16,signed16saturation via10DD2/10E80. Doesnotapply+/-80clamp. ExistingSHExtractneededat5B8AA;fullreturnverified.
LFG1TF000.bin	function	39f94	ClassAdjustment_RelaxUpdateInput	36D1Astockargs:98DCabove-527subtract24,below-701add24,thenclamp+/-30464. Original10C1C executes; entryinputusedforbothcomparisons. No generalnonstockargumentclaim.
LFG1TF000.bin	label	ffff6165	ClassAdjustment_Group0Marker	Statecacheindex109.36E90sets1whenclass0selected; nonzeroentryvaluepreventsOTHERclassspreadingintoword0. Doesnotmarkpropagatedtargets.
LFG1TF000.bin	label	ffff6166	ClassAdjustment_Group1Marker	Statecacheindex10A.36E90selectedclass1sets1; anynonzeroentryvalueprotectsword1fromotherspread. Startup/persistenceoutsidefixtureunproved.
LFG1TF000.bin	label	ffff6167	ClassAdjustment_Group2Marker	Statecacheindex10B.36E90selectedclass2sets1; nonzeroentryvalueprotectsword2fromotherspread. Producedmarkersfollowactualupdater.
LFG1TF000.bin	label	ffff98dc	ClassAdjustment_UpdateInput	36D1Asignedinputoutside[-701,-527]qualifiesstep;39F94stocktailmoves24towardband,clamps+/-30464. Naturalproducer/physicalmeaningopen.
LFG1TF000.bin	label	ffff985d	ClassAdjustment_CallerCount	369C4incrementsbyte;985Cexact2 plusUPDATEDcount15 calls36D1A thenreset0. Non2resets;other2countsretain/wrap.45slicesupdates15/30/45;notmilliseconds. Slices fixture state2 AFTER admission; fullstock369A4 never reaches updater due empty80F2 interval.
LFG1TF000.bin	function	36bda	ClassAdjustment_StockAdmission	Stock signed80F2 must be >=77142=12800 AND <77144=12800: impossible. Exhaustive65536 original calls return0 and clear821E. Getters execute; see tcu-class-admission.txt.
LFG1TF000.bin	function	369a4	ClassAdjustment_AdmittedCaller	Complete state admission precedes counter slice. Stock36BDA rejects; entry2 becomes1 or0, entry1 stays1 or0; no36D1A.480whole calls/120retained pass. Earlier369C4 slices fixture state2 and prove conditional behavior only.
LFG1TF000.bin	function	369ec	ClassAdjustment_StartAdmission	If985Czero, writes1 and clears821E. Original helper starts120call retained stock trace; admission never advances to2.
LFG1TF000.bin	function	36b52	ClassAdjustment_State1	Calls36CEC/36BDA/36CD8. Abort exact1 clears985C; otherwise admission+timer exact1 enters2. Stock36BDA always0, so cannot enter2. Executed through full369A4.
LFG1TF000.bin	function	36bac	ClassAdjustment_State2	Abort exact1 clears985C; otherwise failed36BDA returns state1. Stock equal calibration bounds ensure failure. Executes before periodic update counter.
LFG1TF000.bin	function	36cec	ClassAdjustment_ModeAbort	Original371EA getter reads9870; lowbyte modes2/3/4/6 return1, else0. Covered through480 full369A4 cases.
LFG1TF000.bin	function	36cd8	ClassAdjustment_TimerAdmission	Unsigned comparison of signed byte loads821E and7714C=61. Called by state1 even when36BDA rejected; rejected admission already clears821E. Standalone all-byte timer semantics not independently tested.
LFG1TF000.bin	label	ffff985c	ClassAdjustment_AdmissionState	369EC starts1.369A4 calls state1/2 admission BEFORE counting. Stock36BDA impossible bounds prevent transition1->2 and change2->1/0. Explicit2 in earlier slices is conditional fixture.
LFG1TF000.bin	function	36704	ClassAdjustment_ApplyToList	Complete original base3AC70, dynamic36A74, lower3676E and39C0A setter execute. Output=min15206,max(lower,s16(base)+dynamic+(s16(98DC)>>1)); lower stored9854.300full/100retained; base observed return not independent semantic model.
LFG1TF000.bin	function	3676e	ClassAdjustment_ApplicationLowerLimit	4019+sat_s16(slot2*16), clamp0..15232. Original36A0A/10C4C execute;17boundary cases. Upper application clamp15206 can win over this larger lower value.
LFG1TF000.bin	function	36800	ClassAdjustment_UniformStateMachine	State1 clears for modes2/3/4/5/6 elseholds; state2 stock36948rejects to0; explicitstate3 calls36B26(+11) thenclears.280fullcases. Otherstatesretain; no global reachability claim.
LFG1TF000.bin	function	36948	ClassAdjustment_UniformAdmission	Stock7713A=0 makes final unsigned cmp/hs at36984 reject every count985A.65536 original inputs reach comparison and return0. Earlier gates9889bit0,8080=6,8081>=4,s16(80EE)in[3712,5120).
LFG1TF000.bin	function	36838	ClassAdjustment_StartUniform	If9858zero writes1; otherwise holds. Executed in53helper/40retained checks.
LFG1TF000.bin	function	36848	ClassAdjustment_QualifyUniform	If9858nonzero,9889bit6 selects2 or0; zero stays0. Whole helpers and retained original sequences checked.
LFG1TF000.bin	function	3686e	ClassAdjustment_CountUniform	Nonzero9870 andu16(985A)<65535 increments985A and writes24562 cacheindex3/6170. Saturates65535. Originalgetter371EA executes.
LFG1TF000.bin	function	367f0	ClassAdjustment_LoadUniformCount	Original2457A cacheindex3 ->word985A. Executed alongside count helper; unrelated storedclasses0..2 remain unchanged.
LFG1TF000.bin	function	39be2	ClassApplication_InitPriorityList	DescriptorAE18 stock0304FFFF:3heads,4entries,sentinelFFFF. Original30454 initializes98B4 andselected98D4;98B2=FFFF. Tests use real init andallocation.
LFG1TF000.bin	function	39bf2	ClassApplication_AllocateEntry	Original304C6 allocator on98B4/AE18. Priorities1/2/3/2 yieldhandles4/5/6/7; links checked. Invocation priorities are fixtures, notactual36704 caller proof.
LFG1TF000.bin	function	39c0a	ClassApplication_SetEntry	Tail30518 storeslowwordR5 at98B4+4*u8(R4)+2. Whole36704 andindependent selectiontests useoriginalallocatedhandles4..7; no link/modewrite.
LFG1TF000.bin	function	39c90	ClassApplication_SelectAndPublish	Normal3054E priority/allocation scan ->98D4/98D6,98B2. Qualified92C8bit6 overrides0 or15232 preservingselection. Publishes9108 via1F292 or7FFF via1F29E;98ACbits0/4; tail39B56 executes.288cases/400tailchecks.
LFG1TF000.bin	function	39b56	ClassApplication_RetainBandState	s16(98B2)<102 ->98AE0; gated102..13132 ->1;9924bit0 and>=13133 ->2; otherwisehold.400 independent boundary/gate/oldwordcases andcomplete39C90 sideeffects checked.
LFG1TF000.bin	function	3ac70	ClassApplication_BaseProducer	Independent numeric model of both branches; signed16 divisor in ratio, curves/grids, constant-double conversions yield0. Complete application/selection/output chain; tcu-base-publication.txt. Rawunits/cadence open.
LFG1TF000.bin	label	ffff9858	ClassAdjustment_UniformState	36800/36838/36848. Stock36948 countthreshold0 blocksstate2->3, but explicitstate3 invokes+11 adjustment. No otherwriterexclusion.
LFG1TF000.bin	label	ffff985a	ClassAdjustment_UniformCount	3686E saturatingunsignedcount fromnonzero9870,storedcacheindex3.367F0 reloadsindex3. Finalunsignedcomparison againststock0 in36948 alwaysrejects.
LFG1TF000.bin	label	ffff98b4	ClassApplication_PriorityList	Threeheads plusfreehead3,allocatedentries4..7; descriptorAE18=0304FFFF.36704/39C0A producesentryword;39C90 selects andpublishes9108. Originalinit/allocation andlinks verified.
LFG1TF000.bin	label	ffff98b2	ClassApplication_SelectedValue	39C90 selectedoroverrideword;FFFF maps7FFF at9108.39B56 tailusesSIGNED value for retainedbandstate98AE. Physicalsignal identityopen.
LFG1TF000.bin	label	ffff98ae	ClassApplication_RetainedBandState	39B56 writes0below102, gated1in[102,13133), gated2above; otherwiseholdincludingnoncanonicaloldword.400cases.
LFG1TF000.bin	label	ffff9108	ClassApplication_PublishedRecord0	39C90 publishes value or7FFF.1F2AA keepsstockslot0, overwritesslot1 sentinel, clamps0..15232 andscales100/256 into8100/80AC/outputrecord. NoCAN/actuatoridentity.
LFFEEE-stock.bin	function	30b4a	ControlMode_PublishActiveMask	Writes693C=bool(695B&0x1E);256arbitrarymaskcases. Original seven-call1876E..18798 slice verified incontrol-mode-followers.txt.
LFFEEE-stock.bin	function	30512	ControlMode_ProduceBiasedInput	67D0=RTZ(6CB4+DB1D4 approximately0.11). Replaces raw67D0 fixture before downstream gates in320cycle replay. Physicalidentityopen.
LFFEEE-stock.bin	function	30522	ControlMode_ScaleByteInput	Original2098 zeroextends6CAC andscales byfloat30604=0.08320312201976776 ->67D4. All256byteschecked; highinputsetsdownstream6937. Upstreamrecordnotyetexecuted.
LFFEEE-stock.bin	function	3053a	ControlMode_InitRetainedMinimum	Bitcopy67D0->67D8. Originalcallerload16A76/call16A78 static; functionexecuted in10directcases andinitialization. Notfullstartup.
LFFEEE-stock.bin	function	30544	ControlMode_UpdateRetainedMinimum	Only70F0exact1 updates67D8=min(old,current67D0) through23F8; otherwiseholds.400finitecases andretaineddecrease/rise behavior.
LFFEEE-stock.bin	function	30702	ControlMode_PublishExpiry	6936=1 iff6927zero andraw9462zero.154B0 israwgetter, no checksum.1024cases; raw2 mayallowproducerdecrement butkeepsflag0.
LFFEEE-stock.bin	function	30764	ControlMode_ExpiryCounter	6927 decrements if67D4>16.973400115966797,67D0<10.9375,91E5!=1,raw9462!=1; else reload200.1600cases/240retained; separate19E12caller, nohardwareperiod.
LFFEEE-stock.bin	label	ffff693c	ControlMode_ActiveMaskFlag	30B4A writesboolean695B&0x1E; producedafter30202 inoriginalcaller/replay.
LFFEEE-stock.bin	label	ffff67d0	ControlMode_BiasedInput	30512 RTZ(6CB4+DB1D4); downstream30860 threshold andsecondarygates consumeit. Raw6CB4provenanceopen.
LFFEEE-stock.bin	label	ffff67d4	ControlMode_ScaledByteInput	30522 scalesu8(6CAC) by0.08320312201976776. Producedinput replaceszero fixture; consumer307C0/6937 verified.6CACupstreamstaticrecordlead.
LFFEEE-stock.bin	label	ffff67d8	ControlMode_RetainedMinimum	3053A initializes from67D0;30544 only70F0exact1 lowerstomin. Retainswheninputrises ornon1gate.
LFFEEE-stock.bin	label	ffff6927	ControlMode_ExpiryCountdown	30764 reload200 orpositivedecrement;30702 consumeszerostate withraw9462zero. Explicitcross-taskorder,notmilliseconds.
LFFEEE-stock.bin	label	ffff6936	ControlMode_ExpiredFlag	30702 zero timer AND raw9462zero ->1,else0.240calltrace expiry200/reload205; raw2 inhibitsflag whilecounterdecrements.
LFFEEE-stock.bin	function	3976c	Acquisition_DecodeAllInputs	Original32word RAM4008 bank ->17fields6C90..6CAE;6CAC=wordchannel8>>8.1224decoder checks incontrol-acquisition.txt includespartial39894. ADCsourcecopyexecuted;physicalunitsunassigned.
LFFEEE-stock.bin	function	39894	Acquisition_DecodePeriodicInputs	Updates6C94/96/CAC/CA0/CA2/CA4/CA6 frombank4008;otherfieldsretain. Fullbody executed, allbytes6C90..6CAF compared.
LFFEEE-stock.bin	function	6718	Acquisition_ScaleChannel1	400A through2534 withstockDC47C256 passeswordunchanged to40EC;40E8=RTZ(raw/65536*20).1024valid10bitcounts and42boundary/historycases. Boardunitsunknown.
LFFEEE-stock.bin	function	1df14	Acquisition_InitPublishedInput	Copies40E8float to6CB4/6CB8/6CB0. Originalbodyexecuted afterchannel1producer; notfullboot.
LFFEEE-stock.bin	function	1df28	Acquisition_CopyFilteredInput	Copies6CB8 to6CB0; independentofdirect6CB4. Executedafterperiodicproducerinretainedreplays.
LFFEEE-stock.bin	function	1df32	Acquisition_PublishAlternatingInput	Onlyoddentry6CBC copies40E8->6CB4 and2508filters6CB8 witholdweightabout0.98,epsilon.00030517578125. Alwaysbyteincrement/wrap.72cases/260retained/320cyclechecks.
LFFEEE-stock.bin	label	4b80	Acquisition_CopyADCResultsSlice	Executed4B80..4C94 copies32explicitwordADCregistersamples into4008+2*channel. Stopsbeforeepilogue; start/status/interruptnotemulated.1124vectors;F802->400A,F810->4018. Distinctfromperiodic4CE2 selectivecopy; surroundingpollingcode notprovenISR.
LFFEEE-stock.bin	label	6710	Acquisition_InitChannel1History	Copies400A to40EC thenfalls through6718. Originalinitializerexecuted; stockcoefficient256 makescurrentraw passthrough.
LFFEEE-stock.bin	label	ffff4008	Acquisition_ADCResultBank	32wordbank copied fromSH7058-compatibleADDR0..31. 4CE2 selectiveperiodiccopy verified separately incontrol-acquisition-schedule.txt; explicitresult/control fixtures, no analogcompletion/timing.6CAC useschannel8highbyte;6CB4 pathuseschannel1.
LFFEEE-stock.bin	label	ffff40e8	Acquisition_ScaledChannel1	6718 producesrawchannel1word/65536*20 RTZ. Nominal0..20 numeric scale; novoltage/sensorassignment.1DF14/32 publishdirectandfilteredbranches.
LFFEEE-stock.bin	label	ffff40ec	Acquisition_Channel1WordHistory	6710initializes/6718updates from400A using2534. StockDC47C256 removesoldwordcontribution.
LFFEEE-stock.bin	label	ffff6cac	Acquisition_Channel8HighByte	3976C/39894 originaldecode4018>>8. With10bitcount<<6,outputcount>>2.30522 scalesbyte; noCANoriginclaim.
LFFEEE-stock.bin	label	ffff6cb8	Acquisition_FilteredChannel1	1DF32 onlyoddphase filters40E8 withretentionabout.98;1DF28copies6CB0. Distinctfromdirect6CB4.
LFFEEE-stock.bin	label	ffff6cb0	Acquisition_FilteredInputCopy	1DF14initializesfrom40E8;1DF28copiesfiltered6CB8. Actualscheduling/unitsopen.
LFFEEE-stock.bin	label	ffff6cbc	Acquisition_AlternatingPhase	1DF32 alwaysincrementsbyte/wrap;oddENTRYphase refreshes6CB4/filter6CB8.260retainedcallsinclude255->0 twice; nofrequencyclaim.
LFG1TF000.bin	function	3af08	ClassBase_CopyRawAxes	Copiesmax(0,s16(92E4)) andraw92F6 into two worddestinations; executedwithinindependent3AC70 model.
LFG1TF000.bin	function	3aef6	ClassBase_ReadShiftedWord	Returns u16(92EE)>>7, usedagainststockbyte9 forcurvebank. No physicalunits.
LFG1TF000.bin	function	3aee0	ClassBase_ConstantZero	Originalsoftwareconversion ofdouble+0.5 returnsinteger0; doesnotroundtheargument. Executednested3AC70.
LFG1TF000.bin	function	1f2aa	ClassOutput_SelectClampPublish	Stock5CCE4={1,0} disables910A;9C58bit0forces0; lastnonsentinel9108 clamps0..15232 ->8100; times100>>8 ->80AC and53070index1. AllRAMindependentlyverified; tcu-base-publication.txt.
LFG1TF000.bin	function	53070	OutputRecord_PublishWord	Indexu8:wordA5F8+2i first8000, payloadA600+2i, finaltag0107. Complete1F2AA executesindex1; physicaloutput/concurrency unproved.
LFG1TF000.bin	label	ffff8100	ClassOutput_ClampedWord	1F2AA resultclamp0..15232 after9C58bit0 andstockslotmask; word, notphysicalunitidentity.
LFG1TF000.bin	label	ffff80ac	ClassOutput_ScaledWord	1F2AA publishes (clamped8100*100)>>8; mirroredA602 by53070index1.
LFG1TF000.bin	label	ffffa5fa	ClassOutput_Record1Tag	53070index1 publishes0107;530C8 consumeslowbyte thenretains0100. Busybit15 skipsparameteracceptance butstillrecomputesoutput. tcu-output-service.txt; nohardwareclaim.
LFG1TF000.bin	label	ffffa602	ClassOutput_Record1Payload	53070index1 payload from1F2AA100/256scale;530C8 clampssignedwordto0..5940 andpreparesA5DE,52EDCmaps/rate-limitsA5D6. Physicalidentityopen.
LFG1TF000.bin	function	52e54	OutputRecord_InitFourChannels	20allRAMcases; initialtags0107,payloadROM5FCB4, bounds5FCA4/5FCAC, driverwords200, accumulators/flagszero. DoesnotinitializeA5DC. tcu-output-service.txt.
LFG1TF000.bin	function	530c8	OutputRecord_ServiceChannel	9216cases/alllowbytes/ninehighmasks/fourchannels; acceptsnonbusyrecord, retainsbounds/offset, truncatesaccumulator/1000, signedwordclampsoutputA5DC. Busyrecordstillrecomputesoutput. tcu-output-service.txt.
LFG1TF000.bin	function	52edc	OutputDriver_PrepareChannel	1basedinput; feedbacksignsticky, stocklookup/manual/diagnostictarget, signedworddelta88limiter, unsigned200..1000clamp.809Ezero/A620testoverridewins.1056cases+40edges/160chains.18A44handoffopen.
LFG1TF000.bin	function	10700	Lookup_UniformWordStep	q/remainder fromunsignedwordinput/step; exactknot ornextFFFF returnscurrentword; otherwise signedtruncatedinterpolation.913validchannelrangechecks; notablelengthvalidation.
LFG1TF000.bin	label	ffffa5d4	OutputDriver_CurrentWords	Fourwords preparedby52EDC;normalunsignedclamp200..1000, testoverridecan100. Readby18A44; noactuator/unitassignment.
LFG1TF000.bin	label	ffffa5dc	OutputRecord_ComputedWords	Four530C8outputs; retainedbase+offset+truncaccumulator/1000 thenwordwrap/sortedboundclamp. Source52EDClookup.
LFG1TF000.bin	label	ffffa5e4	OutputDriver_PreviousWords	52EDCcopiesoldA5D4 beforeupdate; diagnosticA620overridewritesboth. Input18A44.
LFG1TF000.bin	label	ffffa5f0	OutputDriver_MappedWords	52EDCnormal10700lookup output, retainedwhenmanualA61Cnonzero; AD3Coverrideafterlookup doesnotpreventwrite.
LFG1TF000.bin	label	ffffa654	OutputRecord_Accumulators	Fourlongwords;530C8truncsigned/1000; acceptedrecordclearsunlessbit12. Writerprovenance/timebaseopen.
LFG1TF000.bin	label	ffffa61c	OutputDriver_ManualFlags	Nonzeroperchannel selectsA614manualword insteadnormaluniformlookup. AD3Coverridehaslaterpriority; operationaladmissionopen.
LFFEEE-stock.bin	function	4ce2	Acquisition_CopyAndScheduleBanks	Copies previous count selections, increments old-mode counters and byte phase; selects next12/8/0 or every16th12/12/8. Everyfourth16th sets4049=1 withbytewrap. Executes nested SR/configuration helpers with explicit register latches, not conversion/timing. See control-acquisition-schedule.txt.
LFFEEE-stock.bin	function	4e32	Acquisition_CopyBank0	Positive404F clears404D/E; recognized1/4/8/12 copies that many channels descending from bank0. Zero retains flags/data; otherpositive clearsflags only. Exhaustivecountbyte execution.
LFFEEE-stock.bin	function	4ee8	Acquisition_CopyBank1	Positive4052 clears4050/51; recognized1/4/8/12 copies channels12 onward descending. Zero retains flags/data; otherpositive clearsflags only. Exhaustivecountbyte execution.
LFFEEE-stock.bin	function	4f78	Acquisition_CopyBank2	Positive4055 clears4053/54; recognized1/4/8 copies channels24 onward descending. Zero retains flags/data; otherpositive clearsflags only. Exhaustivecountbyte execution.
LFFEEE-stock.bin	function	5018	Acquisition_ConfigureBank0	Recognized404F1/4/8/12 writesF818=10/13/23/33hex; F819 clearbit20 thenlow-nibble|20. Original22E4/22F4 execute; explicit control latches, no conversion model.
LFFEEE-stock.bin	function	50e2	Acquisition_ConfigureBank1	Likebank0 atF838/F839 using4052; addsconfigbit40 exactlywhen4049==1. Allcountbytes andflag0/1/2/255 tested. No hardwarecompletion or sensoridentity claim.
LFFEEE-stock.bin	function	527a	Acquisition_ConfigureBank2	Recognized4055=1/4/8 writesF858=18/1B/2Bhex; statusF859 low-nibble|20 afterclearbit20. OriginalSR helpers execute; no conversion/timing model.
LFFEEE-stock.bin	u8	ffff4048	Acquisition_ScanPhase	4CE2 incrementsbyte; nextphase divisible16 selects12/12/8 else12/8/0. Fullwrap verified. Call-based schedule, not elapsedtime.
LFFEEE-stock.bin	u8	ffff4049	Acquisition_ExtendedBankFlag	4CE2 resets everycall; sets1 when16th-phase slowcounter increment reaches>=4, thenresets404A.50E2 configbit40 onlywhenexact1.4DFE/5CF4 followup now executed; see control-acquisition-completion.txt.
LFFEEE-stock.bin	u8	ffff404a	Acquisition_SlowScanCounter	Incrementedonlywhen new4048 divisible16; bytewrap precedesunsigned>=4 comparison. Normal0..3 setsflag every64calls; initial255 wraps0 withoutflag.
LFFEEE-stock.bin	u8	ffff404c	Acquisition_PreviousScanMode	Old0/1/2 increments4004 /4004-5 /4004-6 respectively; otherbyte incrementsnone. Then4CE2 selectsnew0/1/2 byphase1/4/16; nottaskmilliseconds.
LFFEEE-stock.bin	u8	ffff404f	Acquisition_Bank0Count	Previouscount drives4E32;4CE2 nextselection always12. Channels1/8 includedafterfirstmanagerselection. Explicit result samples, no completioncontract proof.
LFFEEE-stock.bin	u8	ffff4052	Acquisition_Bank1Count	Previouscount drives4EE8;4CE2 selects12 every16th newphase, else8. Tailchannels20..23 retained between eligiblecopies.
LFFEEE-stock.bin	u8	ffff4055	Acquisition_Bank2Count	Previouscount drives4F78;4CE2 selects8 every16th newphase, else0. Channels24..31 retain between eligiblecopies.
LFFEEE-stock.bin	label	e276	Acquisition_TaskManagerThenScaler	OriginalE276..E282 calls4CE2 then6718;32directslices plus320retained callsverified. Doesnotexecute104B8 orrestofE26C/globaltaskscheduler.
LFG1TF000.bin	function	18816	OutputHandoff_ServiceChannel	One-based channel: original18A44 correction/write then clears selected8A64 sample sum. Full original12826 caller tail executed; see tcu-output-handoff.txt.
LFG1TF000.bin	function	18a44	OutputHandoff_CorrectAndWrite	Executed error/proportional/integral correction, exact fallback flags and retained reset on first recovery call; final signedword clamp then14280. Explicit ADC inputs/write sink only, no physical actuation model.
LFG1TF000.bin	function	18e48	OutputHandoff_AccumulateError	Adds signedword error times gain to signed32 accumulator, wraps then compares negative bound first and positive bound second without sorting. Bound is s16(D)*1000; nested signed division executes.
LFG1TF000.bin	function	14280	OutputHandoff_WritePwmBuffer	Original conversion and unsignedword clamp0..33313; A518zero selects33313. ROM5C588 maps channels toF510/F512/F516/F514: SH7055S-compatible BFR6A/B/D/C. Buffer write does not prove configured output waveform.
LFG1TF000.bin	function	18754	OutputHandoff_Initialize	Executes channel gains and correction-state initialization plus18942 checksum/bounded calibration loading. No fullboot or persistence claim.
LFG1TF000.bin	function	18942	OutputHandoff_LoadCalibration	Checksum over lowRAM63B8..63C8 versus63CA; match clamps gains900..1100 and offsets-100..100, mismatch defaults1000/0. Executed, not EEPROM provenance.
LFG1TF000.bin	function	188fc	OutputHandoff_AcquireSamples	Executes14128 for four ADC words; channel ordering0/1/3/2 into8A2C and adds counts into wrapping8A64 words. All10bit counts tested; conversion/completion timing unmodeled.
LFG1TF000.bin	function	14128	OutputHandoff_ReadAdcCount	Reads selected pointer word and returns (raw>>6)&1023. Extended full17B1A descriptor scan:8 ADCaddresses plus three zero-descriptor ROM400 reads yielding316. No hardwarecompletion model; see tcu-output-task.txt.
LFG1TF000.bin	function	529ea	OutputHandoff_ReadInhibit	Original helper used by18A44; A5A0 exact1 selects fallback. Immediateproducer529AC nowexecuted: exact1 fromeitherA5A1/A5A2. Fullscheduler/parentadmission remainopen; tcu-output-pin-switch.txt.
LFG1TF000.bin	label	ffff8a9c	OutputHandoff_ErrorAccumulators	Four signed32 retained integrals;18E48 updates,18A44 fallback may reset. First recovered call resets again when prior8A5C nonzero.
LFG1TF000.bin	label	ffff8aac	OutputHandoff_CorrectedWords	Four18A44 final signedword-clamped outputs passed to14280; physical units unproved.
LFG1TF000.bin	label	ffff8a34	OutputHandoff_ErrorWords	s16(previousA5E4 minus scaled8A3C). Feeds next52EDC feedback-sign/sticky check in retained replay.
LFG1TF000.bin	label	ffff8a3c	OutputHandoff_ScaledSamples	18A44 gain/offset-scaled accumulated ADC input; physical units and sensor mapping unproved.
LFG1TF000.bin	label	ffff8a64	OutputHandoff_SampleSums	188FC adds10bit counts with16bit wrap;18816 clears selected channel after correction/write. Actual acquisition/service cadence open.
LFG1TF000.bin	label	ffff8a4c	OutputHandoff_SampleGains	18942 checksum-controlled gain clamp900..1100 or default1000; lowRAM persistence provenance open.
LFG1TF000.bin	label	ffff8a54	OutputHandoff_SampleOffsets	18942 checksum-controlled offsets clamp-100..100 or default0; applied after18A44 sample scaling.
LFG1TF000.bin	label	ffff8a5c	OutputHandoff_PreviousFallbackFlags	18A44 sets on selected fallback; when condition clears, old nonzero forces one additional reset then flag clears.
LFG1TF000.bin	label	ffff8a60	OutputHandoff_FallbackModeFlags	Only exact1 enables18A44 raw68..1000 and conditionalA518/error fallback.18C38 sets1 ifzero and signedwordabs target-gain difference<500; sticky here. Other values withA5A0==1 instead zero correction/integral. Both producer/consumer executed.
LFG1TF000.bin	label	5c588	OutputHandoff_PwmBufferPointers	PointersF510/F512/F516/F514 map channels0/1/2/3 to SH7055S-compatible BFR6A/B/D/C. Renesas REJ09B0045 table11.3 and11.2.23; no chip/waveform claim.
LFG1TF000.bin	label	5c568	OutputHandoff_AdcPointers	Four pointers F800/F802/F804/F806.188FC maps counts to applicationchannels0/1/3/2. Explicit word samples in verifier.
LFFEEE-stock.bin	function	4dfe	Acquisition_FollowCompletion	404B nonzero executes5E38 then clears marker even if capture inhibited; otherwise4049 exact1 calls5CF4. Full original code verified; software marker is not hardware ADF. See control-acquisition-completion.txt.
LFFEEE-stock.bin	function	5cf4	Acquisition_ArmAlternateEverySecond	40A2 byte increment/wrap then >=2 reset; zero captures11/23 initial samples, updates40A0 threshold1000/1050 hysteresis, calls531E(0),5D62(mode), clears40A1. Executed all256 counters and boundary/retained flags.
LFFEEE-stock.bin	function	5d62	Acquisition_ConfigureAlternateTimers	Lowbyte selects stock timer writes based on TCNT1A+4; DCNT8F/G/H duplicate writes through11070 and GR1F/G/H offsets. Exact writes verified including16bit wrap; clock/pin effects unmodeled.
LFFEEE-stock.bin	function	5e38	Acquisition_CaptureAlternatePair	40A1zero copies4096/409A to4078/407A then explicit ADC23/11 samples to4098/409C and sets409E=1. Nonzero skips without clearing ready. No physical source/units claim.
LFFEEE-stock.bin	function	531e	Acquisition_ArmExternalTrigger	Argumentzero selects ADCSR0/1=0B/4B, nonzero0A/4A; enables external triggers, clears ADST and setsTRGE, then404B=1. AllSR masks execute with boundedlatches; no hardwareconversion/delivery model.
LFFEEE-stock.bin	function	f29c	Acquisition_AcknowledgeAdi1	ReadsADCSR1 F838 andwritesold&7F then tailcalls4DFE. All256softwarestatusbytesverified. VBRFFC50 offset308 via2FA8 mapsADI1 perRenesas; wrapper/interruptdelivery unexecuted.
LFFEEE-stock.bin	label	ffff404b	Acquisition_AlternateArmed	531E sets1;4DFE nonzero captures then clears;4CE2 resets. Software armed marker, not hardwareADF. Indirectwriter completeness unproved.
LFFEEE-stock.bin	label	ffff40a0	Acquisition_AlternateTimingMode	5CF4 sets1 whenfloat4068<=1000,0 when>1050, retainsbyteinbetween.5D62 lowbytezero/nonzero selects timer configuration; units unproved.
LFFEEE-stock.bin	label	ffff40a1	Acquisition_AlternateCaptureInhibit	5CF4 clearsafterarming;5E38 nonzero skips capture, but4DFE stillclears404B. Otherindirectwriterprovenance open.
LFFEEE-stock.bin	label	ffff40a2	Acquisition_AlternateHalfCounter	5CF4 incrementsbyte;new>=2 resetzero,zero doeswork,new1 skips. Old255wraps0 andworks. Normal extended callbacks arm everysecond event.
LFFEEE-stock.bin	label	ffff4096	Acquisition_AlternateInitialSample23	5CF4 saves ADC23 atF836;paired409A holdsADC11F816.5E38 copies to4078/407A before taking followupsamples.
LFFEEE-stock.bin	label	ffff4098	Acquisition_AlternateFollowupSample23	5E38 readsF836 here andF816 to409C when40A1zero, then409Eready1. Initial/followup pairs distinguished by retained replay; physicalidentityopen.
LFFEEE-stock.bin	label	ffff409e	Acquisition_AlternatePairReady	5E38 sets1 afterpaircapture; skippedcapturesretain. Consumer/lifecycle outside current boundedproof.
LFFEEE-stock.bin	label	fff58	Acquisition_Adi1VectorSlot	AtVBRFFC50+308 contains2FA8, whosewrapperdispatchesF29C. RenesasSH7058 table7.3 ADI1vector194; staticprovenance, nointerruptdeliveryexecution.
LFFEEE-stock.bin	label	f75a	Acquisition_StartupVectorBaseLoad	OriginalF758..F75A loadsFFC50 intoVBR fromliteralF864. Staticbytesasserted; fullbootnotexecuted.
LFFEEE-stock.bin	function	39e74	Control_InitializeRawSnapshot	Original protected6D30=0. Three nonzero SR masks verified; see control-raw-inputs.txt.
LFFEEE-stock.bin	function	39e7c	Control_PublishRawFirstInput	8EF8 zero copies40F4 to protected6D20/6D28;6565 exact1 floors6D38 at90. Nonzero8EF8 selects40/80/80.7016 zero snapshots6D20 into protected6D30; else retains.576 cases plus320 retained cycles; physical units open.
LFFEEE-stock.bin	function	39f48	Control_PublishRawSecondInput	8F30 any nonzero selects ROM B8158=20 else40E0 into protected6D40.7016 zero copies to raw6D48 else retains.9216 cases/all flag bytes and320 retained cycles; source/sensor identity open.
LFFEEE-stock.bin	function	3a044	SpeedCandidate_InitializeProtectedInput	Original protected6D5C/6D68 zero; six history floats retained. Initialization verified under three nonzero SR masks.
LFFEEE-stock.bin	function	3a156	SpeedCandidate_PublishAndShiftHistory	6D58 passes to protected6D5C unless8EC6 exact1 or value>65536 thenzero. Protected6D68=RTZ(RTZ(abs(RTZ(old6D88-new))*20)/3); shift six raw floats6D74..6D88 and insertnew.6912 cases/all flag bytes and320 retained chains; no acceleration-unit claim.
LFFEEE-stock.bin	function	6d9e6	Control_UpdateRawFallbackLatches	9462 exact1 OR8F38 exact1 clears8F33..36/8F30, retains8F37. Else zero8F2C..2F sets corresponding latch1; nonzero retains. Only8F35/36 exact1 sets8F30=1 and8F37=0; else retains both.2048 cases and320 retained cycles. Input identities/writers open. Upstream6D876 now verified to clear fallback on inclusive8..248 recovery; see control-raw-provenance.txt.
LFFEEE-stock.bin	label	ffff6d20	Control_RawFirstPublished	39E7C protected40F4 copy orB8144=40. Feeds30CE4 extra term; source units unproved.
LFFEEE-stock.bin	label	ffff6d28	Control_RawFirstAlternate	39E7C protected40F4 copy orB8148=80. Stockfallback differs from6D20.
LFFEEE-stock.bin	label	ffff6d30	Control_RawFirstSnapshot	39E7C captures6D20 only when7016 zero; otherwise retained protected record.39E74 initializeszero.
LFFEEE-stock.bin	label	ffff6d38	Control_RawFirstFloored	39E7C normal6565 exact1 floors6D20 at90; other flagvalues copy.8EF8 fallback80 bypassesfloor.
LFFEEE-stock.bin	label	ffff6d40	Control_RawSecondPublished	39F48 protected40E0 copy orB8158=20 under any nonzero8F30. Normal30CE4 targetinput.
LFFEEE-stock.bin	label	ffff6d48	Control_RawSecondSnapshot	39F48 rawfloat snapshot6D40 only when7016zero; no checksumwrite here.
LFFEEE-stock.bin	label	ffff6d5c	SpeedCandidate_ProtectedSelected	3A156 publishes6D58 unless8EC6 exact1 or>65536; thenzero. Negativevalues pass. FeedsA3804 targetmap; physicalunits unproved.
LFFEEE-stock.bin	label	ffff6d68	SpeedCandidate_HistoryDifference	Protected abs(oldest6D88-new6D5C)*20/3 with RTZ eachoperation. No physical accelerationclaim.
LFFEEE-stock.bin	label	ffff6d74	SpeedCandidate_SixSampleHistory	3A156 shifts sixfloats toward6D88 and insertsnew6D5C at6D74 after using old6D88. Explicit callorder, no realcadence.
LFFEEE-stock.bin	label	ffff8f30	Control_RawSecondFallbackLatch	6D9E6 stickyqualification latch. Any nonzero selects39F48 fallback20 and30CE4 targetfallback66.25. Rawinputrecovery alone does notclear; see control-raw-inputs.txt.
LFG1TF000.bin	function	18830	OutputAdaptation_Dispatch	8ACA/8ACC MOV.W signextend thenunsigned32comparison gates eight-slot5C5EC dispatch; phases0..3 gain,4..7 offset. Old8AD0>3000 sets interval15/errorbounds+-5. Counterswrap16bit.1728 cases/3040 retainedcalls; no physicaltimeclaim.
LFG1TF000.bin	function	18c38	OutputAdaptation_UpdateGain	Strict base/error/normalized-error gates. Compute target3700..9700, step arithmetic>>4 clamped+-100. First8ABDzero update uses fullstep and optional4788+223*89A8/10. Nonzero89AC enables gainupdate with integral compensation; derivedgains rescale evenwhendisabled.3368 cases/19 retainedadmissions; see tcu-output-adaptation.txt.
LFG1TF000.bin	function	18e76	OutputAdaptation_UpdateOffset	UnsignedA518 clamp8000..16000 minus8000 indexes five-point row at8AD4+12*i withspacing2000 andFFFF sentinel; unsignedwordclamp0..32767 into8A44.328 cases and original dispatcher; physicalunits unproved.
LFG1TF000.bin	function	168ac	OutputTimer_InitializeAndStart	Originaltimerregister writes verifiedall256 initialF401 bytes: stop2A/6/7, clear87F4/counters,33333 cycle/buffer/duty values,TCNT2A0/GR2A4166, start6A..D and2A. Exactaccess order in verifier. Priorclock/mode/pinsetup andrealcounting notsimulated.
LFG1TF000.bin	function	16926	OutputTimer_ClearPhase	Original168AC helper clears RAM87F4. Interrupt1692E incrementsit; interruptdelivery/RTE bodies remainstaticleads.
LFG1TF000.bin	label	ffff8a6c	OutputAdaptation_CurrentGains	Fourword gains initialized5500;18C38 adapts with18A44 integral compensation. Updatedvalues rescale proportional/integral gains. No EEPROMpersistence proof.
LFG1TF000.bin	label	ffff8abd	OutputAdaptation_FirstUpdateFlags	Zero admits firstcoarse gain update in18C38 when89AC nonzero; set1 thereafter. Nonzero skipscoarse.18754 initializeszero.
LFG1TF000.bin	label	ffff8ac2	OutputAdaptation_TargetGainDifferences	Fourword abs(s16(target-oldgain)); read signed for<500 sticky8A60qualification. Physicalmeaning notassigned.
LFG1TF000.bin	label	ffff8aca	OutputAdaptation_DispatchCounter	18830 resets0 ondispatch thenincrements; compare unsigned32 ofsignextendedword to8ACC. Initialized1, stockfirstdispatchcall4.
LFG1TF000.bin	label	ffff8acc	OutputAdaptation_DispatchLimit	Initialized3;18830 sets15 once oldunsigned8AD0>3000, retainsafteragewrap. No msconversion.
LFG1TF000.bin	label	ffff8ace	OutputAdaptation_DispatchPhase	Byte0..7 selects ROM5C5EC functions;0..3 gain,4..7 offset. Incrementsandwraps after7; invalidphaseunverified.
LFG1TF000.bin	label	ffff8ad0	OutputAdaptation_AgeCounter	Unsignedword gate>3000 reduces errorbounds to+-5 andsetsdispatchlimit15 beforeincrement; wraps16bits, doesnotrestorelimits.
LFG1TF000.bin	label	ffff8a44	OutputAdaptation_OutputOffsets	18E76 writesfourword offsets usingA518 andstocktable5F84C. At12000=[1750,1750,1750,1680].14280 usesoffsetinbufferconversion; unitsunproved.
LFG1TF000.bin	label	ffff87f4	OutputTimer_ComparePhase	16926/168AC clear;1692E staticinterruptlead increments andsetsGR2A=4166*(2*(phase&3)+1). Onlyresetexecutedhere; delivery/cadenceopen.
LFFEEE-stock.bin	function	6670	Control_InitRawChannel29	Copies4042 to40E4 then6678; stock filter256 and original unsigned conversion/map executed. See control-raw-provenance.txt.
LFFEEE-stock.bin	function	6678	Control_MapRawChannel29	4042 ->filter2534 DC474=256 ->40E4 -> unsigned*5/65536 ->lookupA3A24 ->40E0.2228 combined scale checks; board identity open. See control-raw-provenance.txt.
LFFEEE-stock.bin	function	66b8	Control_ClassifyRawChannel29	Unsigned40E4>=63487 returns1; <2047 returns2; else0. Executed all1024 ADC-aligned samples and boundaries. See control-raw-provenance.txt.
LFFEEE-stock.bin	function	701c	Control_InitRawChannel28	Copies4040 to40F8 then7024; stock filter256 original conversion/map executed. See control-raw-provenance.txt.
LFFEEE-stock.bin	function	7024	Control_MapRawChannel28	4040 ->filter2534 DC490=256 ->40F8 ->unsigned*5/65536 ->lookupA3A30 ->40F4. Board identity open. See control-raw-provenance.txt.
LFFEEE-stock.bin	function	7064	Control_ClassifyRawChannel28	Unsigned40F8>=58327 returns1; <2559 returns2; else0. Executed ADC-aligned samples/boundaries. See control-raw-provenance.txt.
LFFEEE-stock.bin	function	6d850	Control_InitRawQualification	Calls6D876, resets counters8F2C/D=50 and8F2E/F=3, tailcalls6D9E6.16 whole-wrapper cases. See control-raw-provenance.txt.
LFFEEE-stock.bin	function	6d876	Control_QualifyRawChannel29	6CAE<8 or>248 with914B exact1 sets low/high flags8F31/32.9462 exact1 clears8F37; else inclusive8..248 sets8F37/38=1 independent914B.4096 cases. See control-raw-provenance.txt.
LFFEEE-stock.bin	function	6d904	Control_CountRawQualification	9462 exact1 or8F38 exact1 reloads50/50/3/3; else exact1 low/high flags decrement corresponding counters saturatingzero.2048 cases. See control-raw-provenance.txt.
LFFEEE-stock.bin	label	1b17e	Control_RawQualificationCallSequence	Executed bounded1B17E..1B190 caller:6D876 ->6D904 ->6D9E6;180 retained ADC-to-target cycles. Fresh conversion/task cadence unproved. See control-raw-provenance.txt.
LFFEEE-stock.bin	function	74df8	Control_UpdateRawQualificationEnable	Copies6CB4 to9108;914B=1 iff8<value<200, else0.40 boundary cases and1024 ADC1-scaled inputs; enables atcount410. Physical units open. See control-raw-enable.txt.
LFFEEE-stock.bin	function	6cd70	Control_InitFirstRawQualification	Calls6CD96, reloads8EF4/5=50,8EF6/7=3, tailcalls6CF06.20 wrapper checks. See control-raw-enable.txt.
LFFEEE-stock.bin	function	6cd96	Control_QualifyRawChannel28	Unsigned6C92<40/>939 with914B exact1 produces8EF9/A.9462 exact1 clears8EFF; else inclusive40..939 sets8EFF/8F00=1 regardless914B.16400 cases. See control-raw-enable.txt.
LFFEEE-stock.bin	function	6ce24	Control_CountFirstRawQualification	9462/8F00 exact1 reload50/50/3/3; else exact1 low/high flags saturatingdecrement.2048 cases; disabled qualification holds counters. See control-raw-enable.txt.
LFFEEE-stock.bin	function	6cf06	Control_UpdateFirstRawFallbackLatches	Reset9462/8F00 exact1 clears8EFB..EFE and8EF8.Else zerocounters setlatches;8EFD/E exact1 sets8EF8=1 and8EFF=0.2048 cases and320 retained cycles. See control-raw-enable.txt.
LFFEEE-stock.bin	label	1b14e	Control_RawEnableCallSite	Executed slice1B14E..154 calls74DF8. Intervening routines before qualifier excluded; cross-task cadence unproved. See control-raw-enable.txt.
LFFEEE-stock.bin	label	1b166	Control_FirstRawQualificationCallSequence	Executed1B166..178:6CD96 ->6CE24 ->6CF06;320 selectiveADC cycles, actualtasktiming unproved. See control-raw-enable.txt.
LFFEEE-stock.bin	label	e514	Control_RawScaleCallSequence	ExecutedE514..520:7024 then6678, channel28/29 maps.320 retained selectiveADC cycles. See control-raw-enable.txt.
LFG1TF000.bin	function	1227e	OutputTask_CompareCallback	Promotes8008 mode1 to3 iff84A0=8007=84F8=3 thenfull127BA.750 callbackcases;160 retainedIRQ bodies. See tcu-output-task.txt.
LFG1TF000.bin	function	127ba	OutputTask_Dispatch	Mode8008=1 historyscan17B1A;3 active127FC;othersskip. Always84F8 zero->3 elsebyte decrement.1536 fullmode/phase cases. See tcu-output-task.txt.
LFG1TF000.bin	function	127fc	OutputTask_ActiveFeedbackService	Always188FC feedbackacquisition. Phase3 calls18830 adaptation and17B1A scan; phase<4 service530C8/52EDC/18816 selectedchannel. Complete originaltask executed. See tcu-output-task.txt.
LFG1TF000.bin	function	17af0	OutputTask_InitInputHistory	Zero110bytes8910 history,11counts897E,11states898A,index8989.16 fullRAMchecks. See tcu-output-task.txt.
LFG1TF000.bin	function	17b1a	OutputTask_ScanInputHistory	11 descriptors5F7B0; fivewordhistories, sharedindexmod5,count/statequalification. Zero descriptors5..7 readROM0->400 word4F22 ->316, not sensorinputs.200cases andretainedtask. See tcu-output-task.txt.
LFG1TF000.bin	function	15b80	OutputTask_RecordInterruptEntry	F6C0 timestamp to8728+4i. Stockindex10 scale1: u16latency/10 to86E0+2i,max8704+2i. Nestedoriginalhelper executed. See tcu-output-task.txt. CaptureISRindices5/6 stockscale0 onlystorestart, verified512 handlerpairs; tcu-capture-interrupts.txt.
LFG1TF000.bin	function	15bf0	OutputTask_RecordInterruptExit	Unsigned32(timestamp-start)/10 capped65535 to8698+2i,max86BC+2i. Wrap/saturation/retainedmax tested; timestampunits open. See tcu-output-task.txt. CaptureISRindices5/6 wrap/saturation/max andexactF6C0 reads verified in512 handlerpairs; tcu-capture-interrupts.txt.
LFG1TF000.bin	function	15730	OutputTask_ReadTimestamp	1024 originalread cases PASS:one longF6C0 read/return,unchangedRAM/configuration/callee registers/SR. CompatibleTCNT10AH/AL separatefromcaptureTCNT0; start15544 verified. Wordresetwidth conflictswithmanual,epoch/physicalclock open. tcu-timestamp-configuration.txt.
LFG1TF000.bin	function	1692e	OutputTask_TimerCompareInterrupt	Executed entry through169A0 beforeRTE. F62Cbit0 gatesack/87F4increment/F604=4166*(2*(phase&3)+1)/1227Efulltask. Profilinghelpers and registerrestore execute; no hardwaredelivery/RTE. See tcu-output-task.txt.
LFG1TF000.bin	function	169a4	OutputCycle_Timer6Callback	Executed body to16A04 beforeRTE. F522bit0 gatesack,F600=0,F604=4166,87F4=0 and11F7C; originalprofiling/registerrestore executes.150cases,80retainedcycles. See tcu-cycle-callback.txt.
LFG1TF000.bin	function	11f7c	OutputCycle_ModeCallback	GBR+2 exact1->3; othersretain; tailcall124AA.256modebytes executed, real interruptdelivery open. See tcu-cycle-callback.txt.
LFG1TF000.bin	function	124aa	OutputCycle_UpdateInputs	Mode8002 exact3 executes16F78/50B48/16E80/511CC,othersreturn. Fullcallback tested;A518nowfirmware-produced in retainedoutputtask. See tcu-cycle-callback.txt.
LFG1TF000.bin	function	16f78	OutputCycle_FilterInputA	ADCdescriptor5C57C F812 ->count ->16FF6 conversion ->nonlinearretainedfilter8800; raw8802,state8804. Boundaryandrandom fullRAMchecks. See tcu-cycle-callback.txt.
LFG1TF000.bin	function	16ff6	OutputCycle_ConvertInputA	300+signed32(u16count*64000)/2976 trunczero; clamp0..22000,state2ifunchangedelse1 viaR5pointer. All1024ADCcounts+wrapboundaries executed. See tcu-cycle-callback.txt.
LFG1TF000.bin	function	16e80	OutputCycle_FilterInputB	ADCdescriptor5C578 F810 ->count ->16EFE conversion ->nonlinearretainedfilter87F8; raw87FA,state87FC. Supplies511CC/A518. See tcu-cycle-callback.txt.
LFG1TF000.bin	function	16efe	OutputCycle_ConvertInputB	Same numericconversion as16FF6; completeoriginalhelper executed. Physicalsensor/units not inferred. See tcu-cycle-callback.txt.
LFG1TF000.bin	function	50b48	OutputCycle_PublishInputA	Copies8800 toA4DC; stateA4DE priority1 if8804==2 andbothA975/A976bit0,else4 ifanybit2,else3 ifanybit1,else2. Copiesvalueinallcases. See tcu-cycle-callback.txt.
LFG1TF000.bin	function	511cc	OutputCycle_PublishInputB	Copies87F8 toA518; stateA51A priority1 if87FC==2 andA958bit0,else4 ifbit2,else3 ifbit1,else2. Actualsourcefeedsoutputclamp/scaling. See tcu-cycle-callback.txt.
LFG1TF000.bin	function	1447e	TimerSetup_StopCounters	Writes0 toF401/F400/F402. Exact original writes and selected155C8 caller executed. See tcu-timer-configuration.txt.
LFG1TF000.bin	function	14962	TimerSetup_ClearChannel1Control	Writes byte0 toF484 in original155C8 initialization sequence. See tcu-timer-configuration.txt.
LFG1TF000.bin	function	1448e	TimerSetup_SetPrescalers	Writes1 toF404/F406/F408/F40A; compatibleSH7055S prescalers Pphi/2. Absolute clock unproved. See tcu-timer-configuration.txt.
LFG1TF000.bin	function	144a2	TimerSetup_SelectCounterClocks	16 bytewrites; F62B/F62A/F521/F520=0 select direct prescaled clock. F521 reached through register arithmetic. See tcu-timer-configuration.txt.
LFG1TF000.bin	function	1454e	TimerSetup_ConfigureTimerIO	16 exact timer-I/O bytewrites verified; original initialization caller executed. See tcu-timer-configuration.txt.
LFG1TF000.bin	function	14598	TimerSetup_ClearStatus	Eleven statusword writes0 includingF62C/F522; exact trace/fullRAM verified. See tcu-timer-configuration.txt.
LFG1TF000.bin	function	145c8	TimerSetup_EnableInterruptSources	Twelve wordwrites includingF630=1/F524=1. Does not prove CPU enable or hardware interruptdelivery. See tcu-timer-configuration.txt.
LFG1TF000.bin	function	1496a	TimerSetup_SetPWMMode	F526=0; compatiblemanual on-duty non-complementary6A..D. Pinpolarity remains dependent onPBIR/resetcontext. See tcu-timer-configuration.txt.
LFG1TF000.bin	function	147aa	TimerSetup_SelectPortBOutputs	F730=80FF,F732=00A5,F734=0055,F738=0500. SelectsPB0..3 TO6A..D by compatiblemanual; F736 inversion untouched. See tcu-timer-configuration.txt.
LFG1TF000.bin	label	155c8	TimerSetup_ExecutedInitializationSlice	Executed155C8..155F0 sevenoriginalbodies/63writes; rest15574 not executed. See tcu-timer-configuration.txt.
LFG1TF000.bin	label	14902	TimerSetup_ExecutedPortBCaller	Executed14902..14906 original147AA call; rest148FC not executed. See tcu-timer-configuration.txt.
LFG1TF000.bin	label	15650	TimerSetup_ExecutedPWMModeCaller	Executed15650..15654 original1496A call; omittedintervening setup not proved. See tcu-timer-configuration.txt.
LFG1TF000.bin	function	1574c	OutputPins_SelectGeneralLow	OrderedF730|=F,F734&=FFAA,F738&=FFF0. Wordreadmodifywrites; PBIR unchanged. See tcu-output-pin-switch.txt.
LFG1TF000.bin	function	1576c	OutputPins_SelectTimerOutputs	OrderedF738&=FFF0,F730|=F,F734|=55. Wordreadmodifywrites; no electricalpinproof. See tcu-output-pin-switch.txt.
LFG1TF000.bin	function	185e4	OutputPins_InitCommand	Clears8A18/8A19;141BC stockdescriptor5C500 withflag0 setsPFDRbit14. DoesnotreselectPWM. See tcu-output-pin-switch.txt.
LFG1TF000.bin	function	185f8	OutputPins_ApplyCommand	Exact8A18==1 selectsGPIOlow;previous8A19==1/current0 selectsPWM;otherpairsretainselection. Updatesprevious andPFDRbit14 viaoriginalhelpers. See tcu-output-pin-switch.txt.
LFG1TF000.bin	function	1863c	OutputPins_StoreCommand	Stores lowbyteR4 to8A18 withoutnormalization. Direct1->2->0 failsPWMreselect; normal529AC emitsbinaryonly. See tcu-output-pin-switch.txt.
LFG1TF000.bin	function	141bc	PortOutput_WriteDescriptor	Stock5C500 descriptor executes1421A/1423E withmask0; SRmasks0/3/15 preserved. Generalnonzerodescriptormask pathnotclaimed. See tcu-output-pin-switch.txt.
LFG1TF000.bin	function	1421a	PortOutput_ModifyDescriptorBit	Readsdescriptorwordtarget, calls1423E andwrites result. StockF74E bit14/polarity0 independentlyverified. See tcu-output-pin-switch.txt.
LFG1TF000.bin	function	1423e	PortOutput_SelectBitValue	Stockdescriptor setsbit14 ifflag&1==0 elseclears; original5B25C executes. Unrelatedbitsretain. See tcu-output-pin-switch.txt.
LFG1TF000.bin	function	52994	OutputPins_InitSources	ClearsA5A0/A5A1/A5A2 andtail1863C setscommand0. Doesnotdirectlyselectpins. See tcu-output-pin-switch.txt.
LFG1TF000.bin	function	529ac	OutputPins_ArbitrateSources	A5A0=8A18=1 ifeitherA5A1/A5A2 exactly1,else0. ImmediateA5A0 fallbackproducer verified; fullscheduler open. See tcu-output-pin-switch.txt.
LFG1TF000.bin	function	529ce	OutputPins_SetSource	Selectorlowbyte0 writeslowbyteR5 toA5A1;1 writesA5A2;otherspreserve. 1280selector/valuecases. See tcu-output-pin-switch.txt.
LFG1TF000.bin	function	147fe	OutputPins_InitPortF	F748=4000,F74A=8000,F74C=0,F74E=0. Compatiblemanual selectsPF14 generaloutput initially0; boardrole unknown. See tcu-output-pin-switch.txt.
LFG1TF000.bin	label	1271a	OutputPins_ExecutedTaskTail	Actual529AC then185F8 tail; suppliedenclosing savedPR ABIframe. 1024cases/64retainedtails; notfull126EC. See tcu-output-pin-switch.txt.
LFG1TF000.bin	label	14912	OutputPins_ExecutedPortFCaller	Executed14912..14916 original147FE setupcall; other148FC workexcluded. See tcu-output-pin-switch.txt.
LFG1TF000.bin	label	115aa	OutputPins_ExecutedFirstSystemRequest	Executed115AA..115BE source0=1/529AC/185F8. Parentadmission outsideproof. See tcu-output-pin-switch.txt.
LFG1TF000.bin	label	115d4	OutputPins_ExecutedSecondSystemRequest	Executed115D4..115E8 source0=1/529AC/185F8. Parentadmission outsideproof. See tcu-output-pin-switch.txt.
LFG1TF000.bin	label	5cc28	Task_FirstPhaseDispatchTable	Eighttargets alternate1E780/1E7DE. Actual1E5F6 directcalls checked for eachphase. See tcu-application-order.txt.
LFG1TF000.bin	label	5cc48	Task_SecondPhaseDispatchTable	Eighttargets1ED88 exceptphase3->1EC5A and7->1ED50. Executedoriginaltableloads/calls. See tcu-application-order.txt.
LFG1TF000.bin	label	5cc68	Task_ThirdPhaseDispatchTable	Fourtargets1E880/1EAC4/1EB08/1EB90 repeatedtwice; allphasesexecuted. See tcu-application-order.txt.
LFG1TF000.bin	label	1e6a4	Task_ExecutedEventFourCall	Originaldelay-slot setsR4=4,R5=0 at31524 entry; verifiedinsidecompleteapplicationtask. See tcu-application-order.txt.
LFG1TF000.bin	label	1e6c2	Task_ExecutedFirstPhaseCall	Actualtarget from5CC28 indexed4*(phase&7), verifiedcallorder. See tcu-application-order.txt.
LFG1TF000.bin	label	1e6ca	Task_ExecutedSecondPhaseCall	Actualtarget from5CC48 indexed4*(phase&7), verifiedcallorder. See tcu-application-order.txt.
LFG1TF000.bin	label	1e6d2	Task_ExecutedThirdPhaseCall	Actualtarget from5CC68 indexed4*(phase&7), verifiedcallorder. See tcu-application-order.txt.
LFG1TF000.bin	u8	ffff90cc	Task_ApplicationCallCounter	Increments onceper1E5F6 entry withbytewrap; noelapsedtimeunit inferred. See tcu-application-order.txt.
LFG1TF000.bin	u8	ffff84f4	Task_ApplicationPhaseCounter	12726 bytecounter; stage1 forces7 beforeincrement;stage2 dispatchesoldphase&7 thenincrements. See tcu-application-order.txt.
LFG1TF000.bin	u8	ffff84f5	Task_ApplicationPhaseStage	Stage1->2/phase7; stage2 enables1E5F6; othersskip periodicbody. Fulltask fixturecases. See tcu-application-order.txt.
LFG1TF000.bin	function	1f3a8	DiscreteOutput_InitSlots	Sets8087=4 andeleven910Dslots=FF via30620. See tcu-source-inhibit.txt.
LFG1TF000.bin	function	1f3b6	DiscreteOutput_SetSlot	StoreslowbyteR5 using signedbyteR4 index into910D via3064C. Validindices0..10verified; genericboundsnotprovided. See tcu-source-inhibit.txt.
LFG1TF000.bin	function	1f3c2	DiscreteOutput_ClearSlot	WritesFF toindexed910Dslot. Original1F3CE clearsdisabledstockslots4/6. See tcu-source-inhibit.txt.
LFG1TF000.bin	function	1f3ce	DiscreteOutput_SelectAndInhibit	CompleteRAMoracle directandactualphase3/7.9C58bit0 forcesA5A2=1 andfivezeros; clearsA5A2 onlyif9415==1 andbitclear. Lasteligible slot->70014row;910Cbit0 mirrors9AE8bit6. See tcu-source-inhibit.txt.
LFG1TF000.bin	function	52dee	DiscreteOutput_SetCommand	WriteslowbyteR5 toA5C5+u8R4; original1F3CE suppliesfive0/1commands. See tcu-source-inhibit.txt.
LFG1TF000.bin	function	52d8c	DiscreteOutput_PublishCommands	SelectsA5CAoverride iffA5CF==1 elseA5C5;84A0 exact1/4 forces0; publishesrawbyte to8A1C/A5C0. CompleteRAMandtaskboundaryverified. See tcu-source-inhibit.txt.
LFG1TF000.bin	function	186a4	DiscreteOutput_WriteGPIO	Fivechannels:exact8A1Cbyte1 setspositivepolaritydescriptorbit elseclears. PB6/PB7/PC4/PB5/PB4 compatibleMCUmap; boardroleunknown. Exactorderedwordaccessesverified. See tcu-source-inhibit.txt.
LFG1TF000.bin	function	186ea	DiscreteOutput_ReadFeedback	Interleaveddescriptorreadback8A21 andexternalPADRfeedback8A26 forfivechannels; explicitread-onlysamples, noelectricalfeedbackproof. See tcu-source-inhibit.txt.
LFG1TF000.bin	function	18728	DiscreteOutput_StorePublishedCommand	WriteslowbyteR5 to8A1C+u8R4; original52D8C completebodyexecuted. See tcu-source-inhibit.txt.
LFG1TF000.bin	label	5cce8	DiscreteOutput_SlotEnableMask	Elevenstockbytes1,1,1,1,0,1,0,1,1,1,1. Disabledslots4/6 clearedbeforeselection. See tcu-source-inhibit.txt.
LFG1TF000.bin	label	70014	DiscreteOutput_CommandRows	Nominal12sixbyterows:key0..11 thenfivecommandbytes. Firmwaresearchuseswrappingbyteindex without12rowbound; unknowncallerkeydomain. See tcu-source-inhibit.txt.
LFG1TF000.bin	label	5f7dc	DiscreteOutput_DescriptorTriples	Five12byte records:readback/write/externalfeedback descriptors. OutputB6,B7,C4,B5,B4;PADR4,5,9,12,7. See tcu-source-inhibit.txt.
LFG1TF000.bin	label	ffff910d	DiscreteOutput_RequestSlots	Elevenbytes;FFsentinel; lastenablednonFFwins(default4). APIacceptsarbitrarylowbyte; actualcallerkeydomainopen. See tcu-source-inhibit.txt.
LFG1TF000.bin	u8	ffff910c	DiscreteOutput_PreviousSourceBit	1F3CE preservesupperbits andcopies9AE8bit6 tobit0. Oldbitcomparisons donotchangefivecommandwrites. See tcu-source-inhibit.txt.
LFG1TF000.bin	u8	ffff8087	DiscreteOutput_SelectedKey	4 onforcedinhibit,else lasteligible nonFF slot/default4. Forcedinhibit bypassesnominalrow4 andzeroscommands. See tcu-source-inhibit.txt.
LFG1TF000.bin	function	47c9c	Selection_UpdateInhibitLatches	FullRAM/returnoracle: A735 nonzero/92C8bit5clear admits9C58bit0 set below signed80EA threshold7424or16640. 9415==1 clearsaux9C60bit2 andclearsmainonlyifA735==0; eitherlatchforcesreturn3. See tcu-inhibit-writers.txt.
LFG1TF000.bin	function	23d94	ModePulse_Initialize	Clears9414..941A and8280; preserves82B9/82BA untilrequests.16fullRAMcases. See tcu-inhibit-writers.txt.
LFG1TF000.bin	function	23db8	ModePulse_RequestFirst	Writes9417=1; consumedby23DD0 toone-call9414. See tcu-inhibit-writers.txt.
LFG1TF000.bin	function	23dc0	ModePulse_RequestSecond	Writes9418=1;23DD0 sets9415=1/resets82B9. Retainedrequestusesoriginalsetter. See tcu-inhibit-writers.txt.
LFG1TF000.bin	function	23dc8	ModePulse_RequestThird	Writes9419=1;23DD0 sets9416=1/resets82BA. See tcu-inhibit-writers.txt.
LFG1TF000.bin	function	23dd0	ModePulse_Update	StartupA520 exact0->1 with8280<stock92 createsfirst/secondpulse. Exact1requestbytes;second/thirdstateclearwhenrespectivebytecounter>=15. FullRAMoracleatactualphase0/4. See tcu-inhibit-writers.txt.
LFG1TF000.bin	u8	ffff9414	ModePulse_FirstState	One-updatepulse when9417==1 orstartupedge;otherwise0. Distinctfromretained9415/16. See tcu-inhibit-writers.txt.
LFG1TF000.bin	u8	ffff9415	ModePulse_SecondState	Triggered9418==1 orstartupedge;resets82B9 thenholds1 untilcounter>=15. Exact1usedby47C9C/1F3CE release. Otherstatebytespreserveabsentrequest. See tcu-inhibit-writers.txt.
LFG1TF000.bin	u8	ffff9416	ModePulse_ThirdState	Triggeredonly9419==1;resets82BA;clearwhenstate1/counter>=15. Startupedgealone doesnotsetthisstate. See tcu-inhibit-writers.txt.
LFG1TF000.bin	u8	ffff9417	ModePulse_FirstRequest	Exact1consumedby23DD0; startupedgealsoclearsit. Setter23DB8. See tcu-inhibit-writers.txt.
LFG1TF000.bin	u8	ffff9418	ModePulse_SecondRequest	Exact1consumedby23DD0; startupedgealsoclearsit. Setter23DC0. See tcu-inhibit-writers.txt.
LFG1TF000.bin	u8	ffff9419	ModePulse_ThirdRequest	Exact1consumedby23DD0; setter23DC8. See tcu-inhibit-writers.txt.
LFG1TF000.bin	u8	ffff941a	ModePulse_PreviousInput	23DD0 copiesA520;startupedgeonlyold0/current1 within8280window. See tcu-inhibit-writers.txt.
LFG1TF000.bin	u8	ffff9c58	Selection_InhibitFlags	47C9C preservesupperbits andupdatesbit0 latch;1F3CE usesbit0 toforceoutputsource1/fivezeros. Upstreamstatus/units stillopen. See tcu-inhibit-writers.txt.
LFG1TF000.bin	u8	ffff9c60	Selection_SharedProposalFlags	47C9C bit2 setby92C7bit7/80EA<16640;9415exact1clearsbit2. Otherbitsretain; auxlatchforcesproposal3 butnotdirect9C58bit0. See tcu-inhibit-writers.txt.
LFG1TF000.bin	u8	ffff82b9	ModePulse_SecondCounter	Original11014 incrementswithin8284..82BC onwheelphase7mod16;23DD0 resets/compares15. Absoluteperiodunknown. See tcu-inhibit-writers.txt.
LFG1TF000.bin	u8	ffff82ba	ModePulse_ThirdCounter	Samewheelinterval/phase as82B9;23DD0 request9419 resets/compares15. See tcu-inhibit-writers.txt.
LFG1TF000.bin	u16	7734e	Selection_InhibitUpperThreshold	Stock16640 signedword;usedwhen92C7bit3clear andaux92C7bit7latch. Strictless-than;unitsunproved. See tcu-inhibit-writers.txt.
LFG1TF000.bin	u16	77350	Selection_InhibitAlternateThreshold	Stock7424 signedword;selectedwhen92C7bit3set. Strictless-than;unitsunproved. See tcu-inhibit-writers.txt.
LFG1TF000.bin	u8	76ea0	ModePulse_StartupCounterLimit	Stock92;originalunsignedcompareofsignextendedbytes;8280>=92disablesA520startupedge. Noelapsedtimeunit. See tcu-inhibit-writers.txt.
LFG1TF000.bin	function	17664	PulseInput_InitializeRaw	Executed: clears88CC/88CD; see tcu-pulse-input.txt.
LFG1TF000.bin	function	17670	PulseInput_ReadRawBit	Executed:88CC=(8F33>>1)&1;88CD=2. Physical input and actual scheduler cadence unproved.
LFG1TF000.bin	function	51308	PulseInput_InitializePublication	Executed: clearsA520/A521; see tcu-pulse-input.txt.
LFG1TF000.bin	function	51314	PulseInput_PublishQualifiedByte	Executed:88CD==2+A991bit0 copies88CC/status1; elsemask4 stock0/status4; elsemask2 hold/status3; elsehold/status2. Complete phase0/4 task calls23DD0 BEFORE this publisher.
LFG1TF000.bin	label	ffff88cc	PulseInput_RawBit	Executed17670:8F33bit1; source pin/acquisition remains unknown.
LFG1TF000.bin	label	ffff88cd	PulseInput_RawStatus	Executed17670 sets2;17664 clears.
LFG1TF000.bin	label	ffffa520	PulseInput_PublishedByte	Executed51314 conditionalcopy/zero/retain;23DD0 consumes PRIOR publication atphase0/4.
LFG1TF000.bin	label	ffffa521	PulseInput_PublicationStatus	Executed51314 status1/4/3/2 bysource/diagnosticpriority; pulseproducer doesnotcheckthisbyte.
LFG1TF000.bin	label	ffff8f33	PulseInput_RawBitfield	TCU17670 extractsbit1; upstreamproducer unproved. Unrelated to ECU same-address state.
LFG1TF000.bin	function	54afc	PulseRequest_AdmitAndSet	Executed:permission5604C(service4),wordrequest+8==0,predicate53520;success535B4->23DC0 sets9418. Errors11/12/22 through541CC;return0 can also mean suppressed rejection. tcu-pulse-request.txt.
LFG1TF000.bin	function	53520	PulseRequest_CheckQualifiedInputs	Executed stable-RAM predicate: NOT((u16(80A4)>=u16(B128) AND A962bit0) OR((u16(809E)>=u16(B12A) AND A98Ebit0) AND(A4E8 not0/2 AND A964bit0))). Physical units unproved.
LFG1TF000.bin	function	535b4	PulseRequest_SetLatchThunk	Executed tailcall23DC0 sets9418=1;repeatrequestscoalesce beforeproducerconsumes.
LFG1TF000.bin	function	5604c	Diagnostic_CheckServiceState	Executed1D246 state90B6,5607A search22 rows5EB28,560AC mask. Service4 mask1 permitsstate1 only; errors11/22hex.
LFG1TF000.bin	function	5607a	Diagnostic_FindServicePermission	Executed lowbyteargument search22 two-byte rows5EB28;returnsrowindex or22.
LFG1TF000.bin	function	560ac	Diagnostic_CheckPermissionMask	Executed rowmask/state1,2,4; returns0 ifselectedbit,22hex ifothermaskbit,11hex invalidstate/emptypermission.
LFG1TF000.bin	function	541cc	Diagnostic_RecordOrSuppressError	Executed currentindex90A7 state=(byte90AC+2index>>3)&3. State2+error!=22hex clearsbit1,targetcurrentor0ifalternate==1,returns0;elsestorefirsterror90B4+target,return2. Return0notnecessarilyadmitted.
LFG1TF000.bin	function	1d22a	Diagnostic_ReadResponseMode	Executed5AE4C descriptor0302 extractsbits3..4 ofbyte90AC+2*90A7;validindex0/1 tested.
LFG1TF000.bin	function	1d246	Diagnostic_ReadServiceState	Executed signedbyte90B6 return;5604C retainslowbyte.
LFG1TF000.bin	function	1d24c	Diagnostic_ClearResponsePending	Executed criticalsection1B9F6/1BA24 aroundclearbit1 at90AC+2*argumentlowbyte;nestcount/SRrestored,savedmask8F65 refreshedwhenoutermost.
LFG1TF000.bin	function	1d26e	Diagnostic_RecordFirstError	Executed writesR5lowbyte to90B4+R4lowbyte onlyifoldbytezero;validindex0/1 tested.
LFG1TF000.bin	label	ffff90a7	Diagnostic_CurrentRecordIndex	Executed541CC readsindex0/1;static1D94C togglesXOR1. Actualreceiveddispatch notyetproved.
LFG1TF000.bin	label	ffff90b6	Diagnostic_ServiceState	Executed5604C permissionsacceptstates1/2/4;service4 onlystate1. Upstreamwriter/sessionidentityunproved.
LFG1TF000.bin	label	ffff90b4	Diagnostic_FirstErrorBytes	Executed1D26E firstnonzeroerrorretention;twoindices0/1 tested. Transportpublicationunproved.
LFG1TF000.bin	label	ffffb128	PulseRequest_FirstInputThreshold	Executed53520 unsigned16thresholdfor80A4 gatedA962bit0;writer/unitsunproved.
LFG1TF000.bin	label	ffffb12a	PulseRequest_SecondInputThreshold	Executed53520 unsigned16thresholdfor809E gatedA98Ebit0;writer/unitsunproved.
LFG1TF000.bin	function	53b5c	Diagnostic_WrapPulseClearRequest	Executed:constructA688/A68C pointer,A690 word;54AFC result->A694;tail1D94C. Stockrow3 header44. SAE04 diagnostic-clear interpretation, not operational shiftqueue. tcu-pulse-response.txt.
LFG1TF000.bin	function	1d94c	Diagnostic_HandoffResponseRecord	Executed:90A7=indexXOR1 undercriticalsection,clear90B7bit7;oldrecord90AC+2indexbit1 chooses1D85E build else1D9F2 cleanup. Indices0/1 tested; wiretransmissionunproved.
LFG1TF000.bin	function	1d85e	Diagnostic_ConstructResponseBuffer	Executed buffers5CC20:8FA8/90B8. Pendingerror builds7F/oldfirstbyte/error,length3;elseheader5CA3C+16row,lengtharg+1 wrap16. Setsstatusbit7,zeros90C0/C2/C4/C6. Trailingbytesretain; noactualtransmitproof.
LFG1TF000.bin	function	1d9f2	Diagnostic_CleanupResponseRecord	Executed asymmetriccleanup:optionalstatusbit2,1D83A timer,clear90A8bit4;record0zeroC2/C4,clear90ACbits3/4/5,90B7bit6,8F90bits6/7;record1criticalclear90AEbit5. Buffers/lengthsretain.
LFG1TF000.bin	function	1d83a	Diagnostic_ConditionallyReloadTimer	Executed:90C6word=500 iff90B6!=1 or90A8bit7;otherwisehold. Units/cadenceunproved.
LFG1TF000.bin	label	ffff90ac	Diagnostic_ResponseRecordFlags	Twoindex0/1 bytesstride2. Executed541CC modebits3/4,bit1 suppression;1D94C bit1routesbuild/cleanup;1D85E setsbit7. Notwireack.
LFG1TF000.bin	label	ffff90b0	Diagnostic_ResponseLengthWords	Executed1D85E setswordat+2index=3 forerror or(arg+1)wrap16;cleanupretains. Actualtransportunproved.
LFG1TF000.bin	label	ffffa688	Diagnostic_PulseRequestRecord	Executed53B5C writesR4pointer twice at+0/+4,R5lowwordat+8;54AFC checks+8. Actualreceiveddispatcherunproved.
LFG1TF000.bin	label	ffffa694	Diagnostic_PulseHandlerResult	Executed53B5C stores54AFCresultword;0 mayadmitorsuppressrejection,2 retainederrorpath. Distinguish9418latch/status/buffer.
LFG1TF000.bin	label	5cc20	Diagnostic_ResponseBufferPointers	Stocktwo32bitpointersFFFF8FA8,FFFF90B8;executed1D85E construction. Buffer capacities/transportnotproved.
LFG1TF000.bin	label	5ca3c	Diagnostic_ServiceRecords	Stock22nominal16byterows. Firstbyteresponseheader;row3header44,+8pointer53B5C. All22headers tested;otherfields/incominglookupnotexecutedhere.
LFFEEE-stock.bin	function	77f62	Control_UpdateActivityHysteresis	Executed finite6CB0: >=stock10 sets91E6=1; <stock9 clears; [9,10) holds arbitrary oldbyte. 2304cases and2 actual18DC8 boundaries. control-task.txt.
LFFEEE-stock.bin	function	77f12	Control_UpdateActivityCountdown	Executed:70F0 exact1 OR91E6 zero reload91E4=stock10; otherwise byte decrement saturates0. 4096cases and2 actualtask boundaries. No physical-time units.
LFFEEE-stock.bin	function	77f46	Control_PublishActivityHold	Executed91E5=(unsigned91E4>0),1024cases and2 actualtask boundaries after77F12. Full mode0 phases1/5 later stop at unsupported SCI0 initialization.
LFFEEE-stock.bin	label	ffff91e4	Control_ActivityHoldCounter	77F12 reload10 or decrement;77F46 publishesnonzero. Invocation count only; actualcadence unproved.
LFFEEE-stock.bin	label	ffff91e5	Control_ActivityHoldFlag	77F46 exactbinary output from91E4. Integration/physicalidentityunproved.
LFFEEE-stock.bin	label	ffff91e6	Control_ActivityHysteresisFlag	77F62 finite6CB0 upper10/lower9 hysteresis; hold preserves nonbinarybytes. Consumedby77F12 zero/nonzero.
LFFEEE-stock.bin	function	2034	Arithmetic_SaturatingSignedAdd	Executed100 boundarypairs plus1800 ADDV instructioncases. Signed32 sum clamps at INT_MIN/INT_MAX; original2034 executes. control-task-serial.txt.
LFFEEE-stock.bin	function	4105c	Control_PublishFilteredModeInput	Executed512 wordcases:44A2bit0->722A byte+complement via154C0.Retainedtasks observeactualwriter at154CA. PFDRbit0 provenance viaoriginalCA94; physicalpinroleunproved. control-task-stop.txt.
LFFEEE-stock.bin	function	42aa2	Control_UpdateModeHold	Executed1024cases:722Aexact1 reloads7358=stock2,otherwise decrementpositivebyte;735C=(counter!=0). Plain154B0read doesnotvalidatecomplement. control-task-stop.txt.
LFFEEE-stock.bin	function	2c468	Control_InitializeStopState	Executed256cases:6605=0,6606=1; otherapplicationRAMunchanged. Notfullboot.
LFFEEE-stock.bin	function	2c49c	Control_IncrementFirstActivityStart	Executedall256bytes via1616C/2C384:660E incrementsmod256,criticalsectionrestoresSR. Schedulerhookordering notexecuted.
LFFEEE-stock.bin	function	2c4cc	Control_IncrementFirstActivityEnd	Executedall256bytes via16178/2C3B4:660F incrementsmod256. Hookrolecandidate basedcountercomparison, notphysicalevent.
LFFEEE-stock.bin	function	2c4b4	Control_IncrementSecondActivityStart	Executedall256bytes via16172/2C39C:6610 incrementsmod256; usedby2C4FC/2C5DE.
LFFEEE-stock.bin	function	2c4e4	Control_IncrementSecondActivityEnd	Executedall256bytes via1617E/2C3CC:6611 incrementsmod256; schedulingcadenceunproved.
LFFEEE-stock.bin	function	2c4fc	Control_AdvanceStopState	Executed900 corestateoracles:735Cexact1/state0 resets; absenthold state0 uses8-callwarmup; activestateage incrementsaturated,at72000 or>=8 withbothpairscaughtup entersF8D6. Reassertedholdwithactivestate routesF972. Terminalcasesstopatentry,notcompletereturns. AA590auxeffectsoutsidecoreoracle. control-task-stop.txt.
LFFEEE-stock.bin	function	2c5de	Control_CheckStopEntry	Executed1280 coregatecases:722Aexact1->F972;elseif660E>660F OR6610>6611 return;elseF8D6. Unsignedbyteorder incl127/128checked. Terminalbody notstubbed; observationendsatentry.
LFFEEE-stock.bin	label	ffff722a	Control_FilteredModeInput	4105C writes44A2bit0 asbyte/complement;44A2 fromPFDRviaCA94/CADE. Consumers154B0readplainbyte. Physicalignition/switchidentityunproved.
LFFEEE-stock.bin	label	ffff735c	Control_ModeHoldFlag	42AA2 emitsnonzero7358countdown; exact1 holdsstopstate0/reset660C. Fulltaskorderingobserved.
LFFEEE-stock.bin	label	ffff6605	Control_StopState	2C468 initializes0;2C4FC warmupsets1,terminalpreparation2. Genericnonzerovalues followactivebranch; noECUreset/physicalshutdownclaim.
LFFEEE-stock.bin	function	42b36	Control_SelectHeldModeBits	Executed108 cases:735A=80 if735Czero or6604exact1;else40 if6536zero or73C4bit7;else20. FullRAM oracle. control-activity-hooks.txt.
LFFEEE-stock.bin	function	42bcc	Control_PublishActivityFlag	Executed20736 cases:735B boolean of735Abits5/6,735Cexact1,or735Abit7 withany82A8/A433/9149exact1. Physicalroles unproved.
LFFEEE-stock.bin	function	42c68	Control_NotifyActivityFlagEdges	OriginalDAE8 callbacks:735Eold0/735Bnew1 ->index7/1616C/660E++;old1/new0 ->index8/16178/660F++;always735E=new. Nonbinarybyteschecked;notperiodictasknotifications. control-activity-hooks.txt.
LFFEEE-stock.bin	function	42cbe	Control_NotifyActivityEdgesWithPort	Sameedgecallbacks as42C68; additionallyPFDRbit3set whenever735Bexact1,includingnoedge. 4096combinedcases,exactMMIO/fullRAM checked. Pinroleunproved.
LFFEEE-stock.bin	function	907f0	Control_AdvanceSecondActivityState	Partialexecutedevidence:81 state0cases set99FC1 andemitDAE8index9 ->6610++.100 state6cases transition12/clearworkingstate,emitindex10 ->6611++ iff660E<=660F;else restart1/noevent.100 repeatedcalls checknoevent. Otherstates/remoteNVMsemantics unproved. control-activity-hooks.txt.
LFFEEE-stock.bin	function	dae8	Control_DispatchDescriptorEvent	Bank0/index4 row1148C selector3/onearg/target2BCE6 nowexecutes F5A0 queuedbranch.1536nonempty/full+192empty admission wholeRAM cases PASS; directFFFF hookproof retained. control-queued-event2.txt; notallbank/selectorproof.
LFFEEE-stock.bin	label	ffff735b	Control_ActivityFlag	42BCC binaryproducer;42C68/42CBE emitfirstpair edgeevents andcopyto735E. Physicalroleunproved.
LFFEEE-stock.bin	label	ffff735e	Control_PreviousActivityFlag	Updatedto735B afteredgechecks. Onlyold0/new1 andold1/new0 emitnotifications;nonbinary transitions suppressed.
LFFEEE-stock.bin	label	ffff99fc	Control_SecondActivityState	907F0 statebyte. Executed0->1 emitsindex9;6->12 emitsindex10 iff firstpaircaughtup,otherwise6->1 withoutnotification. Full13statemachine notyetmodeled.
LFFEEE-stock.bin	function	74d62	Control_UpdateActivityHold	Executed9984 fullRAM cases:9149 from8FD4nonzero/925E1/915C1 or14450-qualified282Czero/default with914D/A562/900Azero. A556fall latches914D;always914E=A556. Invalidprotectedread records534C/5354. Eightactualtaskboundaries verifybefore42BCC andlater6F422 timerupdate. control-activity-hold.txt.
LFFEEE-stock.bin	function	14450	Control_CheckActivityReadEligibility	Executed1024 cases:returns1 iffA55C!=1 and2B84==1. Plainbytepredicate,noRAMwrites; usedby74D62.
LFFEEE-stock.bin	function	6f422	Control_UpdateActivityHoldTimer	Executed6144cases:735Abit7clear reloadsword8FD4=stock480+120+40=640;else8FD8zero clears,otherwise decrementspositive. Eightactualtaskreturns checked;74D62 alreadyconsumedpriorvalue. Countsnotmilliseconds.
LFFEEE-stock.bin	label	ffff9149	Control_ActivityHold	Produced74D62;42BCC consumesit with735Abit7 tohold735B. Multipleindependentconditions;physicalrolesunproved.
LFFEEE-stock.bin	label	ffff914d	Control_ActivityFallingLatch	74D62 sets1 iffprior914Enonzero andcurrentA556zero;otherwiseholds. Thisroutinecontainsnoclear;otherinitialization/writersunresolved.
LFFEEE-stock.bin	label	ffff914e	Control_PreviousActivitySource	74D62 alwayscopiesA556aftercheckingnonzero-to-zero edge;noADC/pinidentityclaim.
LFFEEE-stock.bin	label	ffff8fd4	Control_ActivityHoldCounter	6F422 reload/clear/decrement verified.74D62 testsnonzero beforecurrenttaskupdatescounter;40outercalls trace0/640/639/638.8FD8rawprovenance/actualcadenceopen.
LFFEEE-stock.bin	function	6f2c8	Control_UpdateActivityThresholdFlags	Executed1296finitecases:6D40->8FE0 and6D20->8FDF,stock>=-777sets1,<-782clears0,deadbandholdsbyte.154BCplainfloatgetter. Doesnotwrite8FD8. control-activity-conditions.txt.
LFFEEE-stock.bin	function	6f34c	Control_PublishActivityTimerEnable	Executed8192stockcases:8FD8 iff735Abit7,8FE0/8FDF/9125exact1 and9037Cmode0 indices2F/30/2D/2E allfalse. StockE0861FF skips1F/20/2A/2B;alternatecalibrationnotexecuted. Actualtaskconsumesfreshthresholdflags.
LFFEEE-stock.bin	function	9037c	Control_QueryStatusClass	Executed1024mode0cases atfourcallerindices:returns(byte9935+u16index ==C0),noRAMwrites. Othermodesunmodeledhere;noDTC/physicalfaultidentification. Mode0queryorder/shortcircuitverified.
LFFEEE-stock.bin	function	74ed2	Control_UpdateIndependentActivityHold	Executed28672cases:mode735Abit7 increments9158saturating,elseholds.915E1 clearsprotected2444 and915E,NOT9158;elseactivecount>=1 writes2444=1.915C iffactiveupdatedcount<3. Eightactualtaskreturns;usesprior735A beforecurrentmodeupdate.
LFFEEE-stock.bin	label	ffff8fe0	Control_ActivityFirstThresholdFlag	6F2C8 finitehysteresis6D40 >=-777set/<-782clear/deadbandhold;physicalunitsunknown.
LFFEEE-stock.bin	label	ffff8fdf	Control_ActivitySecondThresholdFlag	6F2C8 finitehysteresis6D20 >=-777set/<-782clear/deadbandhold;physicalunitsunknown.
LFFEEE-stock.bin	label	ffff8fd8	Control_ActivityTimerEnable	6F34C Booleanmode/threshold/status/9125admission;6F422 consumesfreshsamecallvalue. Missingstatussender/provenance/physicalunits remainopen.
LFFEEE-stock.bin	label	ffff915c	Control_IndependentActivityHold	74ED2 usesprior735A andupdatedcounter9158;activecount1/2assert,3clears.74D62 consumesfreshsamecallvalue;noelapsedtimeclaim.
LFFEEE-stock.bin	label	ffff9125	Control_ActivityCalibrationEnable	744C6 publishes1 iffROM E0CCDzero;stock0->1.6F34C requires exact1. Localcalibrationflag,notexternalinput; startupandperiodiccallerreturns verified. No fullboot/cadence claim.
LFFEEE-stock.bin	function	28dfc	CPU_RunInstructionSelfTest	Originalbodyreturns55555555 in8wholeRAM fixtures andinitializerprefixPR28CA4. Testsinteger/FPU operations includingdeliberate0/0,unorderedcomparisons,stickyFPSCR40. Writes6418/641C=41CCCCCA. BoundedlocalFPUmodel;notphysicalCPU/fullboot proof. control-initialize-fpu.txt.
LFFEEE-stock.bin	function	80d4	Timer10_ConfigureEventCompare	256stock wholeRAM cases:ROM DC3A9=0 uses(ROM1115D+2*byte4119)&7F ->OCR10B F6D8 thenTCNT10B F6C4=0,shadow414B. Strictbyte noAGCK fixture;notclock/pinproof. control-initialize-timer.txt.
LFFEEE-stock.bin	function	6f29c	Control_InitializeActivityTimer	64wholeRAMcases:stock8FD4=640(sum E0862/64/66),8FD6/7=E0860=40,thenfalls through6F2C8thresholdflags. ActualinitializerPR1712C verified. Doesnotreset9158/915E/915C.
LFFEEE-stock.bin	function	1619a	Application_InitializeSubsystems	Originalbodyreturnsafter507directcallees underexplicitperipheral/FPSCR fixtures. Twoadditionalzero/seededruns and10subsequent event2returns pass12activityfullRAMboundaries. Leavesseeded9158/915E/915C untouched;earlierRAMsetup required. Notfullreset/physicalboot proof. control-initialize-timer.txt.
LFFEEE-stock.bin	function	100d8	Runtime_ClearVolatileRamWithDma	8wholeRAM fixtures:originalcode writeszeroFFFF4000 thenDMA0 fixedsource/incrementdest 8168longwords throughFFFFBF9F;pollsTE thenclearsDE/TE. Mode1F0129,noIE. Withheldservice waits. ExplicitboundedDMAmodel,notphysicalreset/timing. SubsequentCA94/1619A/10events pass. control-initialize-dma.txt.
LFFEEE-stock.bin	function	e7b6	Hardware_WriteSystemControl2	1024originalcases:write3C-keyed lowbyteR4 toSYSCR2 F70A thenfourNOPs. Localmodelpreservesone-wayFPUstop;physicalclock/reset/UBC/AUDnotmodeled. control-initialize-syscr.txt.
LFFEEE-stock.bin	function	f52c	Runtime_ClassifyHudiStatus	64originalSH7058-samplecases:return0 forSDSRhighbyte0B. SavesSYSCR2,clearsH-UDI-stop bit2,readswordF7C2,restoresSYSCR2. NoapplicationRAMwrites;CMPleavesT1. Otherclassbranchesstaticonly;notphysicalchipidentity.
LFFEEE-stock.bin	function	10022	Runtime_TestAndClearRam	Three seededwholeRAM normal-memorycases:0000..3FFFpreserved,4000..BF9Fcleared via100D8DMA;51C1=0;guardBFA0..BFA3retained. Originalbackup/stackrelocation/restore executes;nonvolatileGPR/GBR/SP preserved. No RAMfault/fullreset/physicalproof. control-initialize-syscr.txt.
LFFEEE-stock.bin	function	6cfd8	Control_ReportRawInputQualification	Executed9984wholeRAM cases:8EFF exact1 emits groups1F/20 mode2;else8EFB/8EFC exact1 emits corresponding mode1. Original report/cache callees execute. Cache-only admission scope; physical roles and stored-DTC lifecycle unproved.
LFFEEE-stock.bin	function	e26c	Acquisition_RunTaskThenYield	Executed20 explicit task7/priority3 queuedcycles after38C4 initialization:391A->3B8A/3D10/RTE->E26C->3CB8 consumption->3D0C idle.4CE2->6718 and215B4/17D88->1DF32 execute. ADC1 copies/scales atcycle1;ADC28 copiesat16 butfull3976C decoderabsent. Low-level requests, notphysical cadence/produceradmission. Earlierdirectcall failures retained; control-task-dispatch.txt.
LFFEEE-stock.bin	function	3d10	Scheduler_InstallSelectedTask	64newtaskcases plus512originalsavedstate12dispatches PASS:wholeRAM/hook/temporarycallerstack/allrestoredregisters. 36F0/E7D4/38B4 publishes45CC;423C+12-stocktype4 selects3EB4/3F00. Actualtask4->task7->task4 preemption600outercycles PASS; explicitarrival/frame. control-preemption.txt.
LFFEEE-stock.bin	function	3f34	Scheduler_EnterTaskFromStackFrame	Executed prefix constructs new task frame bySP=R5,pushSR0,pushentryR4,RTE3F3C/NOP. LocalboundedRTE checked456cases/7rejections againstSH2E manual7.2.48. No interrupt generation or physical timing simulation.
LFFEEE-stock.bin	function	39926	Acquisition_DecodeSlowBankInputs	Executed3072wholeRAM cases:4040>>6 to6C92,4042>>8 to6CAE,4046 to6C98. RTS delaywrite;SR/GPR8..15/GBR preserved. Sixactual1B132 returns1B136 checkedin120queued-acquisition/event2 pairs:ADC28recovery copied64,published/qualified65,mode2 reports1F/20. Explicitinterleave/serialsamples, notphysicalcadence. control-acquired-qualification.txt.
LFG1TF000.bin	function	1b438	HCAN_ReceiveInterrupt	OriginalISRprefix throughregisterrestore at1B7D4 beforeRTE.6144wholeapplicationRAM cases overlogical0/1/4/5/6/8/9, allmodebytes andDLCboundaries. FiniteHCANsamples; nooverrun/concurrency/physicalinterruptproof. See tcu-receive-recovery.txt.
LFG1TF000.bin	function	1c10e	CAN4EC_MarkReceiptAndDispatch	Logical1 dispatcher callback: ORFC/FF/03 into8F82..84 and8F88..8A, then1ADD0. Executednativefulltask beforelogical6/8; comparisoninitiallyold201. NotOEMsenderattribution; tcu-receive-admission.txt.
LFG1TF000.bin	function	1c20a	CAN215_MarkReceiptAndDispatch	Logical6 callback OR80/FF/03 into8F85..87 and8F8B..8D, then1ACF0. OriginalISRprefixmailbox8->native1BD10->thiscallback executesin352fulltasks andtwoCAN215expiry/recoverychains; tcu-receive-admission.txt.
LFG1TF000.bin	function	56b06	Diagnostic_UpdateAdmissionGates	Whole-application-RAM independent model1280 cases and16 actualtaskreturns PASS. Reset9415==1/oldA954==0 clears3 gates/states; originalphase0/4 calls. See tcu-qualified-receive.txt.
LFG1TF000.bin	function	56b78	Diagnostic_ComputeAdmissionConditions	UnsignedA518: A939 high>10200/low>9000; A938 also809E>400/A98Ebit0. A93A high>10500/low>10000 plusdependency. Mode8006 mustequal3. Rawunits unproved.
LFG1TF000.bin	function	56c3a	Diagnostic_UpdateAdmissionDeadline	State0 holds published until lowfalse; pendinghigh usesunsigned84D0>=deadline; state2/high startsnow+2000. Highfalse resetsstate2 butpreservespublished. Included56B06 wholeRAMoracle.
LFG1TF000.bin	function	56ce0	Diagnostic_InitializeTaskState	Original1267C tailinitializer executes;565F0 setsA9361,56AD8 clearsgates/states2. Individualinit execution isnotfullboot. See tcu-qualified-receive.txt.
LFG1TF000.bin	function	12682	Task_RunDiagnosticsForMode	Mode1 returns; modes3/5 tail57002/56F80. Three originalinitializedtraces verify exactentrysequence, first5diagnosticIRQs wait, sixthadmits, next2continue. No forcedmode3/fullboot/physicalIRQ. tcu-diagnostic-startup.txt.
LFG1TF000.bin	function	56f80	Diagnostic_RunTaskBody	Originalfullbody invokes producers then56658,57F50,570F6,57258,tail57B9C. Executesseparatelyfrom126EC in64pairfixture. Callingbodyalone doesnotsetA936/A939.
LFG1TF000.bin	u8	ffffa939	Diagnostic_CommunicationAdmission	Publishedby56B06/56C3A after2000clockticks andrawA518/mode3 conditions. Native64pairrun setsatcall24/tick2500 after9415reset. 9415!=0 stillblocks1A598 qualification.
LFG1TF000.bin	function	1c0ec	CAN4F1_MarkReceiptAndDispatch	Marks8F82/8F88 mask03; tail1AE0E->182A2 convertsbytes6/7. NativeISR logical0/mailbox2 minimumDLC8. Syntheticpayload only; see tcu-receive-recovery.txt.
LFG1TF000.bin	function	1c18a	CAN420_MarkReceiptAndDispatch	Marks8F84/8F8A mask80; tail1AD4E->17158. NativeISR logical4/mailbox6 minimumDLC1. See tcu-receive-recovery.txt.
LFG1TF000.bin	function	1c1e8	CAN240_MarkReceiptAndDispatch	Marks8F85/8F8B mask7F; tail1AD2E calls18074,17FA0,180F0,17F38,18008. NativeISR logical5/mailbox7 minimumDLC8. Syntheticpayload notphysicalhealth; tcu-receive-recovery.txt.
LFG1TF000.bin	function	1c286	CAN200_MarkReceiptAndDispatch	Marks8F87/8F8D mask40; tail1ACD2->176B0 copiesbyte6bit0 to88D0/sets88D1=2. NativeISR logical9/mailbox11 minimumDLC7. See tcu-receive-recovery.txt.
LFG1TF000.bin	function	56a4a	Diagnostic_CheckActiveRecoveryPermission	768group36 state/input cases verifyreturn andunchangedwholeRAM. Requiresactivebit80 and((state&6)==2 OR configbit0clear OR80A4==0). Nativehealthyreceiptsready116 but80A4nonzero retainsactive84. See tcu-receive-recovery.txt.
LFG1TF000.bin	function	16b44	Capture0B_Interrupt	Originalprefix through16B92 beforeRTE: TSR0bit1 admission, secondwordread ANDFFFD, ICR0B32-bit ->17A58.512 pairedA/B differentialRAM/register/MMIO cases plus6rejections; profilingindex6. HardwareRTE/cadence/wiring unproved; tcu-capture-interrupts.txt. Joined320 recovery pairs execute560 originalcaptureISRprefixes with differentialRAM/register/MMIO checks; exactpriortrace afteronlynewobservations andcallbackPR normalization. See tcu-capture-delivery.txt; no hardwareadmission/cadence proof. Nativeinitialized3traces now291CMT1/423captureA/870captureB prefixes PASS withactualenablegating; no postadmissionhistoryreset. tcu-native-capture-startup.txt retainsfixtures/correctedA-onlygatedefect.
LFG1TF000.bin	function	16d5c	CMT0_InitializeCompare	256 cases: wordF716=624, wordF710=old|1, exactorderedMMIO andunchangedRAM. Clockperiod unproved; tcu-cmt0-interrupt.txt.
LFG1TF000.bin	function	16d6c	CMT0_Interrupt	516 differentialRAM prefixes through16DB6 beforeRTE: F712bit80 admission, secondstatusread ANDFF7F,123C2 callback; profile12, register/MMIO checks. No hardwaredelivery/cadence proof; tcu-cmt0-interrupt.txt. Joined320pairs execute32000 prefixes; independent320 recordedclock/wheel boundaries PASS. Latecaptureloss280 setsreferenceholdbit; tcu-cmt0-delivery.txt andtcu-clock-hold.txt.
LFG1TF000.bin	function	123c2	CMT0_AdmitTickAndTimerService	OnadmittedCMT0 status, promotes800A1->3, preservesothermodes, tails128B6. Onlyinitial1/3 executetick/elapsed/mixedtimer.516 ISRprefix differentialRAM andindependentmode/counter checks; tcu-cmt0-interrupt.txt.
LFG1TF000.bin	function	11a64	Timer_ServiceCMT0MixedWheel	Mixedincrement/decrement rangebanks and3-tierphasewheel, NOTonlycountdown. Independent8000 wholeRAM cases coverall1000 validphase triples/eightboundarypatterns; bankcounts8000/1600/800/80/8. Stock5C170/198/1C0 and76D24..76DC3 asserted. JoinedCMT0prefix320/32000events plus320 independenttimerstate replays PASS; tcu-cmt0-delivery.txt. Hardwarecadence unproved.
LFG1TF000.bin	function	123b0	CMT0_InitializeTickAndTimerService	256 independentwholeRAM initcases: reset84D0 and84D4/5/6, set800A1, then16D5C compare/startMMIO.91AC preserved. Originalinitializer availablefornativeclockjoin; tcu-cmt0-interrupt.txt.
LFG1TF000.bin	function	12374	CMT1_InitializePrimaryWheel	Original12880->11004 resets8494/8498/849C; sets8009=1 then16CE4compare/start.256wholeRAM/MMIO initcases; preserves84D0/91AC/90C8. FirstadmittedISR promotes3. tcu-cmt1-delivery.txt.
LFG1TF000.bin	function	14686	CMT_StopBothChannels	OriginalwordF710=0.96component/32caller15608..15614 cases verifyorderedMMIO/unchangedRAM. tcu-cmt-configuration.txt; fullboot admission notproved.
LFG1TF000.bin	function	1469a	CMT_ClearBothCounters	OriginalwordF714=0,F71A=0. Actual1560Ccall betweenstop/configure executed; exactRAM/MMIO. No hardwarecounteroperation claim; tcu-cmt-configuration.txt.
LFG1TF000.bin	function	1468e	CMT_ConfigureBothChannels	OriginalwordF712=41,F718=41 at15610call. CompatibleSH7055S CMIE=1/CKS=1=Pphi/32 bothchannels. Compare624/1279 impliesconditional256:125 eventrate, notfixture100:8; noabsoluteclock/physicalchip/startphase/taskcadence proof.96component/32caller/32startchain cases PASS; tcu-cmt-configuration.txt.
LFG1TF000.bin	label	10400	Startup_VerifiedVectorAndMaskPrefix	Original10400..10416:PRpush,mask15,VBR10000,GBRFFFF8000.256validSRcases PASS;512 isolatedlocalLDCGBR/VBR cases. Fullboot/unmasking notexecuted. tcu-interrupt-setup.txt.
LFG1TF000.bin	function	143dc	INTC_InitializePriorities	64completeleaf/64actual15574..1558C caller cases verify12orderedwordwrites andwholeapplicationRAM. ED12=0980 viaED0C+6; compatibleSH7055S CMT0priority9/CMT1priority8. Hardwareacceptance/nesting unproved. tcu-interrupt-setup.txt.
LFG1TF000.bin	label	15574	Startup_VerifiedPriorityCallerPrefix	Executed15574..1558C prologue/clear868C-D/143DC call.64cases withindependentRAM/MMIO. Remainingstartup notexecutedhere; tcu-interrupt-setup.txt.
LFFEEE-stock.bin	function	215c6	Control_RequestEvent2Wrapper	Originaltail1826E executed in1536nonempty/full and192empty admissions and120retainedqueuedcycles. NativecallerE5FC viaE618 remainsstaticcadencelead. control-queued-event2.txt.
LFFEEE-stock.bin	function	1826e	Control_ProduceEvent2	Reads535C/tests butunconditionallytails2BC8C withR4=2. Originalwrapperchain wholeRAM/admission and120queuedcycles PASS; no535Cgateclaim. control-queued-event2.txt.
LFFEEE-stock.bin	function	2bc8c	Control_EnqueueLimitedEvent	Event2 pending652D<10 increments beforeDAE8bank0/index4; >=10rejects.1536cases+192emptyqueuecases PASS. Pendingincrements evenwhenqueuefull. Event1/otherpaths staticnotnewlyverified. control-queued-event2.txt.
LFFEEE-stock.bin	function	f5a0	Control_EnqueueCallbackRecord	Queue3 tested:descriptor11374 base49C4/taskindex4/capacity100,45D9tail/45DBcount,20bytefivewordrecord.1536nonempty/full+192empty admissions PASS; emptycalls35E0->391A. Unused3argumentwords copied fromcallerstack. Queue2 additional1488wholeRAM producer cases PASS;48empty/48full; task3priority2. Inlinepreemptionnotproved; control-timer-event2.txt. control-queued-event2.txt.
LFFEEE-stock.bin	function	f6a0	Control_DequeueCallbackRecord	Queue3 count0..100/head0or99/SR0,70,F0:606wholeRAM cases PASS. Copiesfivewords tocallerR5, decrements45DB/advances45DAmod100, emptyreturns3.140actualconsumerreturns checked in120eventcycles;298 in600timerdrains. Additionalqueue2:186isolatedwholeRAMcases and2actualDC50returns in10tickprefix PASS; control-timer-event2.txt. control-queued-event2.txt.
LFFEEE-stock.bin	function	35e0	Control_ActivateTaskFromDescriptor	Taskindex4 descriptor4110:availability11CB2->1,priority4112=1,391A selects4.192emptyqueue wholeRAM admissions atnonzeroSRmasks PASS. Inlinecontextswitch pathnotcovered. Word4queuefield istaskindexnotpriority. control-queued-event2.txt.
LFFEEE-stock.bin	function	3f40	Control_InitializeTaskAvailability	128wholeRAM cases PASS:19stockdescriptors,allmodemasks1;mode0writesbyte0=0/byte2=FF/byte3=ROMdefault; modes1..3preserve. Task4availability2. Suppliedmode,notfull3DD8bootproof. control-queued-event2.txt.
LFFEEE-stock.bin	function	dc80	Control_DispatchQueue3Task	Originaltask4 invokedthrough3B8A/RTE;F6A0copies45B8 thenDCBAinvokestarget,args45BC,returnDCBE.120actualevent2 plus19callbacks959F2/1callback95AFC;140consumerwholeRAM checks,ringwrap. Monitoredfields exactpriordirectevent2. ExplicitstackFFFED000/maskF0/1:1acquisitioninterleave. control-queued-event2.txt.
LFFEEE-stock.bin	function	f28c	Control_Cmt1TimerCallback	3584cases PASS:readF718word/clearbit80 then1062E unconditionally, including suppliedstatuswithout80. NotIRQadmissiongate/hardwarevectorproof. Full600originaltimer/schedulerdrains PASS; control-timer-event2.txt.
LFFEEE-stock.bin	function	1062e	Control_ScheduleTimerTasks	3584selection/countercases PASS:FA68/task7eachcall;51E0word++ oddbinarywheel11414 firstsetbit;51E2byte++mod256 >=5 resets0/tailsFBE8.6899callbacks/1526upstreamrequests. Allcalleesexecute, noallnestedRAMoracle. Full600nativequeued150event1/120event2,298actualqueue3consumerRAMchecks; physicaltimingunproved. control-timer-event2.txt.
LFFEEE-stock.bin	function	fbe8	Control_RequestPeriodicEventTask	DAE8bank1/index10 row11344 selector2/zeroargs/targetE5FC ->queue2/task3/DC2C. Originaltimer calls everyfifth1062E invocation; 600drainsPASS,120event2requests.1488queue2producerwholeRAMcases include48emptyadmissions/48fullrejections; task3priority2. Fourunusedstackwords copied, R4argumentnotcopied. control-timer-event2.txt.
LFFEEE-stock.bin	function	e5fc	Control_RunPeriodicEventProducer	Originaltask3queuecallback callsCADE/B31C/D3FC/D770 then215C6->event2queue3/task4, tailsD02E. Full600timerdrainsPASS withboundedSCI4/peripheralfixtures; all120monitoredtractionfields exactpriortrace. No serialpeer/controllerproof orallnestedbodyoracle. control-timer-event2.txt.
LFFEEE-stock.bin	function	7d0c	Control_EnableCaptureCompare10B	960wholeRAM cases PASS:if414C0, TSR10F6E8 read/write0B/read,80D4compare/counterconfig, E744ORmask4intoTIER10F6EA,414C1. Nonzero414Cpreserves.544Timer10latchcases/5rejects. Mask4CME10B, notbitindex4/IREG. Noevents/physicalinterrupts. control-timer-event2.txt.
LFFEEE-stock.bin	function	bc00	Control_ExchangeSerial4Word	240wholeRAM cases PASS: SCI4F020..26 twoTX/twoexplicitRX bytes, signextended16bitreturn;25orderedSCI+8PFDR/PLIRaccesses, savedregisters/SR, unchangedapplicationRAM. ConstantSSR C0 fixture; SMR80/BRR2/SDCRFA, PLIRF75Cbit9 andPFDRbit11 toggled. No externalpeer/timing/pinsproof. control-timer-event2.txt.
LFFEEE-stock.bin	function	105fc	Control_InitializeCmt1	256originalcases PASS:stopboth F710=0,readF718,writeC0,compareF71C=2499,counterF71A=0,startF710=2. CompatibleSH7058 CKS0=Pphi/8 ->20000phi/tick,100000phi/event2request. No absoluteclock/resetreachability/hardwareIRQproof. control-timer-event2.txt.
LFFEEE-stock.bin	function	1061a	Control_ReenableCmt1	256originalcases PASS: F710=2,F718=C0,F71C=2499 withoutcounterreset. BackgroundE030/E048 staticcaller; noCMFsideeffect orhardwareadmissionmodel. control-timer-event2.txt.
LFFEEE-stock.bin	function	dc2c	Control_DispatchQueue2Task	Originaltask3priority2 invokedthrough3B8A/RTE. F6A0selector2 copiesfivewords45A4..45B4; returnsDC50 thenDC66callsE5FC. TwoactualconsumerwholeRAM returns in10tickprefix PASS, exactpreviousrecord. Full600earlierdrains120upstreamrequests; onlyqueue3RAMoracle inthatfullrecord. control-timer-event2.txt.
LFFEEE-stock.bin	function	2f78	Control_Cmt1InterruptWrapper	576originalentry cases PASS, completeRAM/23stackwords andGPR/FPUstate. PushR0/PR/R1,3290save,nativeF28C withPR32D8. Retained10idleIRQcycles matchpriordirectrows afteronlyentryR4/PR accounting. VBRFFC50+300 points here; physicaladmission unproved. control-interrupt-timer.txt.
LFFEEE-stock.bin	function	3290	Scheduler_SaveInterruptContext	Originalentry576cases PASS:saveR2..R7/FR0..11/FPSCR/FPUL,context12B8++mod32 under12C0 mask,restoreincomingSR,R0=32D8.92bytes totalincludingwrapper beforeexplicit8bytehardwareframe. Notfullhardwareinterruptmodel. control-interrupt-timer.txt.
LFFEEE-stock.bin	label	32d8	Scheduler_RestoreInterruptContextAndSelect	576originalgatecases PASS:restorevolatileGPR/FPU,decrement12B8,gateonoldnest|savedmask andready/currentpriority.549direct333E/RTE,3nonidle334Cboundaries,24idle33F0handoffs. Nonidlecontextsave notexecuted; retainedidleIRQjoin proof inreport. control-interrupt-timer.txt.
LFFEEE-stock.bin	label	33f0	Scheduler_DispatchAfterIdleInterrupt	24originalprefixes to3D10 PASS:resetR15fromROM4078,nesting100,SRcontext12C0,R4context/R5selected12B6. Retained10IRQcycles runthispaththroughreal tasks, includingqueue2/3RAMoracles. Explicitexceptionframe/taskstack, nohardwareacceptance proof. control-interrupt-timer.txt.
LFFEEE-stock.bin	label	f758	Startup_VerifiedVectorAndFpscrPrefix	256originalF758..F760cases PASS:VBRFFC50,FPSCR40001, exactregister/wholeRAM preservation. CompatibleSH7058CMTI1vector192/offset300 ->FFF50=2F78. Fullresetreachability/physicalvectorfetch notproved. control-interrupt-timer.txt.
LFFEEE-stock.bin	function	aa4a	INTC_ConfigureApplicationPriorities	256originalAA4A/AA94cases PASS:13orderedwordwritesED00..ED18;IPRJED12=0999 givescompatibleCMTI1priority9,ED18ICR=00FF. WholeRAM/savedregisters/SR unchanged. NoICRpin/priorityarbitration/physicaladmission model. RetainedIRQfixtureSRF0 isexplicit. control-interrupt-timer.txt.
LFFEEE-stock.bin	function	3a38	Scheduler_AdmitMode	1024originalmodeprefixes:4acceptedlowbyte0/1020rejects. Accepted savesSR/PR/callerSP12D8,loadsROMidleSPFFFF11A8/maskB0,sets12B8=100,tails3DD8. 96localSTCSRcases/2rejects. control-scheduler-start.txt.
LFFEEE-stock.bin	function	3dd8	Scheduler_InitializeStockMode	128wholeapplicationRAMcases toDCF8 PASS:mode0 queues0/17,selects17priority4,context12BC=FFFF11A8/maskB0. OriginalRTEtoDCF8/SR0/nativeSP. No fullreset/hardwaretiming. control-scheduler-start.txt.
LFFEEE-stock.bin	function	dcf8	Startup_Task17	Original3DD8-selectedtask17 reaches105FC CMT1init/4ACC ADCinit/CA94. FiniteexternalADCstatus/results andstrictlatches; continuation stopsA46F6 unsupportedwordwriteFFFFEC62 after388indirectcalls. Not completeboot. control-scheduler-start.txt.
LFFEEE-stock.bin	function	4acc	Acquisition_InitializeAndPollAdcBanks	96originalcases PASS:finiteADFpollsamples at4B62/4B6C/4B76,32resultwords copied4008..4047 plusflags/controls. WholeapplicationRAM/exactMMIO/order/preservedregisters checked. Explicitreadiness/results,no conversionlatency/IRQ. control-scheduler-start.txt.
LFFEEE-stock.bin	label	dd56	Startup_ConfigureTimer459Ports	192originalprefixes to70E4/3invalidwrites PASS:18orderedaccesses TIOR4A/4B/5B,TCR9C,GR4A/C/D,GR5C/D,GR9E. Strictdocumentedwidths; TIORbits7/3areCCI notreserved. No counter/capture/pinphysicaleffects. control-scheduler-start.txt.
LFFEEE-stock.bin	label	334c	Scheduler_SavePreemptedTaskContext	512isolatedsave cases plusactualnonidlewholeRAMsave duringDCBAselector2 preemptionPASS. Saves156bytes/fullGPR/FPU/GBR/MAC/PR/frame,taskstate12,nest100,12BC=savedSP. Actualhigher-prioritytask7 executesandschedulerresumestask4; hardwareadmission/timing unproved. control-preemption.txt.
LFFEEE-stock.bin	label	3eb4	Scheduler_RestorePreemptedFpuContext	512directrestore and5123D10saved-task dispatchcases PASS. Actualtask4resumptionaftertask7 returnsDCBA withallregisters/PR/SR/SP exact. Full600outer+1extraIRQ drains120event2,all120monitoredfields exactprior. Explicitarrival/frame/syntheticstack,nohardwareproof. control-preemption.txt.
LFFEEE-stock.bin	label	a46f6	Startup_UnidentifiedEc62WriteBoundary	Retainedtask17trace stopswordwrite0 toFFFFEC62. A46F2..FE staticallyreadsback/storesBFCEmirror. No EC62 entry found inretainedSH7058manual; do notguessRAMER(EC26) orsilentlysupplylatch. control-scheduler-start.txt.
LFFEEE-stock.bin	label	dcba	EventQueue_PreemptionResumeBoundary	Actualselector2 callbackboundary:outercycle4 explicitCMTIRQ,originaltimerqueues7,334Csaves task4,3D10/E26C executes7,3F00resumesDCBA withallregisters exact. Full600outer/601timer/120event2 PASS; first4rows andall120event2monitoredfields exactprior. control-preemption.txt.
LFG1TF000.bin	function	16b24	Capture0B_InitializeRisingEdge	256originalwholeRAM/exact8MMIOcases PASS:TIOR0bit2set/bit3clear,TIER0bit1set,TSTR1bit0set. ICR0Bshares32bitTCNT0 withA. CompatiblePSCR1=1 givesPphi/2; oldonce/app timestampincrements inconsistentwith81920phiappperiod. No physicalsensor/IRQproof. tcu-capture-clock.txt.
LFG1TF000.bin	label	12324	Capture_InitializeBothChannelsSlice	256 originalcaller-slice cases plus2816 full122F4 readinesscases PASS. ADC-B3 admission resets histories/8450 thenbothcaptureenables/state2; CMT0age>=20->3. No nativeforegroundschedule/fullboot. tcu-capture-clock.txt/tcu-capture-readiness.txt.
LFG1TF000.bin	function	167e4	DiagnosticTimer_InitializeCompare	256 original startups PASS,18 exactMMIO each:stopTSTR1bit4,clearTSR3bit0,enableTIER3bit0,TIOR3Alow1,TCNT3zero,GR3A15625,start. ExistingPSCR1=1/TCR3=4 implies500000phi compareperiod. No physicalclock/fullboot. tcu-diagnostic-timer.txt.
LFG1TF000.bin	function	1218e	DiagnosticTask_AdmitAndRun	3072 isolatedgatecases plus24actualISRprefixes in3nativeinitializedtraces PASS. Mode1 requires84A0/84D8/8007 all3 before1267C thenmode3;mode3 with84A0=4 becomes5. No forcedmode3 innewstartup; diagnosticadmission3000000phi underexplicitpoll/epoch fixtures. tcu-diagnostic-startup.txt.
LFG1TF000.bin	function	1682c	DiagnosticTimer_Interrupt	20isolatedprefixes,52operationaltimelineIRQs and24nativeinitializedstartupIRQs PASS. TSR3bit0clear,GR3A+15625,1218E,profileindex9; wholeRAMdifferential/exactMMIO/registerchecks. Startupmode3 producedbyoriginalcode; conditional500000phi/epoch/latency remainfixtures. tcu-diagnostic-startup.txt/tcu-diagnostic-timeline.txt.
LFG1TF000.bin	function	11dd8	Startup_InitializeAdcBReadiness	256 wholeRAM cases PASS:84D8=1,84DAword0,84E0/84E4long0; otherRAM preserved. Originalinitializedchains reachstate3 through11DEE withoutforcingreadyflag. tcu-readiness-b.txt.
LFG1TF000.bin	function	11dee	Startup_UpdateAdcBReadiness	12544 independentwholeRAM cases PASS:descriptor5C57C/F812,completionF818,14128count,16FF6conversion->84DC/84DA. State1 high>5547 andstate2 high>9000 eachrequireunsigned100000timestampcounts beforeadvance; zeroisunsetmarker. Otherstates unchanged. F6C0/ADC explicit,no sensorunits/bootclaim. tcu-readiness-b.txt.
LFG1TF000.bin	u8	ffff84d8	Startup_AdcBReadinessState	Original11DD8 initializes1;11DEE advances1->2->3 underADC/timequalification. SixstepinitializedchainPASS, zeroepoch delaysqualification. Usedbyapplication/diagnostic/capture admission. Otherreadinessproducers/realcaller/physicaltiming remainopen. tcu-readiness-b.txt.
LFG1TF000.bin	function	112cc	Startup_InitializeAdcAReadiness	256 wholeRAM cases PASS:84A0=1,84A2word0,84A8/84AC/84B0long0; otherRAMpreserved. Originalinitialized low/recovery chain through112E6, no forcedreadyflags. tcu-readiness-a.txt.
LFG1TF000.bin	function	112e6	Startup_UpdateAdcAReadiness	24960 independentwholeRAM/MMIO cases PASS:5C578/F810 count,16EFE->84A4/84A2. States1/2 high>5525/>9000 qualify2/3;low<=3600 qualifies4. State3 low->4;state4 high>5525->2;unsigned100000timestampcounts. Original12stepchain1/2/3/4/2/3 PASS. No physicalunits/caller/fullboot. tcu-readiness-a.txt.
LFG1TF000.bin	u8	ffff84a0	Startup_AdcAReadinessState	112CC initializes1;112E6 qualifiedhigh/low/recovery transitions1->2->3->4->2->3 executed. Usedbyapplication/diagnosticadmission andmode3-to5 transition. Capture84EC/callerclock/fullboot remainopen. tcu-readiness-a.txt.
LFG1TF000.bin	function	122d8	Capture_InitializeReadiness	256 original wholeRAM cases PASS:84EC=1,8450=FF via empty128F4/16E6C. Retained ADC-B/CMT0 chain reaches3 without forcing readiness. tcu-capture-readiness.txt.
LFG1TF000.bin	function	122f4	Capture_UpdateReadiness	2816 isolatedcases plus93actual12712returnwholeRAM/MMIO checks in3nativecallertraces PASS. ADC-B3 admitsreset/captureenable/age0/state2;age>=20->3. SubsequentapplicationIRQadmitsmode3. Explicitforeground/timestamp/cadence,no fullboot. tcu-capture-readiness.txt/tcu-readiness-admission.txt.
LFG1TF000.bin	function	128f8	Capture_ResetBothMeasurementHistories	Original calls17A40,17990,20658,211C4 executed inside122F4; independent wholeRAM history oracle checks counters,18/24long histories,heads,invalid values. tcu-capture-readiness.txt.
LFG1TF000.bin	function	1168a	Startup_InitializeOperationalTasks	Static caller sequence11F38,1217C,123B0,12374,11F6C,1226C,11FA0,121F8,122D8 then12018. Called from mainforegroundmode1/2. Completecaller notexecuted. tcu-capture-readiness.txt.
LFG1TF000.bin	function	15544	Timestamp_StartCounter10	256 original exact2MMIO cases PASS:F401byte read thenold|80 write,unchangedRAM/callee registers/SR. CompatibleSH7055S STR10. PSCR4=1 conditionalPphi/2; resetwordwidth/sourceconflict remains. tcu-timestamp-configuration.txt.
LFG1TF000.bin	label	1465e	Timestamp_UndocumentedResetWordWrite	Original word0 toF6C2 then14662 word0 toF6C0 conflicts with retainedSH7055S manual requiringlongwordTCNT10A. Strictslice preserves rejection; no guessed reset behavior/epoch. Chiprevision unresolved. tcu-timestamp-configuration.txt.
LFG1TF000.bin	u8	ffff84ec	Capture_ReadinessState	122D8 initializes1;122F4 advances1->2 afterADC-B3/reset/enable,2->3 once8450>=20. Three retainednativecallertraces reach3 withoutforcedflags;1220A admitsmode3 onnextapplicationIRQ. No fullreset/physicaltiming. tcu-readiness-admission.txt.
LFG1TF000.bin	u8	ffff8450	Capture_ReadinessAge	122D8 initializesFF;122F4 successfulstate1 admission clears0. CMT0 wheelbank1 increments atoldphase0or5;state2 requires>=20. Phase0/polleachtick fixture ready96; not universalbootdelay. tcu-capture-readiness.txt.
LFG1TF000.bin	function	121f8	Task_InitializeApplicationAndTimer	Originalfull121F8 executes126AC,set8007=1,16A3C timer setup. Three retainedstartup traces reachmode3 withoutforcedreadiness; selectedstates/exact6MMIO assertions,notcompleteinitializerRAMmodel/fullboot. tcu-readiness-admission.txt.
LFG1TF000.bin	function	126ac	Task_InitializeApplicationState	Executed insideoriginal121F8:phase84F4=0,52994,185E4,19794(0),197A6,5327C(0),stage84F5=0. Three initializedadmission traces; coverage/selectedstatechecks,notfullindependentRAMoracle. tcu-readiness-admission.txt.
LFG1TF000.bin	label	11518	Startup_InitializeBothAdcReadinessSlice	Original11518..11524 calls112CC/11DD8; independentwholeRAM expectedinitialization checked in3retainedtraces. Doesnotexecuteearlierstartup/mainloop. tcu-readiness-admission.txt.
LFG1TF000.bin	label	11534	Startup_ServiceBothAdcReadinessSlice	168 original11534..11540 foregroundcalls:112E6then11DEE,finiteADC/status/timeinputs,independentwholeRAM/register/exactMMIOchecks. Selectedforegroundcadence andtimestamp epochremainfixtures. tcu-readiness-admission.txt.
LFG1TF000.bin	function	1217c	DiagnosticTask_InitializeModeAndTimer	Original1217C calls empty12678,writes8006=1,tail167E4. Three independentwholeRAM/exact18MMIO/registerchecks PASS beforeinitializedreadiness traces. Initializerordering/epoch remainfixture,notcomplete1168A/reset. tcu-diagnostic-startup.txt.
LFG1TF000.bin	function	1dff8	Application_InitializeOperationalGroups	Three fulloriginalcalls PASS; native62-callsegment1E08E..1E254 wholeRAM matches62explicitcalls fromsamestate. Fullnative vslegacyfixture differs209RAMbytes: preceding/followinginitializers matter. Differentialnotindependentsemanticoracle. tcu-native-group-initialization.txt.
LFG1TF000.bin	function	126da	Task_AdmitInitializedApplication	Originalcalls1DFF8 thensets84F5=1. Nativeadmission retainsfullgroupstate;62-callfixturealone differs209bytes. Joinednativecapturestartup3traces PASS; no forcedreadyflags/historyreset. tcu-native-group-initialization.txt/tcu-native-capture-startup.txt.
LFG1TF000.bin	function	11fa0	CANTask_InitializeModeAndTimer	Fulloriginalinitializer returnsunderboundedHCAN/timerfixtures:124F8/19EC4 then8003=1 and16650;8F6C0A producednatively. Whole11FA0coverage/selectedstatechecks,notcompleteindependentRAMoracle. Components256HCAN+256timer wholeRAM/MMIO PASS. tcu-hcan-startup.txt; nofullboot/hardwareproof.
LFG1TF000.bin	function	1ac70	CANPort_EnablePbcrhBits	OriginalwordreadPBCRHF732,OR00A0,wordwrite.256varied16-bit inputs exactwholeRAM/register/SR/MMIO PASS; existingstrictConfigurationRegisters. No electricalpinproof. tcu-native-capture-startup.txt.
LFG1TF000.bin	function	1aeaa	HCAN_ConfigureControllerAndMailboxes	256setup-index0 cases: independentwholeRAM/344HCAN+2PBCRHaccesses/fullconfiguration/registerchecks PASS. GSR8/0 externalresetstates. BCR803E,MBCRFF0F,MBIMR0070,IMRBCEE,MCR80; originalmailboxclear/setup. Commandwritesrecordedwithoutinventedsideeffects; tcu-hcan-startup.txt.
LFG1TF000.bin	function	16650	CANTimer_InitializeCompare	256wholeRAM/exact18MMIO/registercases PASS. F401bit6start,F480bit10clear,F482bit10enable,F4EBmode1,F4E0=0,F4E2=625. Executedinsidefull11FA0. Original1669A IRQ/gate verified; conditional20000Pphi period fromPSCR1=1/TCR5=4. No hardware timing proof. tcu-hcan-startup.txt; tcu-can-task-interrupt.txt.
LFG1TF000.bin	function	19ec4	CAN_InitializeSoftwareAndController	Executedinside11FA0/124F8:19AD0,1A056,1B060(0),1D4DA,1C912,1BB30,then1BBEA/1BBB0 establish8F6C0A. Fullcallercoverage,notindependentwholeRAMsemanticmodel. HCAN1AEAA component has256wholeRAM/MMIO cases. tcu-hcan-startup.txt.
LFG1TF000.bin	function	11fb2	CANTask_AdmitAndDispatch	3072 wholeRAM gate cases:mode1 becomes3 when84A0/84D8 each2or3; mode3 with84A0=4 becomes5. 20 complete1669A prefixes and600 native timeline IRQs PASS. CAN admitted220000/260000/280000phi before application readiness in explicit fixtures. tcu-can-task-interrupt.txt; no physical/fullboot proof. Extended native320 executes1310CANIRQs/960receipts, all1184oldprefix rows exact. Recovery868C0 due omittedfull15574, no healthy-recovery claim. tcu-native-can-lifecycle.txt.
LFG1TF000.bin	function	1669a	CANTimer_Interrupt	Original prefix to166FA preRTE:profileindex8/table5F620=16, clearF480bit10, F4E2+=625, call11FB2. 20 component prefixes wholeRAM/MMIO/register PASS;600 native timeline interrupts with432 admitted frames. External timing/GSR/mailbox samples; TXPR commands only, no bus delivery. tcu-can-task-interrupt.txt.
LFG1TF000.bin	label	1570c	Startup_EnableRecoveryFlagsTail	256 independent wholeRAM slices1570C..15716 verify868C/D become1 only. Static tail of15574; complete15574 probe stops14428 wordwriteED18 before tail. Native-task fixture omits full initializer, so recovery868C remains0. tcu-hardware-startup.txt; not complete boot.
LFG1TF000.bin	u8	ffff868c	Startup_CommunicationRecoveryEnable	15574 clears then final15710 sets1. 256 isolated tail RAM cases PASS; complete initializer not reached tail (ED18 stop). Gates19DC0 receive-record recovery. Do not force1 into native-task fixture to claim initialized recovery. tcu-hardware-startup.txt.
LFG1TF000.bin	u8	ffff868d	Startup_SecondCompletionFlag	1558A clears,15714 sets1 at15574 tail. 256 isolated wholeRAM cases PASS; broader consumer meaning unproved. Full15574 probe stopsED18 before tail. tcu-hardware-startup.txt.
LFG1TF000.bin	function	14422	Startup_ConfigureInterruptSense	1024 original wholeRAM/register cases:RTSdelay-slot14428 writes00FF toICR ED18. 2048 ownercases preserve externally sampledNMILbit15; controls8..0 writable/reserved14..9 reject. No IRQ/NMI arrival. tcu-icr-startup.txt.
LFG1TF000.bin	function	1442a	Startup_ClearUnassertedIRQStatus	64 original wholeRAM/register cases:RTSdelay-slot14430 writes0 toISR ED1A. Explicit constantzero status/no pending flags or pin assertions; not general read-one/write-zero withdrawal. Full15574 then stopsUBARH EC00. tcu-icr-startup.txt.
LFG1TF000.bin	function	14432	Startup_ClearUserBreakAddress	128 original wholeRAM/register/MMIO cases clear UBARH/L EC00/02. Bounded configuration only; no break matching/interrupts. tcu-basic-hardware-startup.txt.
LFG1TF000.bin	function	1443e	Startup_ClearUserBreakMask	128 original wholeRAM/register/MMIO cases clear UBAMRH/L EC04/06. All mask bits writable; no break matching. tcu-basic-hardware-startup.txt.
LFG1TF000.bin	function	1444a	Startup_ClearUserBreakCycleConditions	128 original wholeRAM/register/MMIO cases clear UBBR EC08. Zero cycle conditions prevent userbreak matching; UBCR0 itself enables requests. tcu-basic-hardware-startup.txt.
LFG1TF000.bin	function	14452	Startup_ConfigureUserBreakAndBus	128 prefix cases through14458 clearUBCR EC0A;256 fullfunction cases also write BCR1EC20=000F/BCR2EC22=0007. WholeRAM/register/MMIO checks; no externalbus cycles. tcu-basic-hardware-startup.txt.
LFG1TF000.bin	function	14466	Startup_ConfigureBusWaits	256 original wholeRAM/register/MMIO cases writeWCR EC24=3333 fromexplicitinitial0/7777/FFFF/3333. Manualtable176 vssection184 resetconflict retained; no guessed reset/bustiming. tcu-basic-hardware-startup.txt.
LFG1TF000.bin	function	14476	Startup_DisableDMAOperation	64 original wholeRAM/register cases writeDMAOR ECB0=0; unread AE/NMIF flags remain.32 read-one/write-zero sequences PASS. NoDMA transfers; full15574 now stops14602 bytewriteF424=0. tcu-basic-hardware-startup.txt.
LFG1TF000.bin	function	145FE	Startup_DisableIntervalRequests	256 original wholeRAM/register/MMIO cases: bytezero ITVRR1 F424, ITVRR2A F426, ITVRR2B F428. Compatible SH7055S section11.2.7: disables interval IRQ and ADC triggers; no counter-edge or physical admission proof.768 latch roundtrips/16 rejects PASS. Full15574 next stops14978 wordF666=0; recovery868C/D still0. tcu-interval-startup.txt.
LFG1TF000.bin	function	14972	Startup_DSTRZeroCommand	256 originalwholeRAM/register cases: word0 F666 preserves sampled DSTR bits under compatible only1-writable semantics.65536 zero-write states PASS; nonzero starts rejected without DCNT/reload. No counter/terminate events. tcu-downcount-startup.txt.
LFG1TF000.bin	function	1460E	Startup_DisableDowncountConnections	256 originalwholeRAM/register cases: TCNR F662 word0 disables compare-match start connections under compatible section11.2.12. Shared strict configuration owner. Full15574 next stops1461A wordF430, conflicting with documented TCNT0 long-only width; no forcedflags. tcu-downcount-startup.txt.
